{
  "basicInfo": {
    "name": "Alpha Restaurant",
    "cuisine_string": "North Indian, Chinese, Fast Food, Desserts",
    "canonicalUrl": "https://www.zomato.com/surat/alpha-restaurant-athwa/order"
  },
  "ratings": {
    "DINING": {
      "rating_type": "DINING",
      "rating": "4.3",
      "reviewCount": "288",
      "reviewTextSmall": "288 Reviews",
      "subtext": "288 Dining Reviews",
      "color": "#1C1C1C",
      "ratingV2": "4.3",
      "subtitle": "DINING",
      "sideSubTitle": "Dining Ratings",
      "bgColorV2": {
        "type": "green",
        "tint": "700"
      },
      "newOnDining": false
    },
    "DELIVERY": {
      "rating_type": "DELIVERY",
      "rating": "4.2",
      "reviewCount": "7,970",
      "reviewTextSmall": "7,970 Reviews",
      "subtext": "7,970 Delivery Reviews",
      "color": "#E23744",
      "ratingV2": "4.2",
      "subtitle": "DELIVERY",
      "sideSubTitle": "Delivery Ratings",
      "bgColorV2": {
        "type": "green",
        "tint": "700"
      },
      "newOnDelivery": false
    }
  },
  "establishment": {
    "city_id": 38,
    "city_name": "Surat",
    "country_id": 1,
    "country_name": "India",
    "zipcode": "",
    "is_dark_kitchen": false,
    "locality_verbose": "Athwa, Surat",
    "latitude": "21.1717160770",
    "longitude": "72.8162851185",
    "static_map_url": "https://maps.zomato.com/php/staticmap?center=21.1717160770,72.8162851185&maptype=zomato&markers=21.1717160770,72.8162851185,pin_res32&sensor=false&scale=2&zoom=16&language=en&size=240x150&size=400x240",
    "address": "Shivshakti Shopping Center, Near Olympia Mall, Athwa, Surat",
    "is_phone_available": 1,
    "phoneDetails": {
      "title": "Phone Numbers",
      "phoneStr": "+917226977440, +919824123121"
    },
    "res_chain_text": "",
    "res_group_text": "",
    "res_chain_url": "",
    "res_group_url": "",
    "show_res_map": true
  },
  "items": [
    {
      "name": "Aloo Mutter",
      "description": "",
      "media": null,
      "price": 175,
      "menuName": "Main Course",
      "categoryName": "Khana Khazana",
      "slugs": [
        "veg",
        "home-style-meal",
        "services",
        "delivery-enabled",
        "delivery-enabled",
        "veg",
        "home-style-meal",
        "services",
        "veg"
      ]
    },
    {
      "name": "Aloo Palak",
      "description": "",
      "media": null,
      "price": 175,
      "menuName": "Main Course",
      "categoryName": "Khana Khazana",
      "slugs": [
        "veg",
        "home-style-meal",
        "services",
        "delivery-enabled",
        "delivery-enabled",
        "veg",
        "home-style-meal",
        "services",
        "veg"
      ]
    },
    {
      "name": "Aloo Suki Bhaji",
      "description": "",
      "media": null,
      "price": 180,
      "menuName": "Main Course",
      "categoryName": "Khana Khazana",
      "slugs": [
        "veg",
        "home-style-meal",
        "services",
        "delivery-enabled",
        "delivery-enabled",
        "veg",
        "home-style-meal",
        "services",
        "veg"
      ]
    },
    {
      "name": "Baby Corn Masala",
      "description": "",
      "media": null,
      "price": 240,
      "menuName": "Main Course",
      "categoryName": "Khana Khazana",
      "slugs": [
        "veg",
        "services",
        "delivery-enabled",
        "delivery-enabled",
        "veg",
        "services",
        "veg"
      ]
    },
    {
      "name": "Chana Masala",
      "description": "",
      "media": null,
      "price": 180,
      "menuName": "Main Course",
      "categoryName": "Khana Khazana",
      "slugs": [
        "veg",
        "services",
        "delivery-enabled",
        "delivery-enabled",
        "veg",
        "services",
        "veg"
      ]
    },
    {
      "name": "Cheese Angoori (Sweet).",
      "description": "",
      "media": null,
      "price": 220,
      "menuName": "Main Course",
      "categoryName": "Khana Khazana",
      "slugs": [
        "veg",
        "services",
        "sf-not-vegan",
        "delivery-enabled",
        "delivery-enabled",
        "veg",
        "services",
        "sf-not-vegan",
        "veg"
      ]
    },
    {
      "name": "Cheese Kofta",
      "description": "",
      "media": null,
      "price": 205,
      "menuName": "Main Course",
      "categoryName": "Khana Khazana",
      "slugs": [
        "veg",
        "services",
        "sf-not-vegan",
        "delivery-enabled",
        "delivery-enabled",
        "veg",
        "services",
        "sf-not-vegan",
        "veg"
      ]
    },
    {
      "name": "Corn Palak",
      "description": "",
      "media": null,
      "price": 190,
      "menuName": "Main Course",
      "categoryName": "Khana Khazana",
      "slugs": [
        "veg",
        "services",
        "delivery-enabled",
        "delivery-enabled",
        "veg",
        "services",
        "veg"
      ]
    },
    {
      "name": "Dum Aloo",
      "description": "",
      "media": null,
      "price": 185,
      "menuName": "Main Course",
      "categoryName": "Khana Khazana",
      "slugs": [
        "veg",
        "home-style-meal",
        "services",
        "delivery-enabled",
        "delivery-enabled",
        "veg",
        "home-style-meal",
        "services",
        "veg"
      ]
    },
    {
      "name": "Kadai Kofta",
      "description": "",
      "media": null,
      "price": 205,
      "menuName": "Main Course",
      "categoryName": "Khana Khazana",
      "slugs": [
        "veg",
        "services",
        "delivery-enabled",
        "delivery-enabled",
        "veg",
        "services",
        "veg"
      ]
    },
    {
      "name": "Kaju Curry",
      "description": "",
      "media": "https://b.zmtcdn.com/data/dish_photos/4b3/a343ec6760642b3684f7cda1142334b3.jpeg",
      "price": 270,
      "menuName": "Main Course",
      "categoryName": "Khana Khazana",
      "slugs": [
        "veg",
        "restaurant-recommended",
        "services",
        "delivery-enabled",
        "delivery-enabled",
        "veg",
        "restaurant-recommended",
        "services",
        "veg"
      ]
    },
    {
      "name": "Kaju Khoya (Sweet)",
      "description": "",
      "media": null,
      "price": 270,
      "menuName": "Main Course",
      "categoryName": "Khana Khazana",
      "slugs": [
        "veg",
        "services",
        "sf-not-vegan",
        "delivery-enabled",
        "delivery-enabled",
        "veg",
        "services",
        "sf-not-vegan",
        "veg"
      ]
    },
    {
      "name": "Kaju Kofta",
      "description": "",
      "media": null,
      "price": 210,
      "menuName": "Main Course",
      "categoryName": "Khana Khazana",
      "slugs": [
        "veg",
        "services",
        "delivery-enabled",
        "delivery-enabled",
        "veg",
        "services",
        "veg"
      ]
    },
    {
      "name": "Kaju Mushroom",
      "description": "",
      "media": null,
      "price": 220,
      "menuName": "Main Course",
      "categoryName": "Khana Khazana",
      "slugs": [
        "veg",
        "services",
        "delivery-enabled",
        "delivery-enabled",
        "veg",
        "services",
        "veg"
      ]
    },
    {
      "name": "Mix Vegetable",
      "description": "",
      "media": null,
      "price": 180,
      "menuName": "Main Course",
      "categoryName": "Khana Khazana",
      "slugs": [
        "veg",
        "services",
        "delivery-enabled",
        "delivery-enabled",
        "veg",
        "services",
        "veg"
      ]
    },
    {
      "name": "Mushroom Masala",
      "description": "",
      "media": null,
      "price": 240,
      "menuName": "Main Course",
      "categoryName": "Khana Khazana",
      "slugs": [
        "veg",
        "services",
        "delivery-enabled",
        "delivery-enabled",
        "veg",
        "services",
        "veg"
      ]
    },
    {
      "name": "Mushroom Muttar Masala",
      "description": "",
      "media": null,
      "price": 240,
      "menuName": "Main Course",
      "categoryName": "Khana Khazana",
      "slugs": [
        "veg",
        "services",
        "delivery-enabled",
        "delivery-enabled",
        "veg",
        "services",
        "veg"
      ]
    },
    {
      "name": "Navratna Korma",
      "description": "",
      "media": null,
      "price": 200,
      "menuName": "Main Course",
      "categoryName": "Khana Khazana",
      "slugs": [
        "veg",
        "services",
        "delivery-enabled",
        "delivery-enabled",
        "veg",
        "services",
        "veg"
      ]
    },
    {
      "name": "Paneer Kofta",
      "description": "",
      "media": null,
      "price": 205,
      "menuName": "Main Course",
      "categoryName": "Khana Khazana",
      "slugs": [
        "veg",
        "services",
        "sf-not-vegan",
        "delivery-enabled",
        "delivery-enabled",
        "veg",
        "services",
        "sf-not-vegan",
        "veg"
      ]
    },
    {
      "name": "Plain Palak",
      "description": "",
      "media": null,
      "price": 180,
      "menuName": "Main Course",
      "categoryName": "Khana Khazana",
      "slugs": [
        "veg",
        "services",
        "delivery-enabled",
        "delivery-enabled",
        "veg",
        "services",
        "veg"
      ]
    },
    {
      "name": "Veg Alpha",
      "description": "[Chef's Special]",
      "media": null,
      "price": 215,
      "menuName": "Main Course",
      "categoryName": "Khana Khazana",
      "slugs": [
        "veg",
        "services",
        "delivery-enabled",
        "delivery-enabled",
        "veg",
        "services",
        "veg"
      ]
    },
    {
      "name": "Veg Balti",
      "description": "",
      "media": null,
      "price": 240,
      "menuName": "Main Course",
      "categoryName": "Khana Khazana",
      "slugs": [
        "veg",
        "services",
        "delivery-enabled",
        "delivery-enabled",
        "veg",
        "services",
        "veg"
      ]
    },
    {
      "name": "Veg Deewani Handi",
      "description": "",
      "media": null,
      "price": 245,
      "menuName": "Main Course",
      "categoryName": "Khana Khazana",
      "slugs": [
        "veg",
        "services",
        "delivery-enabled",
        "delivery-enabled",
        "veg",
        "services",
        "veg"
      ]
    },
    {
      "name": "Veg Handi",
      "description": "",
      "media": null,
      "price": 210,
      "menuName": "Main Course",
      "categoryName": "Khana Khazana",
      "slugs": [
        "veg",
        "services",
        "delivery-enabled",
        "delivery-enabled",
        "veg",
        "services",
        "veg"
      ]
    },
    {
      "name": "Veg Hara Masala",
      "description": "",
      "media": null,
      "price": 220,
      "menuName": "Main Course",
      "categoryName": "Khana Khazana",
      "slugs": [
        "veg",
        "services",
        "delivery-enabled",
        "delivery-enabled",
        "veg",
        "services",
        "veg"
      ]
    },
    {
      "name": "Veg Haydrabadi",
      "description": "",
      "media": null,
      "price": 220,
      "menuName": "Main Course",
      "categoryName": "Khana Khazana",
      "slugs": [
        "veg",
        "services",
        "delivery-enabled",
        "delivery-enabled",
        "veg",
        "services",
        "veg"
      ]
    },
    {
      "name": "Veg Hungama.",
      "description": "",
      "media": null,
      "price": 210,
      "menuName": "Main Course",
      "categoryName": "Khana Khazana",
      "slugs": [
        "veg",
        "services",
        "delivery-enabled",
        "delivery-enabled",
        "veg",
        "services",
        "veg"
      ]
    },
    {
      "name": "Veg Jaipuri",
      "description": "",
      "media": "https://b.zmtcdn.com/data/dish_photos/04f/48f23fd74e65b23fc5e018b7546ce04f.jpeg",
      "price": 220,
      "menuName": "Main Course",
      "categoryName": "Khana Khazana",
      "slugs": [
        "veg",
        "restaurant-recommended",
        "services",
        "delivery-enabled",
        "delivery-enabled",
        "veg",
        "restaurant-recommended",
        "services",
        "veg"
      ]
    },
    {
      "name": "Veg Kadai.",
      "description": "",
      "media": null,
      "price": 210,
      "menuName": "Main Course",
      "categoryName": "Khana Khazana",
      "slugs": [
        "veg",
        "services",
        "delivery-enabled",
        "delivery-enabled",
        "veg",
        "services",
        "veg"
      ]
    },
    {
      "name": "Veg Kheema Masala",
      "description": "",
      "media": null,
      "price": 215,
      "menuName": "Main Course",
      "categoryName": "Khana Khazana",
      "slugs": [
        "veg",
        "services",
        "delivery-enabled",
        "delivery-enabled",
        "veg",
        "services",
        "veg"
      ]
    },
    {
      "name": "Veg Kofta",
      "description": "",
      "media": null,
      "price": 190,
      "menuName": "Main Course",
      "categoryName": "Khana Khazana",
      "slugs": [
        "veg",
        "services",
        "delivery-enabled",
        "delivery-enabled",
        "veg",
        "services",
        "veg"
      ]
    },
    {
      "name": "Veg Kolhapuri",
      "description": "",
      "media": null,
      "price": 220,
      "menuName": "Main Course",
      "categoryName": "Khana Khazana",
      "slugs": [
        "veg",
        "medium-spicy",
        "services",
        "sf-spicy",
        "delivery-enabled",
        "delivery-enabled",
        "veg",
        "medium-spicy",
        "services",
        "sf-spicy",
        "veg"
      ]
    },
    {
      "name": "Veg Makhnwala",
      "description": "",
      "media": null,
      "price": 200,
      "menuName": "Main Course",
      "categoryName": "Khana Khazana",
      "slugs": [
        "veg",
        "services",
        "delivery-enabled",
        "delivery-enabled",
        "veg",
        "services",
        "veg"
      ]
    },
    {
      "name": "Veg Patiyala",
      "description": "",
      "media": null,
      "price": 240,
      "menuName": "Main Course",
      "categoryName": "Khana Khazana",
      "slugs": [
        "veg",
        "services",
        "delivery-enabled",
        "delivery-enabled",
        "veg",
        "services",
        "veg"
      ]
    },
    {
      "name": "Veg Tawa Masala",
      "description": "",
      "media": null,
      "price": 210,
      "menuName": "Main Course",
      "categoryName": "Khana Khazana",
      "slugs": [
        "veg",
        "services",
        "delivery-enabled",
        "delivery-enabled",
        "veg",
        "services",
        "veg"
      ]
    },
    {
      "name": "Veg Toofani",
      "description": "",
      "media": "https://b.zmtcdn.com/data/dish_photos/d7e/db4109fa919839501bb497f32c486d7e.jpg",
      "price": 220,
      "menuName": "Main Course",
      "categoryName": "Khana Khazana",
      "slugs": [
        "veg",
        "services",
        "delivery-enabled",
        "delivery-enabled",
        "veg",
        "services",
        "veg"
      ]
    },
    {
      "name": "Cheese Butter Masala",
      "description": "",
      "media": null,
      "price": 265,
      "menuName": "Main Course",
      "categoryName": "Paneer Main Course",
      "slugs": [
        "veg",
        "services",
        "sf-not-vegan",
        "delivery-enabled",
        "delivery-enabled",
        "veg",
        "services",
        "sf-not-vegan",
        "veg"
      ]
    },
    {
      "name": "Lasunia Palak",
      "description": "",
      "media": null,
      "price": 220,
      "menuName": "Main Course",
      "categoryName": "Paneer Main Course",
      "slugs": [
        "veg",
        "services",
        "sf-not-vegan",
        "delivery-enabled",
        "delivery-enabled",
        "veg",
        "services",
        "sf-not-vegan",
        "veg"
      ]
    },
    {
      "name": "Paneer Balti",
      "description": "",
      "media": "https://b.zmtcdn.com/data/dish_photos/083/a51c7acae3ea3b825a0a8dd96b879083.jpeg",
      "price": 260,
      "menuName": "Main Course",
      "categoryName": "Paneer Main Course",
      "slugs": [
        "veg",
        "restaurant-recommended",
        "medium-spicy",
        "services",
        "sf-not-vegan",
        "delivery-enabled",
        "delivery-enabled",
        "veg",
        "restaurant-recommended",
        "medium-spicy",
        "services",
        "sf-not-vegan",
        "veg"
      ]
    },
    {
      "name": "Paneer Bhurji",
      "description": "",
      "media": null,
      "price": 260,
      "menuName": "Main Course",
      "categoryName": "Paneer Main Course",
      "slugs": [
        "veg",
        "services",
        "sf-not-vegan",
        "delivery-enabled",
        "delivery-enabled",
        "veg",
        "services",
        "sf-not-vegan",
        "veg"
      ]
    },
    {
      "name": "Paneer Butter Masala",
      "description": "",
      "media": "https://b.zmtcdn.com/data/dish_photos/519/15b69c4c7d9cf71d5f1e58fa68f8a519.jpg",
      "price": 230,
      "menuName": "Main Course",
      "categoryName": "Paneer Main Course",
      "slugs": [
        "veg",
        "services",
        "sf-not-vegan",
        "delivery-enabled",
        "delivery-enabled",
        "veg",
        "services",
        "sf-not-vegan",
        "veg"
      ]
    },
    {
      "name": "Paneer Chatpata",
      "description": "",
      "media": null,
      "price": 235,
      "menuName": "Main Course",
      "categoryName": "Paneer Main Course",
      "slugs": [
        "veg",
        "services",
        "sf-not-vegan",
        "delivery-enabled",
        "delivery-enabled",
        "veg",
        "services",
        "sf-not-vegan",
        "veg"
      ]
    },
    {
      "name": "Paneer Cheese Masala",
      "description": "",
      "media": null,
      "price": 260,
      "menuName": "Main Course",
      "categoryName": "Paneer Main Course",
      "slugs": [
        "veg",
        "services",
        "sf-not-vegan",
        "delivery-enabled",
        "delivery-enabled",
        "veg",
        "services",
        "sf-not-vegan",
        "veg"
      ]
    },
    {
      "name": "Paneer Handi Masala",
      "description": "",
      "media": null,
      "price": 250,
      "menuName": "Main Course",
      "categoryName": "Paneer Main Course",
      "slugs": [
        "veg",
        "services",
        "sf-not-vegan",
        "delivery-enabled",
        "delivery-enabled",
        "veg",
        "services",
        "sf-not-vegan",
        "veg"
      ]
    },
    {
      "name": "Paneer Hara Masala",
      "description": "",
      "media": null,
      "price": 240,
      "menuName": "Main Course",
      "categoryName": "Paneer Main Course",
      "slugs": [
        "veg",
        "services",
        "sf-not-vegan",
        "delivery-enabled",
        "delivery-enabled",
        "veg",
        "services",
        "sf-not-vegan",
        "veg"
      ]
    },
    {
      "name": "Paneer Hungama",
      "description": "",
      "media": null,
      "price": 235,
      "menuName": "Main Course",
      "categoryName": "Paneer Main Course",
      "slugs": [
        "veg",
        "services",
        "sf-not-vegan",
        "delivery-enabled",
        "delivery-enabled",
        "veg",
        "services",
        "sf-not-vegan",
        "veg"
      ]
    },
    {
      "name": "Paneer Kadai",
      "description": "",
      "media": "https://b.zmtcdn.com/data/dish_photos/bb3/f7b8fdfc5b77fa15149ebf547f742bb3.jpeg",
      "price": 250,
      "menuName": "Main Course",
      "categoryName": "Paneer Main Course",
      "slugs": [
        "veg",
        "restaurant-recommended",
        "services",
        "sf-not-vegan",
        "delivery-enabled",
        "delivery-enabled",
        "veg",
        "restaurant-recommended",
        "services",
        "sf-not-vegan",
        "veg"
      ]
    },
    {
      "name": "Paneer Kaju Masala",
      "description": "",
      "media": null,
      "price": 240,
      "menuName": "Main Course",
      "categoryName": "Paneer Main Course",
      "slugs": [
        "veg",
        "services",
        "sf-not-vegan",
        "delivery-enabled",
        "delivery-enabled",
        "veg",
        "services",
        "sf-not-vegan",
        "veg"
      ]
    },
    {
      "name": "Paneer Korma (Sweet)",
      "description": "",
      "media": null,
      "price": 235,
      "menuName": "Main Course",
      "categoryName": "Paneer Main Course",
      "slugs": [
        "veg",
        "services",
        "sf-not-vegan",
        "delivery-enabled",
        "delivery-enabled",
        "veg",
        "services",
        "sf-not-vegan",
        "veg"
      ]
    },
    {
      "name": "Paneer Lababdar (Sweet)",
      "description": "",
      "media": null,
      "price": 235,
      "menuName": "Main Course",
      "categoryName": "Paneer Main Course",
      "slugs": [
        "veg",
        "services",
        "sf-not-vegan",
        "delivery-enabled",
        "delivery-enabled",
        "veg",
        "services",
        "sf-not-vegan",
        "veg"
      ]
    },
    {
      "name": "Paneer Lasunia",
      "description": "",
      "media": null,
      "price": 240,
      "menuName": "Main Course",
      "categoryName": "Paneer Main Course",
      "slugs": [
        "veg",
        "services",
        "sf-not-vegan",
        "delivery-enabled",
        "delivery-enabled",
        "veg",
        "services",
        "sf-not-vegan",
        "veg"
      ]
    },
    {
      "name": "Paneer Mushroom Masala",
      "description": "",
      "media": null,
      "price": 245,
      "menuName": "Main Course",
      "categoryName": "Paneer Main Course",
      "slugs": [
        "veg",
        "services",
        "sf-not-vegan",
        "delivery-enabled",
        "delivery-enabled",
        "veg",
        "services",
        "sf-not-vegan",
        "veg"
      ]
    },
    {
      "name": "Paneer Mutter",
      "description": "",
      "media": null,
      "price": 185,
      "menuName": "Main Course",
      "categoryName": "Paneer Main Course",
      "slugs": [
        "veg",
        "services",
        "sf-not-vegan",
        "delivery-enabled",
        "delivery-enabled",
        "veg",
        "services",
        "sf-not-vegan",
        "veg"
      ]
    },
    {
      "name": "Paneer Nizamee",
      "description": "",
      "media": null,
      "price": 230,
      "menuName": "Main Course",
      "categoryName": "Paneer Main Course",
      "slugs": [
        "veg",
        "services",
        "sf-not-vegan",
        "delivery-enabled",
        "delivery-enabled",
        "veg",
        "services",
        "sf-not-vegan",
        "veg"
      ]
    },
    {
      "name": "Paneer Palak",
      "description": "",
      "media": null,
      "price": 210,
      "menuName": "Main Course",
      "categoryName": "Paneer Main Course",
      "slugs": [
        "veg",
        "services",
        "sf-not-vegan",
        "delivery-enabled",
        "delivery-enabled",
        "veg",
        "services",
        "sf-not-vegan",
        "veg"
      ]
    },
    {
      "name": "Paneer Pasanda",
      "description": "",
      "media": null,
      "price": 250,
      "menuName": "Main Course",
      "categoryName": "Paneer Main Course",
      "slugs": [
        "veg",
        "services",
        "sf-not-vegan",
        "delivery-enabled",
        "delivery-enabled",
        "veg",
        "services",
        "sf-not-vegan",
        "veg"
      ]
    },
    {
      "name": "Paneer Patiyala",
      "description": "",
      "media": null,
      "price": 245,
      "menuName": "Main Course",
      "categoryName": "Paneer Main Course",
      "slugs": [
        "veg",
        "services",
        "sf-not-vegan",
        "delivery-enabled",
        "delivery-enabled",
        "veg",
        "services",
        "sf-not-vegan",
        "veg"
      ]
    },
    {
      "name": "Paneer Rajwadi",
      "description": "",
      "media": "https://b.zmtcdn.com/data/dish_photos/707/8a5d6175a928062e3603d91da95d4707.jpeg",
      "price": 235,
      "menuName": "Main Course",
      "categoryName": "Paneer Main Course",
      "slugs": [
        "veg",
        "restaurant-recommended",
        "services",
        "sf-not-vegan",
        "delivery-enabled",
        "delivery-enabled",
        "veg",
        "restaurant-recommended",
        "services",
        "sf-not-vegan",
        "veg"
      ]
    },
    {
      "name": "Paneer Shahi",
      "description": "",
      "media": null,
      "price": 235,
      "menuName": "Main Course",
      "categoryName": "Paneer Main Course",
      "slugs": [
        "veg",
        "services",
        "sf-not-vegan",
        "delivery-enabled",
        "delivery-enabled",
        "veg",
        "services",
        "sf-not-vegan",
        "veg"
      ]
    },
    {
      "name": "Paneer Tawa Masala",
      "description": "",
      "media": null,
      "price": 260,
      "menuName": "Main Course",
      "categoryName": "Paneer Main Course",
      "slugs": [
        "veg",
        "restaurant-recommended",
        "services",
        "sf-not-vegan",
        "delivery-enabled",
        "delivery-enabled",
        "veg",
        "restaurant-recommended",
        "services",
        "sf-not-vegan",
        "veg"
      ]
    },
    {
      "name": "Paneer Tikka Masala",
      "description": "",
      "media": "https://b.zmtcdn.com/data/dish_photos/cc5/0fcc6699a78949e2c294e086a568fcc5.jpg",
      "price": 230,
      "menuName": "Main Course",
      "categoryName": "Paneer Main Course",
      "slugs": [
        "veg",
        "services",
        "sf-not-vegan",
        "delivery-enabled",
        "delivery-enabled",
        "veg",
        "services",
        "sf-not-vegan",
        "veg"
      ]
    },
    {
      "name": "Paneer Toofani",
      "description": "",
      "media": "https://b.zmtcdn.com/data/dish_photos/abd/7cd09a912b0d635148329b1cdb0d1abd.jpeg",
      "price": 240,
      "menuName": "Main Course",
      "categoryName": "Paneer Main Course",
      "slugs": [
        "veg",
        "restaurant-recommended",
        "services",
        "sf-not-vegan",
        "delivery-enabled",
        "delivery-enabled",
        "veg",
        "restaurant-recommended",
        "services",
        "sf-not-vegan",
        "veg"
      ]
    },
    {
      "name": "Sp.Cheese Begam Bahar",
      "description": "",
      "media": "https://b.zmtcdn.com/data/dish_photos/05f/0052d30e53b86a0c7d25bc24d1c6305f.jpeg",
      "price": 285,
      "menuName": "Main Course",
      "categoryName": "Paneer Main Course",
      "slugs": [
        "veg",
        "services",
        "sf-not-vegan",
        "delivery-enabled",
        "delivery-enabled",
        "veg",
        "services",
        "sf-not-vegan",
        "veg"
      ]
    },
    {
      "name": "Sp.Paneer Alpha",
      "description": "",
      "media": null,
      "price": 285,
      "menuName": "Main Course",
      "categoryName": "Paneer Main Course",
      "slugs": [
        "veg",
        "services",
        "sf-not-vegan",
        "delivery-enabled",
        "delivery-enabled",
        "veg",
        "services",
        "sf-not-vegan",
        "veg"
      ]
    },
    {
      "name": "Sp.Paneer Angara",
      "description": "",
      "media": "https://b.zmtcdn.com/data/dish_photos/89c/7e48e8ad014ecbbcd26082119de3d89c.jpeg",
      "price": 285,
      "menuName": "Main Course",
      "categoryName": "Paneer Main Course",
      "slugs": [
        "veg",
        "services",
        "sf-not-vegan",
        "delivery-enabled",
        "delivery-enabled",
        "veg",
        "services",
        "sf-not-vegan",
        "veg"
      ]
    },
    {
      "name": "Dal Fry'",
      "description": "",
      "media": null,
      "price": 155,
      "menuName": "Main Course",
      "categoryName": "Dal Main Course",
      "slugs": [
        "veg",
        "services",
        "delivery-enabled",
        "delivery-enabled",
        "veg",
        "services",
        "veg"
      ]
    },
    {
      "name": "Dal Fry Butter",
      "description": "",
      "media": null,
      "price": 165,
      "menuName": "Main Course",
      "categoryName": "Dal Main Course",
      "slugs": [
        "veg",
        "services",
        "sf-not-vegan",
        "delivery-enabled",
        "delivery-enabled",
        "veg",
        "services",
        "sf-not-vegan",
        "veg"
      ]
    },
    {
      "name": "Dal Palak",
      "description": "",
      "media": null,
      "price": 160,
      "menuName": "Main Course",
      "categoryName": "Dal Main Course",
      "slugs": [
        "veg",
        "services",
        "delivery-enabled",
        "delivery-enabled",
        "veg",
        "services",
        "veg"
      ]
    },
    {
      "name": "Dal Tadka'",
      "description": "",
      "media": "https://b.zmtcdn.com/data/dish_photos/065/c9de5d081ea34a2a34c3eed7e41d9065.jpg",
      "price": 170,
      "menuName": "Main Course",
      "categoryName": "Dal Main Course",
      "slugs": [
        "veg",
        "services",
        "delivery-enabled",
        "delivery-enabled",
        "veg",
        "services",
        "veg"
      ]
    },
    {
      "name": "Cheese Koftas",
      "description": "",
      "media": null,
      "price": 235,
      "menuName": "Main Course",
      "categoryName": "Kofta Main Course",
      "slugs": [
        "veg",
        "services",
        "sf-not-vegan",
        "delivery-enabled",
        "delivery-enabled",
        "veg",
        "services",
        "sf-not-vegan",
        "veg"
      ]
    },
    {
      "name": "Kadhai Kofta",
      "description": "",
      "media": null,
      "price": 235,
      "menuName": "Main Course",
      "categoryName": "Kofta Main Course",
      "slugs": [
        "veg",
        "services",
        "delivery-enabled",
        "delivery-enabled",
        "veg",
        "services",
        "veg"
      ]
    },
    {
      "name": "Kaju Koftas",
      "description": "",
      "media": null,
      "price": 240,
      "menuName": "Main Course",
      "categoryName": "Kofta Main Course",
      "slugs": [
        "veg",
        "services",
        "delivery-enabled",
        "delivery-enabled",
        "veg",
        "services",
        "veg"
      ]
    },
    {
      "name": "Kashmiri Kofta [sweet]",
      "description": "",
      "media": null,
      "price": 205,
      "menuName": "Main Course",
      "categoryName": "Kofta Main Course",
      "slugs": [
        "veg",
        "services",
        "delivery-enabled",
        "delivery-enabled",
        "veg",
        "services",
        "veg"
      ]
    },
    {
      "name": "Malai Kofta [sweet]",
      "description": "",
      "media": "https://b.zmtcdn.com/data/dish_photos/637/723acc5eecbfbcfbc2bf6243f8df2637.jpeg",
      "price": 205,
      "menuName": "Main Course",
      "categoryName": "Kofta Main Course",
      "slugs": [
        "veg",
        "services",
        "sf-not-vegan",
        "delivery-enabled",
        "delivery-enabled",
        "veg",
        "services",
        "sf-not-vegan",
        "veg"
      ]
    },
    {
      "name": "Nargis Kofta",
      "description": "",
      "media": null,
      "price": 235,
      "menuName": "Main Course",
      "categoryName": "Kofta Main Course",
      "slugs": [
        "veg",
        "medium-spicy",
        "services",
        "delivery-enabled",
        "delivery-enabled",
        "veg",
        "medium-spicy",
        "services",
        "veg"
      ]
    },
    {
      "name": "Paneer Koftas",
      "description": "",
      "media": null,
      "price": 235,
      "menuName": "Main Course",
      "categoryName": "Kofta Main Course",
      "slugs": [
        "veg",
        "services",
        "sf-not-vegan",
        "delivery-enabled",
        "delivery-enabled",
        "veg",
        "services",
        "sf-not-vegan",
        "veg"
      ]
    },
    {
      "name": "Vegetable Kofta",
      "description": "",
      "media": null,
      "price": 220,
      "menuName": "Main Course",
      "categoryName": "Kofta Main Course",
      "slugs": [
        "veg",
        "services",
        "delivery-enabled",
        "delivery-enabled",
        "veg",
        "services",
        "veg"
      ]
    },
    {
      "name": "Baby Corn Chilli",
      "description": "",
      "media": null,
      "price": 245,
      "menuName": "Chinese",
      "categoryName": "Veg Chinese Main Course",
      "slugs": [
        "veg",
        "services",
        "delivery-enabled",
        "delivery-enabled",
        "veg",
        "services",
        "veg"
      ]
    },
    {
      "name": "Chinese Bhel",
      "description": "",
      "media": null,
      "price": 180,
      "menuName": "Chinese",
      "categoryName": "Veg Chinese Main Course",
      "slugs": [
        "veg",
        "medium-spicy",
        "services",
        "delivery-enabled",
        "delivery-enabled",
        "veg",
        "medium-spicy",
        "services",
        "veg"
      ]
    },
    {
      "name": "Chinese Fried Rice",
      "description": "",
      "media": null,
      "price": 185,
      "menuName": "Chinese",
      "categoryName": "Veg Chinese Main Course",
      "slugs": [
        "veg",
        "services",
        "delivery-enabled",
        "delivery-enabled",
        "veg",
        "services",
        "veg"
      ]
    },
    {
      "name": "Hakka Noodles",
      "description": "Fdsfsfs",
      "media": null,
      "price": 220,
      "menuName": "Chinese",
      "categoryName": "Veg Chinese Main Course",
      "slugs": [
        "veg",
        "services",
        "delivery-enabled",
        "delivery-enabled",
        "veg",
        "services",
        "veg"
      ]
    },
    {
      "name": "Manchurian Fried Rice",
      "description": "",
      "media": null,
      "price": 220,
      "menuName": "Chinese",
      "categoryName": "Veg Chinese Main Course",
      "slugs": [
        "veg",
        "services",
        "delivery-enabled",
        "delivery-enabled",
        "veg",
        "services",
        "veg"
      ]
    },
    {
      "name": "Mushroom Fried Rice",
      "description": "",
      "media": null,
      "price": 185,
      "menuName": "Chinese",
      "categoryName": "Veg Chinese Main Course",
      "slugs": [
        "veg",
        "services",
        "delivery-enabled",
        "delivery-enabled",
        "veg",
        "services",
        "veg"
      ]
    },
    {
      "name": "Mushroom Munchurian",
      "description": "",
      "media": null,
      "price": 245,
      "menuName": "Chinese",
      "categoryName": "Veg Chinese Main Course",
      "slugs": [
        "veg",
        "services",
        "delivery-enabled",
        "delivery-enabled",
        "veg",
        "services",
        "veg"
      ]
    },
    {
      "name": "Paneer Chilly Dry",
      "description": "",
      "media": "https://b.zmtcdn.com/data/dish_photos/cef/4a318ee4e7319759d1c45bce3c825cef.jpeg",
      "price": 250,
      "menuName": "Chinese",
      "categoryName": "Veg Chinese Main Course",
      "slugs": [
        "veg",
        "medium-spicy",
        "services",
        "sf-not-vegan",
        "delivery-enabled",
        "delivery-enabled",
        "veg",
        "medium-spicy",
        "services",
        "sf-not-vegan",
        "veg"
      ]
    },
    {
      "name": "Paneer Chilly Gravy",
      "description": "",
      "media": null,
      "price": 240,
      "menuName": "Chinese",
      "categoryName": "Veg Chinese Main Course",
      "slugs": [
        "veg",
        "services",
        "sf-not-vegan",
        "delivery-enabled",
        "delivery-enabled",
        "veg",
        "services",
        "sf-not-vegan",
        "veg"
      ]
    },
    {
      "name": "Schezwan Fried Noodle",
      "description": "",
      "media": null,
      "price": 220,
      "menuName": "Chinese",
      "categoryName": "Veg Chinese Main Course",
      "slugs": [
        "veg",
        "services",
        "sf-spicy",
        "delivery-enabled",
        "delivery-enabled",
        "veg",
        "services",
        "sf-spicy",
        "veg"
      ]
    },
    {
      "name": "Schezwan Fried Rice",
      "description": "",
      "media": null,
      "price": 185,
      "menuName": "Chinese",
      "categoryName": "Veg Chinese Main Course",
      "slugs": [
        "veg",
        "services",
        "sf-spicy",
        "delivery-enabled",
        "delivery-enabled",
        "veg",
        "services",
        "sf-spicy",
        "veg"
      ]
    },
    {
      "name": "Signapuri Fried Rice",
      "description": "",
      "media": null,
      "price": 210,
      "menuName": "Chinese",
      "categoryName": "Veg Chinese Main Course",
      "slugs": [
        "veg",
        "services",
        "delivery-enabled",
        "delivery-enabled",
        "veg",
        "services",
        "veg"
      ]
    },
    {
      "name": "Singapuri Fried Noodles",
      "description": "",
      "media": null,
      "price": 185,
      "menuName": "Chinese",
      "categoryName": "Veg Chinese Main Course",
      "slugs": [
        "veg",
        "services",
        "delivery-enabled",
        "delivery-enabled",
        "veg",
        "services",
        "veg"
      ]
    },
    {
      "name": "Veg Fried Rice",
      "description": "",
      "media": "https://b.zmtcdn.com/data/dish_photos/1cf/5868f325d2588637c34266c7d87961cf.jpeg",
      "price": 170,
      "menuName": "Chinese",
      "categoryName": "Veg Chinese Main Course",
      "slugs": [
        "veg",
        "services",
        "delivery-enabled",
        "delivery-enabled",
        "veg",
        "services",
        "veg"
      ]
    },
    {
      "name": "Veg Manchurian Dry",
      "description": "",
      "media": "https://b.zmtcdn.com/data/dish_photos/40d/c7146c10b368bdb360f41408fe71840d.jpeg",
      "price": 220,
      "menuName": "Chinese",
      "categoryName": "Veg Chinese Main Course",
      "slugs": [
        "veg",
        "services",
        "delivery-enabled",
        "delivery-enabled",
        "veg",
        "services",
        "veg"
      ]
    },
    {
      "name": "Veg Manchurian Gravy",
      "description": "",
      "media": null,
      "price": 220,
      "menuName": "Chinese",
      "categoryName": "Veg Chinese Main Course",
      "slugs": [
        "veg",
        "services",
        "delivery-enabled",
        "delivery-enabled",
        "veg",
        "services",
        "veg"
      ]
    },
    {
      "name": "Veg Sixty Five",
      "description": "",
      "media": null,
      "price": 220,
      "menuName": "Chinese",
      "categoryName": "Veg Chinese Main Course",
      "slugs": [
        "veg",
        "services",
        "delivery-enabled",
        "delivery-enabled",
        "veg",
        "services",
        "veg"
      ]
    },
    {
      "name": "Baby Corn Chilly",
      "description": "",
      "media": null,
      "price": 210,
      "menuName": "Veg Chinese Starter",
      "categoryName": "",
      "slugs": [
        "veg",
        "services",
        "delivery-enabled",
        "delivery-enabled",
        "veg",
        "services",
        "veg"
      ]
    },
    {
      "name": "Chinese Bhel",
      "description": "",
      "media": null,
      "price": 180,
      "menuName": "Veg Chinese Starter",
      "categoryName": "",
      "slugs": [
        "veg",
        "medium-spicy",
        "services",
        "delivery-enabled",
        "delivery-enabled",
        "veg",
        "medium-spicy",
        "services",
        "veg"
      ]
    },
    {
      "name": "Veg 65",
      "description": "",
      "media": null,
      "price": 195,
      "menuName": "Veg Chinese Starter",
      "categoryName": "",
      "slugs": [
        "veg",
        "services",
        "delivery-enabled",
        "delivery-enabled",
        "veg",
        "services",
        "veg"
      ]
    },
    {
      "name": "Jeera Rice",
      "description": "",
      "media": "https://b.zmtcdn.com/data/dish_photos/825/62118cf55e229d9a104f2cf21533a825.jpg",
      "price": 150,
      "menuName": "Rice Ki Bahar",
      "categoryName": "",
      "slugs": [
        "veg",
        "services",
        "delivery-enabled",
        "delivery-enabled",
        "veg",
        "services",
        "veg"
      ]
    },
    {
      "name": "Kaju Pulav",
      "description": "",
      "media": null,
      "price": 175,
      "menuName": "Rice Ki Bahar",
      "categoryName": "",
      "slugs": [
        "veg",
        "services",
        "delivery-enabled",
        "delivery-enabled",
        "veg",
        "services",
        "veg"
      ]
    },
    {
      "name": "Kashmiri Pulav (Sweet)",
      "description": "",
      "media": null,
      "price": 175,
      "menuName": "Rice Ki Bahar",
      "categoryName": "",
      "slugs": [
        "veg",
        "services",
        "delivery-enabled",
        "delivery-enabled",
        "veg",
        "services",
        "veg"
      ]
    },
    {
      "name": "Peas Pulav",
      "description": "",
      "media": null,
      "price": 175,
      "menuName": "Rice Ki Bahar",
      "categoryName": "",
      "slugs": [
        "veg",
        "services",
        "delivery-enabled",
        "delivery-enabled",
        "veg",
        "services",
        "veg"
      ]
    },
    {
      "name": "Plain Rice",
      "description": "",
      "media": null,
      "price": 80,
      "menuName": "Rice Ki Bahar",
      "categoryName": "",
      "slugs": [
        "veg",
        "services",
        "delivery-enabled",
        "delivery-enabled",
        "veg",
        "services",
        "veg"
      ]
    },
    {
      "name": "Steamed Rice",
      "description": "",
      "media": null,
      "price": 105,
      "menuName": "Rice Ki Bahar",
      "categoryName": "",
      "slugs": [
        "veg",
        "services",
        "delivery-enabled",
        "delivery-enabled",
        "veg",
        "services",
        "veg"
      ]
    },
    {
      "name": "Veg Biryani",
      "description": "",
      "media": "https://b.zmtcdn.com/data/dish_photos/f5a/2c5a1ff870ec2e4f027b8d35a2d29f5a.jpeg",
      "price": 150,
      "menuName": "Rice Ki Bahar",
      "categoryName": "",
      "slugs": [
        "veg",
        "services",
        "delivery-enabled",
        "delivery-enabled",
        "veg",
        "services",
        "veg"
      ]
    },
    {
      "name": "Veg Haydrabadi Biryani",
      "description": "",
      "media": "https://b.zmtcdn.com/data/dish_photos/033/e69141c07444bb9f8e231d13aae93033.jpeg",
      "price": 175,
      "menuName": "Rice Ki Bahar",
      "categoryName": "",
      "slugs": [
        "veg",
        "services",
        "delivery-enabled",
        "delivery-enabled",
        "veg",
        "services",
        "veg"
      ]
    },
    {
      "name": "Veg Pulav",
      "description": "",
      "media": null,
      "price": 175,
      "menuName": "Rice Ki Bahar",
      "categoryName": "",
      "slugs": [
        "veg",
        "services",
        "delivery-enabled",
        "delivery-enabled",
        "veg",
        "services",
        "veg"
      ]
    },
    {
      "name": "Butter Kulcha",
      "description": "",
      "media": null,
      "price": 50,
      "menuName": "Indian Breads",
      "categoryName": "",
      "slugs": [
        "veg",
        "services",
        "sf-not-vegan",
        "delivery-enabled",
        "delivery-enabled",
        "veg",
        "services",
        "sf-not-vegan",
        "veg"
      ]
    },
    {
      "name": "Butter Paratha",
      "description": "",
      "media": null,
      "price": 50,
      "menuName": "Indian Breads",
      "categoryName": "",
      "slugs": [
        "veg",
        "services",
        "sf-not-vegan",
        "delivery-enabled",
        "delivery-enabled",
        "veg",
        "services",
        "sf-not-vegan",
        "veg"
      ]
    },
    {
      "name": "Butter Roti",
      "description": "",
      "media": null,
      "price": 30,
      "menuName": "Indian Breads",
      "categoryName": "",
      "slugs": [
        "veg",
        "home-style-meal",
        "services",
        "sf-not-vegan",
        "delivery-enabled",
        "delivery-enabled",
        "veg",
        "home-style-meal",
        "services",
        "sf-not-vegan",
        "veg"
      ]
    },
    {
      "name": "Buttern Naan",
      "description": "",
      "media": "https://b.zmtcdn.com/data/dish_photos/c82/d7860e58733e1fe5167678f6c9161c82.jpeg",
      "price": 55,
      "menuName": "Indian Breads",
      "categoryName": "",
      "slugs": [
        "veg",
        "services",
        "delivery-enabled",
        "delivery-enabled",
        "veg",
        "services",
        "veg"
      ]
    },
    {
      "name": "Cheese Chilly Garlic Naan",
      "description": "",
      "media": null,
      "price": 140,
      "menuName": "Indian Breads",
      "categoryName": "",
      "slugs": [
        "veg",
        "services",
        "sf-not-vegan",
        "delivery-enabled",
        "delivery-enabled",
        "veg",
        "services",
        "sf-not-vegan",
        "veg"
      ]
    },
    {
      "name": "Cheese Chilly Naan",
      "description": "",
      "media": null,
      "price": 120,
      "menuName": "Indian Breads",
      "categoryName": "",
      "slugs": [
        "veg",
        "services",
        "sf-not-vegan",
        "delivery-enabled",
        "delivery-enabled",
        "veg",
        "services",
        "sf-not-vegan",
        "veg"
      ]
    },
    {
      "name": "Cheese Garlic Naan",
      "description": "",
      "media": null,
      "price": 125,
      "menuName": "Indian Breads",
      "categoryName": "",
      "slugs": [
        "veg",
        "services",
        "sf-not-vegan",
        "delivery-enabled",
        "delivery-enabled",
        "veg",
        "services",
        "sf-not-vegan",
        "veg"
      ]
    },
    {
      "name": "Cheese Naan",
      "description": "",
      "media": null,
      "price": 115,
      "menuName": "Indian Breads",
      "categoryName": "",
      "slugs": [
        "veg",
        "services",
        "sf-not-vegan",
        "delivery-enabled",
        "delivery-enabled",
        "veg",
        "services",
        "sf-not-vegan",
        "veg"
      ]
    },
    {
      "name": "Chilly Naan",
      "description": "",
      "media": null,
      "price": 100,
      "menuName": "Indian Breads",
      "categoryName": "",
      "slugs": [
        "veg",
        "services",
        "delivery-enabled",
        "delivery-enabled",
        "veg",
        "services",
        "veg"
      ]
    },
    {
      "name": "Garlic Naan",
      "description": "",
      "media": null,
      "price": 110,
      "menuName": "Indian Breads",
      "categoryName": "",
      "slugs": [
        "veg",
        "services",
        "delivery-enabled",
        "delivery-enabled",
        "veg",
        "services",
        "veg"
      ]
    },
    {
      "name": "Kulcha",
      "description": "",
      "media": null,
      "price": 45,
      "menuName": "Indian Breads",
      "categoryName": "",
      "slugs": [
        "veg",
        "services",
        "delivery-enabled",
        "delivery-enabled",
        "veg",
        "services",
        "veg"
      ]
    },
    {
      "name": "Naan",
      "description": "",
      "media": null,
      "price": 45,
      "menuName": "Indian Breads",
      "categoryName": "",
      "slugs": [
        "veg",
        "services",
        "delivery-enabled",
        "delivery-enabled",
        "veg",
        "services",
        "veg"
      ]
    },
    {
      "name": "Onion Kulcha",
      "description": "",
      "media": null,
      "price": 110,
      "menuName": "Indian Breads",
      "categoryName": "",
      "slugs": [
        "veg",
        "services",
        "delivery-enabled",
        "delivery-enabled",
        "veg",
        "services",
        "veg"
      ]
    },
    {
      "name": "Paratha",
      "description": "",
      "media": null,
      "price": 45,
      "menuName": "Indian Breads",
      "categoryName": "",
      "slugs": [
        "veg",
        "services",
        "delivery-enabled",
        "delivery-enabled",
        "veg",
        "services",
        "veg"
      ]
    },
    {
      "name": "Roti",
      "description": "",
      "media": "https://b.zmtcdn.com/data/dish_photos/212/24ec98f7d36b0d9a209d311f4c2eb212.jpg",
      "price": 23,
      "menuName": "Indian Breads",
      "categoryName": "",
      "slugs": [
        "veg",
        "home-style-meal",
        "services",
        "delivery-enabled",
        "delivery-enabled",
        "veg",
        "home-style-meal",
        "services",
        "veg"
      ]
    },
    {
      "name": "Stuff Kulcha",
      "description": "",
      "media": null,
      "price": 110,
      "menuName": "Indian Breads",
      "categoryName": "",
      "slugs": [
        "veg",
        "services",
        "delivery-enabled",
        "delivery-enabled",
        "veg",
        "services",
        "veg"
      ]
    },
    {
      "name": "Stuff Naan",
      "description": "",
      "media": null,
      "price": 110,
      "menuName": "Indian Breads",
      "categoryName": "",
      "slugs": [
        "veg",
        "services",
        "delivery-enabled",
        "delivery-enabled",
        "veg",
        "services",
        "veg"
      ]
    },
    {
      "name": "Stuff Paratha",
      "description": "",
      "media": null,
      "price": 110,
      "menuName": "Indian Breads",
      "categoryName": "",
      "slugs": [
        "veg",
        "services",
        "delivery-enabled",
        "delivery-enabled",
        "veg",
        "services",
        "veg"
      ]
    },
    {
      "name": "Bundi Raita",
      "description": "",
      "media": null,
      "price": 90,
      "menuName": "Accompaniments",
      "categoryName": "",
      "slugs": [
        "veg",
        "services",
        "delivery-enabled",
        "delivery-enabled",
        "veg",
        "services",
        "veg"
      ]
    },
    {
      "name": "Curd",
      "description": "",
      "media": null,
      "price": 50,
      "menuName": "Accompaniments",
      "categoryName": "",
      "slugs": [
        "veg",
        "services",
        "sf-not-vegan",
        "delivery-enabled",
        "delivery-enabled",
        "veg",
        "services",
        "sf-not-vegan",
        "veg"
      ]
    },
    {
      "name": "Dahi Bundi (Sweet )",
      "description": "",
      "media": null,
      "price": 90,
      "menuName": "Accompaniments",
      "categoryName": "",
      "slugs": [
        "veg",
        "services",
        "delivery-enabled",
        "delivery-enabled",
        "veg",
        "services",
        "veg"
      ]
    },
    {
      "name": "Fry Papad",
      "description": "",
      "media": null,
      "price": 15,
      "menuName": "Accompaniments",
      "categoryName": "",
      "slugs": [
        "veg",
        "services",
        "delivery-enabled",
        "delivery-enabled",
        "veg",
        "services",
        "veg"
      ]
    },
    {
      "name": "Green Salad",
      "description": "",
      "media": null,
      "price": 80,
      "menuName": "Accompaniments",
      "categoryName": "",
      "slugs": [
        "veg",
        "services",
        "delivery-enabled",
        "delivery-enabled",
        "veg",
        "services",
        "veg"
      ]
    },
    {
      "name": "Masala Papad",
      "description": "",
      "media": null,
      "price": 30,
      "menuName": "Accompaniments",
      "categoryName": "",
      "slugs": [
        "veg",
        "services",
        "delivery-enabled",
        "delivery-enabled",
        "veg",
        "services",
        "veg"
      ]
    },
    {
      "name": "Papad Roasted",
      "description": "",
      "media": null,
      "price": 15,
      "menuName": "Accompaniments",
      "categoryName": "",
      "slugs": [
        "veg",
        "services",
        "delivery-enabled",
        "delivery-enabled",
        "veg",
        "services",
        "veg"
      ]
    },
    {
      "name": "Pineapple Raita",
      "description": "",
      "media": null,
      "price": 90,
      "menuName": "Accompaniments",
      "categoryName": "",
      "slugs": [
        "veg",
        "services",
        "delivery-enabled",
        "delivery-enabled",
        "veg",
        "services",
        "veg"
      ]
    },
    {
      "name": "Tomato Salad",
      "description": "",
      "media": null,
      "price": 70,
      "menuName": "Accompaniments",
      "categoryName": "",
      "slugs": [
        "veg",
        "services",
        "delivery-enabled",
        "delivery-enabled",
        "veg",
        "services",
        "veg"
      ]
    },
    {
      "name": "Veg Raita",
      "description": "",
      "media": null,
      "price": 90,
      "menuName": "Accompaniments",
      "categoryName": "",
      "slugs": [
        "veg",
        "services",
        "delivery-enabled",
        "delivery-enabled",
        "veg",
        "services",
        "veg"
      ]
    },
    {
      "name": "Butter Milk",
      "description": "",
      "media": "https://b.zmtcdn.com/data/dish_photos/889/a2693e5bcc64aa07edeac168fde4e889.jpeg",
      "price": 30,
      "menuName": "Desserts And Beverages",
      "categoryName": "Appetizer",
      "slugs": [
        "veg",
        "services",
        "delivery-enabled",
        "delivery-enabled",
        "veg",
        "services",
        "veg"
      ]
    },
    {
      "name": "Vanilla Cup",
      "description": "",
      "media": null,
      "price": 25,
      "menuName": "Desserts And Beverages",
      "categoryName": "Ice Cream",
      "slugs": [
        "veg",
        "services",
        "sf-no-onion",
        "sf-no-garlic",
        "sf-kid-friendly",
        "delivery-enabled",
        "delivery-enabled",
        "veg",
        "services",
        "sf-no-onion",
        "sf-no-garlic",
        "sf-kid-friendly",
        "veg"
      ]
    },
    {
      "name": "Butter Milk",
      "description": "",
      "media": "https://b.zmtcdn.com/data/dish_photos/889/a2693e5bcc64aa07edeac168fde4e889.jpeg",
      "price": 35,
      "menuName": "Refreshment",
      "categoryName": "",
      "slugs": [
        "veg",
        "services",
        "delivery-enabled",
        "delivery-enabled",
        "veg",
        "services",
        "veg"
      ]
    },
    {
      "name": "Mineral Water",
      "description": "",
      "media": "https://b.zmtcdn.com/data/dish_photos/454/f907942037f06ce784d98a973285b454.jpg",
      "price": 20,
      "menuName": "Refreshment",
      "categoryName": "",
      "slugs": [
        "veg",
        "mrp-item",
        "non-gold",
        "non-promo",
        "packaged",
        "non-refundable",
        "services",
        "mrp-commission",
        "delivery-enabled",
        "delivery-enabled",
        "veg",
        "mrp-item",
        "non-gold",
        "non-promo",
        "packaged",
        "non-refundable",
        "services",
        "mrp-commission",
        "veg"
      ]
    },
    {
      "name": "Cream Of Tomato Soup",
      "description": "",
      "media": null,
      "price": 110,
      "menuName": "Soups",
      "categoryName": "",
      "slugs": [
        "veg",
        "services",
        "sf-not-vegan",
        "delivery-enabled",
        "delivery-enabled",
        "veg",
        "services",
        "sf-not-vegan",
        "veg"
      ]
    },
    {
      "name": "Hot & Sour Soup",
      "description": "",
      "media": null,
      "price": 125,
      "menuName": "Soups",
      "categoryName": "",
      "slugs": [
        "veg",
        "services",
        "delivery-enabled",
        "delivery-enabled",
        "veg",
        "services",
        "veg"
      ]
    },
    {
      "name": "Lemone Coriander Soup",
      "description": "",
      "media": "https://b.zmtcdn.com/data/dish_photos/b51/0b5560bd3387105101f968d7316d3b51.jpeg",
      "price": 110,
      "menuName": "Soups",
      "categoryName": "",
      "slugs": [
        "veg",
        "services",
        "delivery-enabled",
        "delivery-enabled",
        "veg",
        "services",
        "veg"
      ]
    },
    {
      "name": "Manchow Soup",
      "description": "",
      "media": null,
      "price": 125,
      "menuName": "Soups",
      "categoryName": "",
      "slugs": [
        "veg",
        "services",
        "delivery-enabled",
        "delivery-enabled",
        "veg",
        "services",
        "veg"
      ]
    },
    {
      "name": "Ministrone Soup",
      "description": "",
      "media": null,
      "price": 120,
      "menuName": "Soups",
      "categoryName": "",
      "slugs": [
        "veg",
        "services",
        "delivery-enabled",
        "delivery-enabled",
        "veg",
        "services",
        "veg"
      ]
    },
    {
      "name": "Mushroom Soup",
      "description": "",
      "media": null,
      "price": 125,
      "menuName": "Soups",
      "categoryName": "",
      "slugs": [
        "veg",
        "services",
        "delivery-enabled",
        "delivery-enabled",
        "veg",
        "services",
        "veg"
      ]
    },
    {
      "name": "Sweet Corn Soup",
      "description": "",
      "media": null,
      "price": 125,
      "menuName": "Soups",
      "categoryName": "",
      "slugs": [
        "veg",
        "services",
        "delivery-enabled",
        "delivery-enabled",
        "veg",
        "services",
        "veg"
      ]
    },
    {
      "name": "Sweet Corn Veg Soup",
      "description": "",
      "media": null,
      "price": 125,
      "menuName": "Soups",
      "categoryName": "",
      "slugs": [
        "veg",
        "services",
        "delivery-enabled",
        "delivery-enabled",
        "veg",
        "services",
        "veg"
      ]
    },
    {
      "name": "Veg Noodles Soup",
      "description": "",
      "media": null,
      "price": 120,
      "menuName": "Soups",
      "categoryName": "",
      "slugs": [
        "veg",
        "services",
        "delivery-enabled",
        "delivery-enabled",
        "veg",
        "services",
        "veg"
      ]
    },
    {
      "name": "Veg Biryani",
      "description": "",
      "media": "https://b.zmtcdn.com/data/dish_photos/f5a/2c5a1ff870ec2e4f027b8d35a2d29f5a.jpeg",
      "price": 170,
      "menuName": "Biryani",
      "categoryName": "",
      "slugs": [
        "veg",
        "services",
        "delivery-enabled",
        "delivery-enabled",
        "veg",
        "services",
        "veg"
      ]
    },
    {
      "name": "Veg Hyderabadi Biryani",
      "description": "",
      "media": "https://b.zmtcdn.com/data/dish_photos/d40/9127e100606965145f78bdf626cdbd40.jpeg",
      "price": 170,
      "menuName": "Biryani",
      "categoryName": "",
      "slugs": [
        "veg",
        "restaurant-recommended",
        "services",
        "delivery-enabled",
        "delivery-enabled",
        "veg",
        "restaurant-recommended",
        "services",
        "veg"
      ]
    },
    {
      "name": "Chinese Fried Rice",
      "description": "",
      "media": null,
      "price": 185,
      "menuName": "Fried Rice Noodles And Chopsuey",
      "categoryName": "Fried Rice",
      "slugs": [
        "veg",
        "services",
        "delivery-enabled",
        "delivery-enabled",
        "veg",
        "services",
        "veg"
      ]
    },
    {
      "name": "Mushroom Fried Rice",
      "description": "",
      "media": null,
      "price": 185,
      "menuName": "Fried Rice Noodles And Chopsuey",
      "categoryName": "Fried Rice",
      "slugs": [
        "veg",
        "services",
        "delivery-enabled",
        "delivery-enabled",
        "veg",
        "services",
        "veg"
      ]
    },
    {
      "name": "Schezwan Fried Rice",
      "description": "",
      "media": null,
      "price": 185,
      "menuName": "Fried Rice Noodles And Chopsuey",
      "categoryName": "Fried Rice",
      "slugs": [
        "veg",
        "services",
        "sf-spicy",
        "delivery-enabled",
        "delivery-enabled",
        "veg",
        "services",
        "sf-spicy",
        "veg"
      ]
    },
    {
      "name": "Singapuri Fried Rice",
      "description": "",
      "media": null,
      "price": 185,
      "menuName": "Fried Rice Noodles And Chopsuey",
      "categoryName": "Fried Rice",
      "slugs": [
        "veg",
        "services",
        "delivery-enabled",
        "delivery-enabled",
        "veg",
        "services",
        "veg"
      ]
    },
    {
      "name": "Veg Fried Rice",
      "description": "",
      "media": "https://b.zmtcdn.com/data/dish_photos/9fe/b34b528c136b3c30ce0b3985fd35f9fe.jpeg",
      "price": 170,
      "menuName": "Fried Rice Noodles And Chopsuey",
      "categoryName": "Fried Rice",
      "slugs": [
        "veg",
        "services",
        "delivery-enabled",
        "delivery-enabled",
        "veg",
        "services",
        "veg"
      ]
    },
    {
      "name": "Schezwan Fried Noodles",
      "description": "",
      "media": null,
      "price": 185,
      "menuName": "Fried Rice Noodles And Chopsuey",
      "categoryName": "Noodles And Chopsuey",
      "slugs": [
        "veg",
        "services",
        "sf-spicy",
        "delivery-enabled",
        "delivery-enabled",
        "veg",
        "services",
        "sf-spicy",
        "veg"
      ]
    },
    {
      "name": "Singapuri Fried Noodles",
      "description": "",
      "media": null,
      "price": 185,
      "menuName": "Fried Rice Noodles And Chopsuey",
      "categoryName": "Noodles And Chopsuey",
      "slugs": [
        "veg",
        "services",
        "delivery-enabled",
        "delivery-enabled",
        "veg",
        "services",
        "veg"
      ]
    },
    {
      "name": "Veg Hakka Noodles",
      "description": "",
      "media": null,
      "price": 185,
      "menuName": "Fried Rice Noodles And Chopsuey",
      "categoryName": "Noodles And Chopsuey",
      "slugs": [
        "veg",
        "services",
        "delivery-enabled",
        "delivery-enabled",
        "veg",
        "services",
        "veg"
      ]
    }
  ]
}