{
  "basicInfo": {
    "name": "Asal Amdawadi Tawa Fry",
    "cuisine_string": "North Indian, Chinese, Mughlai",
    "canonicalUrl": "https://www.zomato.com/surat/asal-amdawadi-tawa-fry-1-rander/order"
  },
  "ratings": {
    "DINING": {
      "rating_type": "DINING",
      "rating": "3.7",
      "reviewCount": "96",
      "reviewTextSmall": "96 Reviews",
      "subtext": "96 Dining Reviews",
      "color": "#1C1C1C",
      "ratingV2": "3.7",
      "subtitle": "DINING",
      "sideSubTitle": "Dining Ratings",
      "bgColorV2": {
        "type": "green",
        "tint": "600"
      },
      "newOnDining": false
    },
    "DELIVERY": {
      "rating_type": "DELIVERY",
      "rating": "3.8",
      "reviewCount": "6,429",
      "reviewTextSmall": "6,429 Reviews",
      "subtext": "6,429 Delivery Reviews",
      "color": "#E23744",
      "ratingV2": "3.8",
      "subtitle": "DELIVERY",
      "sideSubTitle": "Delivery Ratings",
      "bgColorV2": {
        "type": "green",
        "tint": "600"
      },
      "newOnDelivery": false
    }
  },
  "establishment": {
    "city_id": 38,
    "city_name": "Surat",
    "country_id": 1,
    "country_name": "India",
    "zipcode": "",
    "is_dark_kitchen": false,
    "locality_verbose": "Rander, Surat",
    "latitude": "21.2169639946",
    "longitude": "72.7999303490",
    "static_map_url": "https://maps.zomato.com/php/staticmap?center=21.2169639946,72.7999303490&maptype=zomato&markers=21.2169639946,72.7999303490,pin_res32&sensor=false&scale=2&zoom=16&language=en&size=240x150&size=400x240",
    "address": "B 70/9, 16/C, Borwada, Opposite Sultaniya Gymkhana, Rander, Surat",
    "is_phone_available": 1,
    "phoneDetails": {
      "title": "Phone Numbers",
      "phoneStr": "+919033474868"
    },
    "res_chain_text": "",
    "res_group_text": "",
    "res_chain_url": "",
    "res_group_url": "",
    "show_res_map": true
  },
  "items": [
    {
      "name": "Chicken Dana 65 with Tandoori Chicken Leg",
      "description": "Chicken Dana 65 + Tandoori Chicken Leg",
      "media": null,
      "price": 350,
      "menuName": "Combos",
      "categoryName": "",
      "slugs": [
        "non-veg",
        "combo-item",
        "services",
        "delivery-enabled",
        "delivery-enabled",
        "non-veg",
        "combo-item",
        "services",
        "non-veg"
      ]
    },
    {
      "name": "Boneless Chicken Tikka Masala [500 ml]+6 Chapati+2 Papad",
      "description": "",
      "media": null,
      "price": 400,
      "menuName": "Combos",
      "categoryName": "",
      "slugs": [
        "non-veg",
        "combo-item",
        "services",
        "delivery-enabled",
        "delivery-enabled",
        "non-veg",
        "combo-item",
        "services",
        "non-veg"
      ]
    },
    {
      "name": "Boneless Chicken 69 with Tandoori Chicken Leg",
      "description": "Boneless Chicken 69 + Tandoori Chicken Leg",
      "media": null,
      "price": 410,
      "menuName": "Combos",
      "categoryName": "",
      "slugs": [
        "non-veg",
        "combo-item",
        "services",
        "delivery-enabled",
        "delivery-enabled",
        "non-veg",
        "combo-item",
        "services",
        "non-veg"
      ]
    },
    {
      "name": "Boneless Butter Chicken [500 ml]+6 Chapati+2 Papad",
      "description": "",
      "media": null,
      "price": 410,
      "menuName": "Combos",
      "categoryName": "",
      "slugs": [
        "non-veg",
        "combo-item",
        "services",
        "delivery-enabled",
        "delivery-enabled",
        "non-veg",
        "combo-item",
        "services",
        "non-veg"
      ]
    },
    {
      "name": "Chicken Lollipop [6 Pieces] with Chicken Dana 65",
      "description": "",
      "media": null,
      "price": 450,
      "menuName": "Combos",
      "categoryName": "",
      "slugs": [
        "non-veg",
        "combo-item",
        "services",
        "delivery-enabled",
        "delivery-enabled",
        "non-veg",
        "combo-item",
        "services",
        "non-veg"
      ]
    },
    {
      "name": "Special Malai Tikka [6 Pieces] with Chicken Dana 65",
      "description": "",
      "media": null,
      "price": 530,
      "menuName": "Combos",
      "categoryName": "",
      "slugs": [
        "non-veg",
        "combo-item",
        "services",
        "delivery-enabled",
        "delivery-enabled",
        "non-veg",
        "combo-item",
        "services",
        "non-veg"
      ]
    },
    {
      "name": "Chicken Kolhapuri Gravy [1000 ml]+10 Chapati+Plain Rice",
      "description": "Serves 3 to 4 person",
      "media": null,
      "price": 590,
      "menuName": "Combos",
      "categoryName": "",
      "slugs": [
        "non-veg",
        "combo-item",
        "services",
        "sf-spicy",
        "delivery-enabled",
        "delivery-enabled",
        "non-veg",
        "combo-item",
        "services",
        "sf-spicy",
        "non-veg"
      ]
    },
    {
      "name": "Chicken Hariyali [1 litre]+8 Chapati+Plain Rice+2 Papad",
      "description": "",
      "media": null,
      "price": 590,
      "menuName": "Combos",
      "categoryName": "",
      "slugs": [
        "non-veg",
        "combo-item",
        "services",
        "delivery-enabled",
        "delivery-enabled",
        "non-veg",
        "combo-item",
        "services",
        "non-veg"
      ]
    },
    {
      "name": "Chicken Masala [500 ml]+6 Chapati+Chicken Dum Biryani+2 Papad",
      "description": "",
      "media": null,
      "price": 600,
      "menuName": "Combos",
      "categoryName": "",
      "slugs": [
        "non-veg",
        "combo-item",
        "services",
        "delivery-enabled",
        "delivery-enabled",
        "non-veg",
        "combo-item",
        "services",
        "non-veg"
      ]
    },
    {
      "name": "Boneless Special Afghani [1000 ml]+10 Chapati+Plain Rice+2 Papad",
      "description": "",
      "media": null,
      "price": 700,
      "menuName": "Combos",
      "categoryName": "",
      "slugs": [
        "non-veg",
        "combo-item",
        "services",
        "delivery-enabled",
        "delivery-enabled",
        "non-veg",
        "combo-item",
        "services",
        "non-veg"
      ]
    },
    {
      "name": "Tandoori Chicken Leg",
      "description": "",
      "media": "https://b.zmtcdn.com/data/dish_photos/c3a/88089a2864fc889be5e2e529c765fc3a.jpg",
      "price": 170,
      "menuName": "Starters",
      "categoryName": "",
      "slugs": [
        "non-veg",
        "services",
        "delivery-enabled",
        "delivery-enabled",
        "non-veg",
        "services",
        "non-veg"
      ]
    },
    {
      "name": "Chicken Dana 65",
      "description": "",
      "media": "https://b.zmtcdn.com/data/dish_photos/5aa/fcc70bcd6a19ae99c5ac9086ce02e5aa.jpg",
      "price": 180,
      "menuName": "Starters",
      "categoryName": "",
      "slugs": [
        "non-veg",
        "services",
        "delivery-enabled",
        "delivery-enabled",
        "non-veg",
        "services",
        "non-veg"
      ]
    },
    {
      "name": "Tandoori Chicken Chest",
      "description": "",
      "media": "https://b.zmtcdn.com/data/dish_photos/a80/f7917f74f56467431f760eb7393cda80.jpg",
      "price": 198,
      "menuName": "Starters",
      "categoryName": "",
      "slugs": [
        "non-veg",
        "services",
        "delivery-enabled",
        "delivery-enabled",
        "non-veg",
        "services",
        "non-veg"
      ]
    },
    {
      "name": "Tandoori Butter Leg",
      "description": "",
      "media": null,
      "price": 200,
      "menuName": "Starters",
      "categoryName": "",
      "slugs": [
        "non-veg",
        "services",
        "delivery-enabled",
        "delivery-enabled",
        "non-veg",
        "services",
        "non-veg"
      ]
    },
    {
      "name": "Chicken Cheese Tandoori Leg",
      "description": "",
      "media": "https://b.zmtcdn.com/data/dish_photos/ea8/046620d51b1f8e5a39ea40a124c10ea8.jpg",
      "price": 230,
      "menuName": "Starters",
      "categoryName": "",
      "slugs": [
        "non-veg",
        "services",
        "delivery-enabled",
        "delivery-enabled",
        "non-veg",
        "services",
        "non-veg"
      ]
    },
    {
      "name": "Boneless Chicken 69",
      "description": "",
      "media": "https://b.zmtcdn.com/data/dish_photos/44e/6042afa2bf3352a61a0ba240b050344e.jpg",
      "price": 240,
      "menuName": "Starters",
      "categoryName": "",
      "slugs": [
        "non-veg",
        "services",
        "delivery-enabled",
        "delivery-enabled",
        "non-veg",
        "services",
        "non-veg"
      ]
    },
    {
      "name": "Special Tandoori Leg",
      "description": "",
      "media": "https://b.zmtcdn.com/data/dish_photos/107/f7a4b5dd7d2b8991ccce4500dcc5a107.jpg",
      "price": 250,
      "menuName": "Starters",
      "categoryName": "",
      "slugs": [
        "non-veg",
        "services",
        "delivery-enabled",
        "delivery-enabled",
        "non-veg",
        "services",
        "non-veg"
      ]
    },
    {
      "name": "Boneless Red Chicken Tikka [6 Pieces]",
      "description": "",
      "media": "https://b.zmtcdn.com/data/dish_photos/9df/3d0d27f197498d65fbc81a3a1fe209df.jpg",
      "price": 260,
      "menuName": "Starters",
      "categoryName": "",
      "slugs": [
        "non-veg",
        "services",
        "delivery-enabled",
        "delivery-enabled",
        "non-veg",
        "services",
        "non-veg"
      ]
    },
    {
      "name": "Silver Chicken",
      "description": "",
      "media": "https://b.zmtcdn.com/data/dish_photos/79b/928a329c1b658602663d21aa310c079b.jpg",
      "price": 260,
      "menuName": "Starters",
      "categoryName": "",
      "slugs": [
        "non-veg",
        "services",
        "delivery-enabled",
        "delivery-enabled",
        "non-veg",
        "services",
        "non-veg"
      ]
    },
    {
      "name": "Boneless Green Chicken Tikka [6 Pieces]",
      "description": "",
      "media": "https://b.zmtcdn.com/data/dish_photos/071/c3c1f7cf3958a705b533f0eec81eb071.jpg",
      "price": 270,
      "menuName": "Starters",
      "categoryName": "",
      "slugs": [
        "non-veg",
        "services",
        "delivery-enabled",
        "delivery-enabled",
        "non-veg",
        "services",
        "non-veg"
      ]
    },
    {
      "name": "Lasooni Tikka [6 Pieces]",
      "description": "",
      "media": "https://b.zmtcdn.com/data/dish_photos/362/be747e8f5a68e3e0b44e2e5443076362.jpg",
      "price": 270,
      "menuName": "Starters",
      "categoryName": "",
      "slugs": [
        "non-veg",
        "services",
        "delivery-enabled",
        "delivery-enabled",
        "non-veg",
        "services",
        "non-veg"
      ]
    },
    {
      "name": "Chicken Bombay Fry",
      "description": "",
      "media": null,
      "price": 280,
      "menuName": "Starters",
      "categoryName": "",
      "slugs": [
        "non-veg",
        "services",
        "delivery-enabled",
        "delivery-enabled",
        "non-veg",
        "services",
        "non-veg"
      ]
    },
    {
      "name": "Chicken Pahadi",
      "description": "",
      "media": "https://b.zmtcdn.com/data/dish_photos/63c/ba1086e1d42b5cb3396f78cf01d7563c.jpg",
      "price": 0,
      "menuName": "Starters",
      "categoryName": "",
      "slugs": [
        "non-veg",
        "services",
        "delivery-enabled",
        "delivery-enabled",
        "non-veg",
        "services",
        "non-veg"
      ]
    },
    {
      "name": "Chicken Pathani",
      "description": "",
      "media": "https://b.zmtcdn.com/data/dish_photos/3cd/2809d83d33731626b989828351c583cd.jpg",
      "price": 0,
      "menuName": "Starters",
      "categoryName": "",
      "slugs": [
        "non-veg",
        "services",
        "delivery-enabled",
        "delivery-enabled",
        "non-veg",
        "services",
        "non-veg"
      ]
    },
    {
      "name": "Special Lehsuni Tikka [6 Pieces]",
      "description": "",
      "media": null,
      "price": 370,
      "menuName": "Starters",
      "categoryName": "",
      "slugs": [
        "non-veg",
        "services",
        "delivery-enabled",
        "delivery-enabled",
        "non-veg",
        "services",
        "non-veg"
      ]
    },
    {
      "name": "Golden Tikka [6 Pieces]",
      "description": "",
      "media": "https://b.zmtcdn.com/data/dish_photos/516/9cba82c3dcc795fb0500ecc4835a3516.jpg",
      "price": 380,
      "menuName": "Starters",
      "categoryName": "",
      "slugs": [
        "non-veg",
        "services",
        "delivery-enabled",
        "delivery-enabled",
        "non-veg",
        "services",
        "non-veg"
      ]
    },
    {
      "name": "Special Malai Tikka [6 Pieces]",
      "description": "",
      "media": "https://b.zmtcdn.com/data/dish_photos/bcb/6a2a9a044c91855aa82490acd979bbcb.jpg",
      "price": 380,
      "menuName": "Starters",
      "categoryName": "",
      "slugs": [
        "non-veg",
        "services",
        "delivery-enabled",
        "delivery-enabled",
        "non-veg",
        "services",
        "non-veg"
      ]
    },
    {
      "name": "Special Chicken Tangdi [4 Pieces]",
      "description": "",
      "media": "https://b.zmtcdn.com/data/dish_photos/037/939412272ffc84dfca1c2ad1af0a9037.jpg",
      "price": 480,
      "menuName": "Starters",
      "categoryName": "",
      "slugs": [
        "non-veg",
        "services",
        "delivery-enabled",
        "delivery-enabled",
        "non-veg",
        "services",
        "non-veg"
      ]
    },
    {
      "name": "Special Chicken Banglori Fry",
      "description": "",
      "media": null,
      "price": 760,
      "menuName": "Starters",
      "categoryName": "",
      "slugs": [
        "non-veg",
        "services",
        "delivery-enabled",
        "delivery-enabled",
        "non-veg",
        "services",
        "non-veg"
      ]
    },
    {
      "name": "Chicken Masala",
      "description": "",
      "media": "https://b.zmtcdn.com/data/dish_photos/3ba/a77935bbcd3ec56bcff3a840ad2b03ba.jpg",
      "price": 280,
      "menuName": "Main Course",
      "categoryName": "",
      "slugs": [
        "non-veg",
        "services",
        "delivery-enabled",
        "delivery-enabled",
        "non-veg",
        "services",
        "non-veg"
      ]
    },
    {
      "name": "Chicken Tawa Fry Gravy",
      "description": "",
      "media": null,
      "price": 280,
      "menuName": "Main Course",
      "categoryName": "",
      "slugs": [
        "non-veg",
        "services",
        "delivery-enabled",
        "delivery-enabled",
        "non-veg",
        "services",
        "non-veg"
      ]
    },
    {
      "name": "Chicken Machhi Masala",
      "description": "",
      "media": null,
      "price": 280,
      "menuName": "Main Course",
      "categoryName": "",
      "slugs": [
        "non-veg",
        "services",
        "delivery-enabled",
        "delivery-enabled",
        "non-veg",
        "services",
        "non-veg"
      ]
    },
    {
      "name": "Chicken Tawa Fry Green Masala",
      "description": "",
      "media": null,
      "price": 280,
      "menuName": "Main Course",
      "categoryName": "",
      "slugs": [
        "non-veg",
        "services",
        "delivery-enabled",
        "delivery-enabled",
        "non-veg",
        "services",
        "non-veg"
      ]
    },
    {
      "name": "Boneless Chicken Tikka Masala",
      "description": "",
      "media": "https://b.zmtcdn.com/data/dish_photos/0dd/9efb50646ca66cfae3556de75d40f0dd.jpg",
      "price": 280,
      "menuName": "Main Course",
      "categoryName": "",
      "slugs": [
        "non-veg",
        "services",
        "delivery-enabled",
        "delivery-enabled",
        "non-veg",
        "services",
        "non-veg"
      ]
    },
    {
      "name": "Boneless Chicken Makhani Gravy",
      "description": "",
      "media": null,
      "price": 280,
      "menuName": "Main Course",
      "categoryName": "",
      "slugs": [
        "non-veg",
        "services",
        "delivery-enabled",
        "delivery-enabled",
        "non-veg",
        "services",
        "non-veg"
      ]
    },
    {
      "name": "Golden Chicken",
      "description": "",
      "media": null,
      "price": 300,
      "menuName": "Main Course",
      "categoryName": "",
      "slugs": [
        "non-veg",
        "services",
        "delivery-enabled",
        "delivery-enabled",
        "non-veg",
        "services",
        "non-veg"
      ]
    },
    {
      "name": "Chicken Rajwadi",
      "description": "",
      "media": null,
      "price": 300,
      "menuName": "Main Course",
      "categoryName": "",
      "slugs": [
        "non-veg",
        "services",
        "delivery-enabled",
        "delivery-enabled",
        "non-veg",
        "services",
        "non-veg"
      ]
    },
    {
      "name": "Shrimp Masala Fry",
      "description": "",
      "media": null,
      "price": 310,
      "menuName": "Main Course",
      "categoryName": "",
      "slugs": [
        "non-veg",
        "services",
        "delivery-enabled",
        "delivery-enabled",
        "non-veg",
        "services",
        "non-veg"
      ]
    },
    {
      "name": "Boneless Lemon Tikka Masala",
      "description": "",
      "media": "https://b.zmtcdn.com/data/dish_photos/675/477d3272f212227ae46523d707a5c675.jpg",
      "price": 330,
      "menuName": "Main Course",
      "categoryName": "",
      "slugs": [
        "non-veg",
        "services",
        "delivery-enabled",
        "delivery-enabled",
        "non-veg",
        "services",
        "non-veg"
      ]
    },
    {
      "name": "Boneless Chicken Tikka Green Masala",
      "description": "",
      "media": "https://b.zmtcdn.com/data/dish_photos/c1e/076cc8cab6ddbcc3d82fd2aee72dac1e.jpg",
      "price": 330,
      "menuName": "Main Course",
      "categoryName": "",
      "slugs": [
        "non-veg",
        "services",
        "delivery-enabled",
        "delivery-enabled",
        "non-veg",
        "services",
        "non-veg"
      ]
    },
    {
      "name": "Boneless Pudina Tikka Masala",
      "description": "",
      "media": null,
      "price": 330,
      "menuName": "Main Course",
      "categoryName": "",
      "slugs": [
        "non-veg",
        "services",
        "delivery-enabled",
        "delivery-enabled",
        "non-veg",
        "services",
        "non-veg"
      ]
    },
    {
      "name": "Chicken Hyderabadi Green Gravy",
      "description": "",
      "media": "https://b.zmtcdn.com/data/dish_photos/847/c803da3dce06e1ad921701f115e0b847.jpg",
      "price": 330,
      "menuName": "Main Course",
      "categoryName": "",
      "slugs": [
        "non-veg",
        "services",
        "delivery-enabled",
        "delivery-enabled",
        "non-veg",
        "services",
        "non-veg"
      ]
    },
    {
      "name": "Chicken Lehsuniya Gravy",
      "description": "",
      "media": null,
      "price": 330,
      "menuName": "Main Course",
      "categoryName": "",
      "slugs": [
        "non-veg",
        "services",
        "delivery-enabled",
        "delivery-enabled",
        "non-veg",
        "services",
        "non-veg"
      ]
    },
    {
      "name": "Chicken Angara Gravy",
      "description": "",
      "media": "https://b.zmtcdn.com/data/dish_photos/c89/bbdd73d53a7a2afd553a02c26a2ebc89.jpg",
      "price": 330,
      "menuName": "Main Course",
      "categoryName": "",
      "slugs": [
        "non-veg",
        "services",
        "delivery-enabled",
        "delivery-enabled",
        "non-veg",
        "services",
        "non-veg"
      ]
    },
    {
      "name": "Boneless Chicken Dilkhush",
      "description": "",
      "media": "https://b.zmtcdn.com/data/dish_photos/ba1/d5ef3050932f4745b766ccf2c3d22ba1.jpg",
      "price": 330,
      "menuName": "Main Course",
      "categoryName": "",
      "slugs": [
        "non-veg",
        "services",
        "delivery-enabled",
        "delivery-enabled",
        "non-veg",
        "services",
        "non-veg"
      ]
    },
    {
      "name": "Boneless Chicken Chatpata",
      "description": "",
      "media": null,
      "price": 330,
      "menuName": "Main Course",
      "categoryName": "",
      "slugs": [
        "non-veg",
        "services",
        "delivery-enabled",
        "delivery-enabled",
        "non-veg",
        "services",
        "non-veg"
      ]
    },
    {
      "name": "Boneless Butter Chicken",
      "description": "",
      "media": "https://b.zmtcdn.com/data/dish_photos/a5c/98fd088aefde935c61b87ce8fda28a5c.jpg",
      "price": 330,
      "menuName": "Main Course",
      "categoryName": "",
      "slugs": [
        "non-veg",
        "services",
        "delivery-enabled",
        "delivery-enabled",
        "non-veg",
        "services",
        "non-veg"
      ]
    },
    {
      "name": "Chicken Kadhai Gravy",
      "description": "",
      "media": "https://b.zmtcdn.com/data/dish_photos/18a/58462bb824e3e9bad812b5981cf9018a.jpg",
      "price": 340,
      "menuName": "Main Course",
      "categoryName": "",
      "slugs": [
        "non-veg",
        "services",
        "delivery-enabled",
        "delivery-enabled",
        "non-veg",
        "services",
        "non-veg"
      ]
    },
    {
      "name": "Boneless Chilli Chicken Tikka Masala",
      "description": "",
      "media": "https://b.zmtcdn.com/data/dish_photos/313/50ea5e09cb16110230347eebfd75a313.jpg",
      "price": 350,
      "menuName": "Main Course",
      "categoryName": "",
      "slugs": [
        "non-veg",
        "services",
        "delivery-enabled",
        "delivery-enabled",
        "non-veg",
        "services",
        "non-veg"
      ]
    },
    {
      "name": "Mutton Masala Gravy",
      "description": "",
      "media": null,
      "price": 350,
      "menuName": "Main Course",
      "categoryName": "",
      "slugs": [
        "non-veg",
        "services",
        "delivery-enabled",
        "delivery-enabled",
        "non-veg",
        "services",
        "non-veg"
      ]
    },
    {
      "name": "Chicken Kolhapuri",
      "description": "",
      "media": "https://b.zmtcdn.com/data/dish_photos/37a/dc9099ab5c60f03de5037b33a361a37a.jpg",
      "price": 370,
      "menuName": "Main Course",
      "categoryName": "",
      "slugs": [
        "non-veg",
        "services",
        "sf-spicy",
        "delivery-enabled",
        "delivery-enabled",
        "non-veg",
        "services",
        "sf-spicy",
        "non-veg"
      ]
    },
    {
      "name": "Boneless Chicken Lehsuniya",
      "description": "",
      "media": null,
      "price": 380,
      "menuName": "Main Course",
      "categoryName": "",
      "slugs": [
        "non-veg",
        "services",
        "delivery-enabled",
        "delivery-enabled",
        "non-veg",
        "services",
        "non-veg"
      ]
    },
    {
      "name": "Chicken Pack",
      "description": "",
      "media": null,
      "price": 380,
      "menuName": "Main Course",
      "categoryName": "",
      "slugs": [
        "non-veg",
        "services",
        "delivery-enabled",
        "delivery-enabled",
        "non-veg",
        "services",
        "non-veg"
      ]
    },
    {
      "name": "Chicken Shimla",
      "description": "",
      "media": null,
      "price": 380,
      "menuName": "Main Course",
      "categoryName": "",
      "slugs": [
        "non-veg",
        "services",
        "delivery-enabled",
        "delivery-enabled",
        "non-veg",
        "services",
        "non-veg"
      ]
    },
    {
      "name": "Chicken Pyaza",
      "description": "",
      "media": null,
      "price": 380,
      "menuName": "Main Course",
      "categoryName": "",
      "slugs": [
        "non-veg",
        "services",
        "delivery-enabled",
        "delivery-enabled",
        "non-veg",
        "services",
        "non-veg"
      ]
    },
    {
      "name": "Chicken Roasted Masala",
      "description": "",
      "media": "https://b.zmtcdn.com/data/dish_photos/fef/c558c2c71178e044ee069b32b9042fef.jpg",
      "price": 380,
      "menuName": "Main Course",
      "categoryName": "",
      "slugs": [
        "non-veg",
        "services",
        "delivery-enabled",
        "delivery-enabled",
        "non-veg",
        "services",
        "non-veg"
      ]
    },
    {
      "name": "Chicken Hariyali",
      "description": "",
      "media": "https://b.zmtcdn.com/data/dish_photos/f2e/982fd28d91930dfda6bca91e64f2ef2e.jpg",
      "price": 380,
      "menuName": "Main Course",
      "categoryName": "",
      "slugs": [
        "non-veg",
        "services",
        "delivery-enabled",
        "delivery-enabled",
        "non-veg",
        "services",
        "non-veg"
      ]
    },
    {
      "name": "Chicken Char Bag",
      "description": "",
      "media": "https://b.zmtcdn.com/data/dish_photos/0dd/9efb50646ca66cfae3556de75d40f0dd.jpg",
      "price": 380,
      "menuName": "Main Course",
      "categoryName": "",
      "slugs": [
        "non-veg",
        "services",
        "delivery-enabled",
        "delivery-enabled",
        "non-veg",
        "services",
        "non-veg"
      ]
    },
    {
      "name": "Chicken Ghotala",
      "description": "",
      "media": null,
      "price": 380,
      "menuName": "Main Course",
      "categoryName": "",
      "slugs": [
        "non-veg",
        "services",
        "delivery-enabled",
        "delivery-enabled",
        "non-veg",
        "services",
        "non-veg"
      ]
    },
    {
      "name": "Chicken Mughlai",
      "description": "",
      "media": null,
      "price": 380,
      "menuName": "Main Course",
      "categoryName": "",
      "slugs": [
        "non-veg",
        "services",
        "delivery-enabled",
        "delivery-enabled",
        "non-veg",
        "services",
        "non-veg"
      ]
    },
    {
      "name": "Chicken Kashmiri",
      "description": "",
      "media": "https://b.zmtcdn.com/data/dish_photos/2b7/3f23e8be7d08f91d8e035bcab8fc12b7.jpg",
      "price": 380,
      "menuName": "Main Course",
      "categoryName": "",
      "slugs": [
        "non-veg",
        "services",
        "delivery-enabled",
        "delivery-enabled",
        "non-veg",
        "services",
        "non-veg"
      ]
    },
    {
      "name": "Tangdi Masala [2 Pieces]",
      "description": "",
      "media": null,
      "price": 380,
      "menuName": "Main Course",
      "categoryName": "",
      "slugs": [
        "non-veg",
        "services",
        "delivery-enabled",
        "delivery-enabled",
        "non-veg",
        "services",
        "non-veg"
      ]
    },
    {
      "name": "Chicken Rashida",
      "description": "",
      "media": null,
      "price": 380,
      "menuName": "Main Course",
      "categoryName": "",
      "slugs": [
        "non-veg",
        "services",
        "delivery-enabled",
        "delivery-enabled",
        "non-veg",
        "services",
        "non-veg"
      ]
    },
    {
      "name": "Mutton Kashmiri",
      "description": "",
      "media": null,
      "price": 400,
      "menuName": "Main Course",
      "categoryName": "",
      "slugs": [
        "non-veg",
        "services",
        "delivery-enabled",
        "delivery-enabled",
        "non-veg",
        "services",
        "non-veg"
      ]
    },
    {
      "name": "Chicken Caska Maska",
      "description": "",
      "media": null,
      "price": 410,
      "menuName": "Main Course",
      "categoryName": "",
      "slugs": [
        "non-veg",
        "services",
        "delivery-enabled",
        "delivery-enabled",
        "non-veg",
        "services",
        "non-veg"
      ]
    },
    {
      "name": "Boneless Chicken Khurchan",
      "description": "",
      "media": null,
      "price": 430,
      "menuName": "Main Course",
      "categoryName": "",
      "slugs": [
        "non-veg",
        "services",
        "delivery-enabled",
        "delivery-enabled",
        "non-veg",
        "services",
        "non-veg"
      ]
    },
    {
      "name": "Boneless Chicken Reshmi",
      "description": "",
      "media": null,
      "price": 430,
      "menuName": "Main Course",
      "categoryName": "",
      "slugs": [
        "non-veg",
        "services",
        "delivery-enabled",
        "delivery-enabled",
        "non-veg",
        "services",
        "non-veg"
      ]
    },
    {
      "name": "Boneless Chicken Paplet Masala",
      "description": "",
      "media": null,
      "price": 450,
      "menuName": "Main Course",
      "categoryName": "",
      "slugs": [
        "non-veg",
        "services",
        "delivery-enabled",
        "delivery-enabled",
        "non-veg",
        "services",
        "non-veg"
      ]
    },
    {
      "name": "Boneless Special Afghani",
      "description": "",
      "media": "https://b.zmtcdn.com/data/dish_photos/782/890e11ba344c6f4679469f4049ea9782.jpg",
      "price": 480,
      "menuName": "Main Course",
      "categoryName": "",
      "slugs": [
        "non-veg",
        "services",
        "delivery-enabled",
        "delivery-enabled",
        "non-veg",
        "services",
        "non-veg"
      ]
    },
    {
      "name": "Mutton Angara Gravy",
      "description": "",
      "media": null,
      "price": 480,
      "menuName": "Main Course",
      "categoryName": "",
      "slugs": [
        "non-veg",
        "services",
        "delivery-enabled",
        "delivery-enabled",
        "non-veg",
        "services",
        "non-veg"
      ]
    },
    {
      "name": "Boneless Chicken Angara",
      "description": "",
      "media": null,
      "price": 490,
      "menuName": "Main Course",
      "categoryName": "",
      "slugs": [
        "non-veg",
        "services",
        "delivery-enabled",
        "delivery-enabled",
        "non-veg",
        "services",
        "non-veg"
      ]
    },
    {
      "name": "Mutton Mughlai Gravy",
      "description": "",
      "media": null,
      "price": 500,
      "menuName": "Main Course",
      "categoryName": "",
      "slugs": [
        "non-veg",
        "services",
        "delivery-enabled",
        "delivery-enabled",
        "non-veg",
        "services",
        "non-veg"
      ]
    },
    {
      "name": "Mutton Kolhapuri Gravy",
      "description": "",
      "media": null,
      "price": 500,
      "menuName": "Main Course",
      "categoryName": "",
      "slugs": [
        "non-veg",
        "services",
        "sf-spicy",
        "delivery-enabled",
        "delivery-enabled",
        "non-veg",
        "services",
        "sf-spicy",
        "non-veg"
      ]
    },
    {
      "name": "Mutton Rashida Gravy",
      "description": "",
      "media": null,
      "price": 500,
      "menuName": "Main Course",
      "categoryName": "",
      "slugs": [
        "non-veg",
        "services",
        "delivery-enabled",
        "delivery-enabled",
        "non-veg",
        "services",
        "non-veg"
      ]
    },
    {
      "name": "Special Chicken Hindustani",
      "description": "",
      "media": "https://b.zmtcdn.com/data/dish_photos/652/c1743bf306f96438d2d9d5f7c5f70652.jpg",
      "price": 680,
      "menuName": "Main Course",
      "categoryName": "",
      "slugs": [
        "non-veg",
        "services",
        "delivery-enabled",
        "delivery-enabled",
        "non-veg",
        "services",
        "non-veg"
      ]
    },
    {
      "name": "Chapati",
      "description": "",
      "media": "https://b.zmtcdn.com/data/dish_photos/6bd/dd5a212318d34833f4a9c830228d36bd.jpg",
      "price": 12,
      "menuName": "Breads",
      "categoryName": "",
      "slugs": [
        "veg",
        "services",
        "delivery-enabled",
        "delivery-enabled",
        "veg",
        "services",
        "veg"
      ]
    },
    {
      "name": "Butter Chapati",
      "description": "",
      "media": "https://b.zmtcdn.com/data/dish_photos/5bb/b126f00612e93ac2dbeac41a7bffb5bb.jpg",
      "price": 25,
      "menuName": "Breads",
      "categoryName": "",
      "slugs": [
        "veg",
        "services",
        "sf-not-vegan",
        "delivery-enabled",
        "delivery-enabled",
        "veg",
        "services",
        "sf-not-vegan",
        "veg"
      ]
    },
    {
      "name": "Plain Rice",
      "description": "",
      "media": null,
      "price": 90,
      "menuName": "Rice, Biryani and Fried Rice",
      "categoryName": "Rice",
      "slugs": [
        "veg",
        "services",
        "delivery-enabled",
        "delivery-enabled",
        "veg",
        "services",
        "veg"
      ]
    },
    {
      "name": "Jeera Rice",
      "description": "",
      "media": null,
      "price": 120,
      "menuName": "Rice, Biryani and Fried Rice",
      "categoryName": "Rice",
      "slugs": [
        "veg",
        "services",
        "delivery-enabled",
        "delivery-enabled",
        "veg",
        "services",
        "veg"
      ]
    },
    {
      "name": "Chicken Pulao",
      "description": "",
      "media": null,
      "price": 308,
      "menuName": "Rice, Biryani and Fried Rice",
      "categoryName": "Rice",
      "slugs": [
        "non-veg",
        "services",
        "delivery-enabled",
        "delivery-enabled",
        "non-veg",
        "services",
        "non-veg"
      ]
    },
    {
      "name": "Chicken Dum Biryani",
      "description": "",
      "media": "https://b.zmtcdn.com/data/dish_photos/800/c7c5aff5b438bc4c75db115c41597800.jpg",
      "price": 260,
      "menuName": "Rice, Biryani and Fried Rice",
      "categoryName": "Biryani",
      "slugs": [
        "non-veg",
        "services",
        "delivery-enabled",
        "delivery-enabled",
        "non-veg",
        "services",
        "non-veg"
      ]
    },
    {
      "name": "Chicken Tikka Fried Rice",
      "description": "",
      "media": "https://b.zmtcdn.com/data/dish_photos/df3/ee713d0e220cebd9bb9ef34a97276df3.jpg",
      "price": 270,
      "menuName": "Rice, Biryani and Fried Rice",
      "categoryName": "Fried Rice",
      "slugs": [
        "non-veg",
        "services",
        "delivery-enabled",
        "delivery-enabled",
        "non-veg",
        "services",
        "non-veg"
      ]
    },
    {
      "name": "Chicken Fried Rice",
      "description": "",
      "media": "https://b.zmtcdn.com/data/dish_photos/96f/99fb214c56f3c0df676436d6e799b96f.jpg",
      "price": 270,
      "menuName": "Rice, Biryani and Fried Rice",
      "categoryName": "Fried Rice",
      "slugs": [
        "non-veg",
        "services",
        "delivery-enabled",
        "delivery-enabled",
        "non-veg",
        "services",
        "non-veg"
      ]
    },
    {
      "name": "Chicken Singapore Fried Rice",
      "description": "",
      "media": "https://b.zmtcdn.com/data/dish_photos/b5a/5fd298a80a067e7697585bd2eace9b5a.jpg",
      "price": 270,
      "menuName": "Rice, Biryani and Fried Rice",
      "categoryName": "Fried Rice",
      "slugs": [
        "non-veg",
        "services",
        "delivery-enabled",
        "delivery-enabled",
        "non-veg",
        "services",
        "non-veg"
      ]
    },
    {
      "name": "Chicken Schezwan Fried Rice",
      "description": "",
      "media": "https://b.zmtcdn.com/data/dish_photos/2dc/ec8429bf9a76993492b7d56ac19f12dc.jpg",
      "price": 270,
      "menuName": "Rice, Biryani and Fried Rice",
      "categoryName": "Fried Rice",
      "slugs": [
        "non-veg",
        "services",
        "sf-spicy",
        "delivery-enabled",
        "delivery-enabled",
        "non-veg",
        "services",
        "sf-spicy",
        "non-veg"
      ]
    },
    {
      "name": "Amdawadi Fried Rice",
      "description": "",
      "media": "https://b.zmtcdn.com/data/dish_photos/877/cb387620af0657b49fcd0a168776d877.jpg",
      "price": 330,
      "menuName": "Rice, Biryani and Fried Rice",
      "categoryName": "Fried Rice",
      "slugs": [
        "non-veg",
        "chef-special",
        "services",
        "delivery-enabled",
        "delivery-enabled",
        "non-veg",
        "chef-special",
        "services",
        "non-veg"
      ]
    },
    {
      "name": "Chicken Triple Fried Rice",
      "description": "",
      "media": "https://b.zmtcdn.com/data/dish_photos/d39/72cb6e1199a484f039210507ebba0d39.jpg",
      "price": 335,
      "menuName": "Rice, Biryani and Fried Rice",
      "categoryName": "Fried Rice",
      "slugs": [
        "non-veg",
        "services",
        "delivery-enabled",
        "delivery-enabled",
        "non-veg",
        "services",
        "non-veg"
      ]
    },
    {
      "name": "Roasted Papad",
      "description": "",
      "media": "https://b.zmtcdn.com/data/dish_photos/533/da3f59fd76dbe2f9f63fe94bf8e2f533.jpg",
      "price": 20,
      "menuName": "Accompaniments",
      "categoryName": "",
      "slugs": [
        "veg",
        "services",
        "delivery-enabled",
        "delivery-enabled",
        "veg",
        "services",
        "veg"
      ]
    },
    {
      "name": "Fried Papad",
      "description": "",
      "media": "https://b.zmtcdn.com/data/dish_photos/45a/e028c8f4111e78ce6ef13a822c23945a.jpg",
      "price": 20,
      "menuName": "Accompaniments",
      "categoryName": "",
      "slugs": [
        "veg",
        "services",
        "delivery-enabled",
        "delivery-enabled",
        "veg",
        "services",
        "veg"
      ]
    }
  ]
}