{
  "basicInfo": {
    "name": "Baba Omlet Center",
    "cuisine_string": "Gujarati, Street Food",
    "canonicalUrl": "https://www.zomato.com/surat/baba-omlet-center-adajan-gam/order"
  },
  "ratings": {
    "DINING": {
      "rating_type": "DINING",
      "rating": "4.0",
      "reviewCount": "209",
      "reviewTextSmall": "209 Reviews",
      "subtext": "209 Dining Reviews",
      "color": "#1C1C1C",
      "ratingV2": "4.0",
      "subtitle": "DINING",
      "sideSubTitle": "Dining Ratings",
      "bgColorV2": {
        "type": "green",
        "tint": "700"
      },
      "newOnDining": false
    },
    "DELIVERY": {
      "rating_type": "DELIVERY",
      "rating": "4.2",
      "reviewCount": "13.3K",
      "reviewTextSmall": "13.3K Reviews",
      "subtext": "13.3K Delivery Reviews",
      "color": "#E23744",
      "ratingV2": "4.2",
      "subtitle": "DELIVERY",
      "sideSubTitle": "Delivery Ratings",
      "bgColorV2": {
        "type": "green",
        "tint": "700"
      },
      "newOnDelivery": false
    }
  },
  "establishment": {
    "city_id": 38,
    "city_name": "Surat",
    "country_id": 1,
    "country_name": "India",
    "zipcode": "",
    "is_dark_kitchen": false,
    "locality_verbose": "Adajan Gam, Surat",
    "latitude": "21.1870864553",
    "longitude": "72.7945568901",
    "static_map_url": "https://maps.zomato.com/php/staticmap?center=21.1870864553,72.7945568901&maptype=zomato&markers=21.1870864553,72.7945568901,pin_res32&sensor=false&scale=2&zoom=16&language=en&size=240x150&size=400x240",
    "address": "Shop 7, Alishan Enclave, Opposite Star Bazar, Adajan Gam, Surat",
    "is_phone_available": 1,
    "phoneDetails": {
      "title": "Phone Numbers",
      "phoneStr": "+918320253159, +918140889181"
    },
    "res_chain_text": "",
    "res_group_text": "",
    "res_chain_url": "",
    "res_group_url": "",
    "show_res_map": true
  },
  "items": [
    {
      "name": "Cheese Rabdi [2 Eggs]+Boiled Salad [2 Eggs]+Omelette [2 Eggs]+8 Pcs Pav+1 Jeera Soda(200 ml)",
      "description": "Cheese Rabdi [2 Eggs]+Boiled Salad [2 Eggs]+Omelette [2 Eggs]+8 Pav+1 Cold Beverage [Prepared in oil]",
      "media": "https://b.zmtcdn.com/data/dish_photos/8a7/41d94e63c005da42899b549be1f8e8a7.jpg",
      "price": 499,
      "menuName": "Today's Exclusive Dishes",
      "categoryName": "",
      "slugs": [
        "egg",
        "exclusive-offer",
        "medium-spicy",
        "combo-item",
        "services",
        "delivery-enabled",
        "delivery-enabled",
        "egg",
        "exclusive-offer",
        "medium-spicy",
        "combo-item",
        "services",
        "egg"
      ]
    },
    {
      "name": "Egg Lehsuni Lachko [2 Eggs]+Egg Bhurji [2 Eggs]+Egg Curry [2 Eggs]+10 Pcs Pav+1 Jeera Soda(200 ml)",
      "description": "Egg Lehsuni Lachko [2 Eggs]+Egg Bhurji [2 Eggs]+Egg Curry [2 Eggs]+10 Pav+1 Cold Beverage [Prepared in oil]",
      "media": "https://b.zmtcdn.com/data/dish_photos/bfd/9bf0092688639c7cbf158e181607abfd.jpg",
      "price": 639,
      "menuName": "Today's Exclusive Dishes",
      "categoryName": "",
      "slugs": [
        "egg",
        "exclusive-offer",
        "medium-spicy",
        "combo-item",
        "services",
        "delivery-enabled",
        "delivery-enabled",
        "egg",
        "exclusive-offer",
        "medium-spicy",
        "combo-item",
        "services",
        "egg"
      ]
    },
    {
      "name": "Green Keema [2 Eggs]+Green Curry [2 Eggs]+Tomato Fry [2 Eggs]+10 Pcs Pav+1 Jeera Soda(200 ml)",
      "description": "Green Keema [2 Eggs]+Green Curry [2 Eggs]+Tomato Fry [2 Eggs]+10 Pav+1 Cold Beverage [Prepared in oil]",
      "media": "https://b.zmtcdn.com/data/dish_photos/fd0/b35f8caca0b53723931127a3e6393fd0.jpg",
      "price": 639,
      "menuName": "Today's Exclusive Dishes",
      "categoryName": "",
      "slugs": [
        "egg",
        "exclusive-offer",
        "medium-spicy",
        "combo-item",
        "services",
        "delivery-enabled",
        "delivery-enabled",
        "egg",
        "exclusive-offer",
        "medium-spicy",
        "combo-item",
        "services",
        "egg"
      ]
    },
    {
      "name": "Egg Curry [2 Eggs]+Green Gotalo [2 Eggs]+8 Pcs Pav+1 Jeera Soda(200 ml)",
      "description": "Egg Curry[2 Eggs]+Green Gotalo [2 Eggs]+Pav [8 Pieces]+1 Cold Beverage",
      "media": "https://b.zmtcdn.com/data/dish_photos/24d/1efae0ae908d519fd53de2e04887b24d.jpg",
      "price": 439,
      "menuName": "Baba Special Combos",
      "categoryName": "Combos",
      "slugs": [
        "egg",
        "medium-spicy",
        "combo-item",
        "services",
        "category-north-indian",
        "delivery-enabled",
        "delivery-enabled",
        "egg",
        "medium-spicy",
        "combo-item",
        "services",
        "category-north-indian",
        "egg"
      ]
    },
    {
      "name": "Cheese Red Gotalo [2 Eggs]+Egg Lasan Fry [2 Eggs]+8 Pcs Pav+1 Jeera Soda(200 ml)",
      "description": "Cheese Red Gotalo [2 Eggs]+Egg Lasan Fry [2 Eggs]+8 Pav+1 Cold Beverage [Prepared with oil]",
      "media": null,
      "price": 479,
      "menuName": "Baba Special Combos",
      "categoryName": "Combos",
      "slugs": [
        "egg",
        "exclusive-offer",
        "combo-item",
        "services",
        "delivery-enabled",
        "delivery-enabled",
        "egg",
        "exclusive-offer",
        "combo-item",
        "services",
        "egg"
      ]
    },
    {
      "name": "Cheese Rabdi [2 Eggs]+Boiled Salad [2 Eggs]+Omelette [2 Eggs]+8 Pcs Pav+1 Jeera Soda(200 ml)",
      "description": "Cheese Rabdi [2 Eggs]+Boiled Salad [2 Eggs]+Omelette [2 Eggs]+8 Pav+1 Cold Beverage [Prepared in oil]",
      "media": "https://b.zmtcdn.com/data/dish_photos/8a7/41d94e63c005da42899b549be1f8e8a7.jpg",
      "price": 499,
      "menuName": "Baba Special Combos",
      "categoryName": "Combos",
      "slugs": [
        "egg",
        "exclusive-offer",
        "medium-spicy",
        "combo-item",
        "services",
        "delivery-enabled",
        "delivery-enabled",
        "egg",
        "exclusive-offer",
        "medium-spicy",
        "combo-item",
        "services",
        "egg"
      ]
    },
    {
      "name": "Egg Lehsuni Lachko [2 Eggs]+Egg Bhurji [2 Eggs]+Egg Curry [2 Eggs]+10 Pcs Pav+1 Jeera Soda(200 ml)",
      "description": "Egg Lehsuni Lachko [2 Eggs]+Egg Bhurji [2 Eggs]+Egg Curry [2 Eggs]+10 Pav+1 Cold Beverage [Prepared in oil]",
      "media": "https://b.zmtcdn.com/data/dish_photos/bfd/9bf0092688639c7cbf158e181607abfd.jpg",
      "price": 639,
      "menuName": "Baba Special Combos",
      "categoryName": "Combos",
      "slugs": [
        "egg",
        "exclusive-offer",
        "medium-spicy",
        "combo-item",
        "services",
        "delivery-enabled",
        "delivery-enabled",
        "egg",
        "exclusive-offer",
        "medium-spicy",
        "combo-item",
        "services",
        "egg"
      ]
    },
    {
      "name": "Green Keema [2 Eggs]+Green Curry [2 Eggs]+Tomato Fry [2 Eggs]+10 Pcs Pav+1 Jeera Soda(200 ml)",
      "description": "Green Keema [2 Eggs]+Green Curry [2 Eggs]+Tomato Fry [2 Eggs]+10 Pav+1 Cold Beverage [Prepared in oil]",
      "media": "https://b.zmtcdn.com/data/dish_photos/fd0/b35f8caca0b53723931127a3e6393fd0.jpg",
      "price": 639,
      "menuName": "Baba Special Combos",
      "categoryName": "Combos",
      "slugs": [
        "egg",
        "exclusive-offer",
        "medium-spicy",
        "combo-item",
        "services",
        "delivery-enabled",
        "delivery-enabled",
        "egg",
        "exclusive-offer",
        "medium-spicy",
        "combo-item",
        "services",
        "egg"
      ]
    },
    {
      "name": "Egg Australian Fry [2 Eggs]+Limbu Mari Omelette [2 Eggs]+Egg Pulao [2 Eggs]+10 Pcs Pav+1 Jeera Soda",
      "description": "Egg Australian Fry [2 Eggs]+Limbu Mari Omelette [2 Eggs]+Egg Pulao [2 Eggs]+10 Pav+1 Cold Beverage [Prepared in oil]",
      "media": "https://b.zmtcdn.com/data/dish_photos/1db/0557577f041eb8b3af8e6f10886381db.jpg",
      "price": 659,
      "menuName": "Baba Special Combos",
      "categoryName": "Combos",
      "slugs": [
        "egg",
        "exclusive-offer",
        "medium-spicy",
        "combo-item",
        "services",
        "delivery-enabled",
        "delivery-enabled",
        "egg",
        "exclusive-offer",
        "medium-spicy",
        "combo-item",
        "services",
        "egg"
      ]
    },
    {
      "name": "Egg Australian Fry [2 Eggs]+Lasan Fry [2 Eggs]+Chinese Fry Pulao [2 Eggs]+10 Pcs Pav+1 Jeera Soda(200 ml)",
      "description": "Baba Special Egg Curry [4 Eggs]+Egg Sandwich [2 Eggs]+10 Pav+1 Cold Beverage [Prepared in oil]",
      "media": null,
      "price": 699,
      "menuName": "Baba Special Combos",
      "categoryName": "Combos",
      "slugs": [
        "egg",
        "exclusive-offer",
        "combo-item",
        "services",
        "delivery-enabled",
        "delivery-enabled",
        "egg",
        "exclusive-offer",
        "combo-item",
        "services",
        "egg"
      ]
    },
    {
      "name": "Egg Ravaiya [3 Eggs]+Cheese Green Gotalo [2 Eggs]+12 Pcs Pav+1 Jeera Soda(200 ml)",
      "description": "Egg Ravaiya [3 Eggs]+Cheese Green Gotalo [2 Eggs]+12 Pav+1 Cold Beverage [Prepared in oil]",
      "media": "https://b.zmtcdn.com/data/dish_photos/4de/34602a1130df102d1f631e17450934de.jpg",
      "price": 719,
      "menuName": "Baba Special Combos",
      "categoryName": "Combos",
      "slugs": [
        "egg",
        "exclusive-offer",
        "medium-spicy",
        "combo-item",
        "services",
        "delivery-enabled",
        "delivery-enabled",
        "egg",
        "exclusive-offer",
        "medium-spicy",
        "combo-item",
        "services",
        "egg"
      ]
    },
    {
      "name": "Cheese Keema [2 Eggs]+Hum Tum [2 Eggs]+Cheese Omelette [2 Eggs]+10 Pcs Pav+1 Jeera Soda(200 ml)",
      "description": "Cheese Keema [2 Eggs]+Hum Tum [2 Eggs]+Cheese Omelette [2 Eggs]+10 Pav+1 Cold Beverage [Prepared in oil]",
      "media": null,
      "price": 779,
      "menuName": "Baba Special Combos",
      "categoryName": "Combos",
      "slugs": [
        "egg",
        "exclusive-offer",
        "combo-item",
        "services",
        "delivery-enabled",
        "delivery-enabled",
        "egg",
        "exclusive-offer",
        "combo-item",
        "services",
        "egg"
      ]
    },
    {
      "name": "Cream Lachko[2 Eggs]+Cream Curry[2 Eggs]+Cheese Pulao [2 Eggs]+6 Pcs Pav+1 Jeera Soda(200 ml)",
      "description": "Cream Lachko[2 Eggs]+Cream Curry[2 Eggs]+Cheese Pulao [2 Eggs]+6 Pcs Pav+1 Cold Beverage [Prepared in oil]",
      "media": null,
      "price": 839,
      "menuName": "Baba Special Combos",
      "categoryName": "Combos",
      "slugs": [
        "egg",
        "exclusive-offer",
        "combo-item",
        "services",
        "delivery-enabled",
        "delivery-enabled",
        "egg",
        "exclusive-offer",
        "combo-item",
        "services",
        "egg"
      ]
    },
    {
      "name": "Egg Green Keema [2 Eggs]+Egg Bhurji [2 Eggs]+Goti Gotalo [2 Eggs]+Chinese Egg Fry Pulao [2 Eggs]+12 Pcs Pav+1 Jeera Soda(200 ml)",
      "description": "Egg Green Keema [2 Eggs]+Egg Bhurji [2 Eggs]+Goti Gotalo [2 Eggs]+Chinese Egg Fry Pulao [2 Eggs]+12 Pav+1 Cold Beverage [Prepared in oil]",
      "media": null,
      "price": 839,
      "menuName": "Baba Special Combos",
      "categoryName": "Combos",
      "slugs": [
        "egg",
        "exclusive-offer",
        "combo-item",
        "services",
        "delivery-enabled",
        "delivery-enabled",
        "egg",
        "exclusive-offer",
        "combo-item",
        "services",
        "egg"
      ]
    },
    {
      "name": "Egg Royal Lahori [4 Eggs]+Egg Green Goti Fry [2 Eggs]+Egg Sandwich[2 Eggs]+14 Pcs Pav+1 Jeera Soda(200 ml)",
      "description": "Egg Royal Lahori [4 Eggs]+Egg Green Goti Fry [2 Eggs]+Egg Sandwich[2 Eggs]+14 Pav+1 Cold Beverage [Prepared in oil]",
      "media": null,
      "price": 919,
      "menuName": "Baba Special Combos",
      "categoryName": "Combos",
      "slugs": [
        "egg",
        "exclusive-offer",
        "combo-item",
        "services",
        "delivery-enabled",
        "delivery-enabled",
        "egg",
        "exclusive-offer",
        "combo-item",
        "services",
        "egg"
      ]
    },
    {
      "name": "Egg Sandwich [1 Egg]",
      "description": "Served with onion and tomato mixed salad.",
      "media": null,
      "price": 0,
      "menuName": "Starters",
      "categoryName": "",
      "slugs": [
        "egg",
        "services",
        "delivery-enabled",
        "delivery-enabled",
        "egg",
        "services",
        "egg"
      ]
    },
    {
      "name": "Egg Cutlets [1 Egg]",
      "description": "",
      "media": "https://b.zmtcdn.com/data/dish_photos/a5a/2d28fc77854bc545303516d6dd6d0a5a.jpg",
      "price": 0,
      "menuName": "Starters",
      "categoryName": "",
      "slugs": [
        "egg",
        "services",
        "delivery-enabled",
        "delivery-enabled",
        "egg",
        "services",
        "egg"
      ]
    },
    {
      "name": "Egg Cheese Sandwich [2 Eggs]",
      "description": "Served with onion and tomato mixed salad.",
      "media": "https://b.zmtcdn.com/data/dish_photos/20d/5eb792a43116cb7a4f2af14a368f520d.jpg",
      "price": 0,
      "menuName": "Starters",
      "categoryName": "",
      "slugs": [
        "egg",
        "services",
        "delivery-enabled",
        "delivery-enabled",
        "egg",
        "services",
        "egg"
      ]
    },
    {
      "name": "Egg Roll [1 Egg]",
      "description": "Served with onion and tomato mixed salad.",
      "media": "https://b.zmtcdn.com/data/dish_photos/ff7/90a3da44c7f77e22000c9b298a16fff7.jpg",
      "price": 0,
      "menuName": "Starters",
      "categoryName": "",
      "slugs": [
        "egg",
        "restaurant-recommended",
        "medium-spicy",
        "services",
        "delivery-enabled",
        "delivery-enabled",
        "egg",
        "restaurant-recommended",
        "medium-spicy",
        "services",
        "egg"
      ]
    },
    {
      "name": "Cheese Chutney Boil [2 Eggs]",
      "description": "",
      "media": null,
      "price": 0,
      "menuName": "Starters",
      "categoryName": "",
      "slugs": [
        "egg",
        "restaurant-recommended",
        "services",
        "delivery-enabled",
        "delivery-enabled",
        "egg",
        "restaurant-recommended",
        "services",
        "egg"
      ]
    },
    {
      "name": "Boiled Egg Oil Fry [2 Eggs]",
      "description": "Served with onion and tomato mixed salad.",
      "media": "https://b.zmtcdn.com/data/dish_photos/195/d1983d52f4262c24ad018e192db7a195.jpg",
      "price": 0,
      "menuName": "Starters",
      "categoryName": "",
      "slugs": [
        "egg",
        "restaurant-recommended",
        "medium-spicy",
        "services",
        "delivery-enabled",
        "delivery-enabled",
        "egg",
        "restaurant-recommended",
        "medium-spicy",
        "services",
        "egg"
      ]
    },
    {
      "name": "Egg Bhurji [2 Eggs] with 4 Pav",
      "description": "",
      "media": "https://b.zmtcdn.com/data/dish_photos/f40/24ed919c8f501e828ae8c6e861db1f40.jpg",
      "price": 0,
      "menuName": "Main Course",
      "categoryName": "Regular Main Course",
      "slugs": [
        "egg",
        "services",
        "delivery-enabled",
        "delivery-enabled",
        "egg",
        "services",
        "egg"
      ]
    },
    {
      "name": "Lasan Lachko Egg [2 Eggs] with 4 Pav",
      "description": "",
      "media": "https://b.zmtcdn.com/data/dish_photos/03a/38fa6e7be9d0de41c42fd9338e9a403a.jpg",
      "price": 0,
      "menuName": "Main Course",
      "categoryName": "Regular Main Course",
      "slugs": [
        "egg",
        "restaurant-recommended",
        "services",
        "delivery-enabled",
        "delivery-enabled",
        "egg",
        "restaurant-recommended",
        "services",
        "egg"
      ]
    },
    {
      "name": "Lasan Kachu Egg [2 Eggs] with 4 Pav",
      "description": "",
      "media": "https://b.zmtcdn.com/data/dish_photos/2a0/c669742e7e074c367a3802a2c6d282a0.jpg",
      "price": 0,
      "menuName": "Main Course",
      "categoryName": "Regular Main Course",
      "slugs": [
        "egg",
        "services",
        "delivery-enabled",
        "delivery-enabled",
        "egg",
        "services",
        "egg"
      ]
    },
    {
      "name": "Egg Curry [2 Eggs] with 4 Pav",
      "description": "",
      "media": null,
      "price": 0,
      "menuName": "Main Course",
      "categoryName": "Regular Main Course",
      "slugs": [
        "egg",
        "restaurant-recommended",
        "services",
        "delivery-enabled",
        "delivery-enabled",
        "egg",
        "restaurant-recommended",
        "services",
        "egg"
      ]
    },
    {
      "name": "Egg Red Khimo [2 Eggs] with 4 Pav",
      "description": "Served With Onion - Tomato Mix Salad",
      "media": null,
      "price": 0,
      "menuName": "Main Course",
      "categoryName": "Regular Main Course",
      "slugs": [
        "egg",
        "services",
        "delivery-enabled",
        "delivery-enabled",
        "egg",
        "services",
        "egg"
      ]
    },
    {
      "name": "Egg Green Khimo [2 Eggs] with 4 Pav",
      "description": "Served With Onion - Tomato Mix Salad",
      "media": "https://b.zmtcdn.com/data/dish_photos/529/27e996981319d93c931528453cbf8529.jpg",
      "price": 0,
      "menuName": "Main Course",
      "categoryName": "Regular Main Course",
      "slugs": [
        "egg",
        "services",
        "delivery-enabled",
        "delivery-enabled",
        "egg",
        "services",
        "egg"
      ]
    },
    {
      "name": "Egg Ravaiya [3 Eggs] with 6 Pav",
      "description": "",
      "media": "https://b.zmtcdn.com/data/dish_photos/f1b/d0cdf77d409f2a60039feab1fd442f1b.jpg",
      "price": 0,
      "menuName": "Main Course",
      "categoryName": "Regular Main Course",
      "slugs": [
        "egg",
        "services",
        "delivery-enabled",
        "delivery-enabled",
        "egg",
        "services",
        "egg"
      ]
    },
    {
      "name": "Tadka Kachu Egg [2 Eggs] with 4 Pav",
      "description": "",
      "media": null,
      "price": 0,
      "menuName": "Main Course",
      "categoryName": "Regular Main Course",
      "slugs": [
        "egg",
        "services",
        "delivery-enabled",
        "delivery-enabled",
        "egg",
        "services",
        "egg"
      ]
    },
    {
      "name": "Egg Cream Curry [2 Eggs] with 4 Pav",
      "description": "Served With Onion - Tomato Mix Salad",
      "media": null,
      "price": 0,
      "menuName": "Main Course",
      "categoryName": "Regular Main Course",
      "slugs": [
        "egg",
        "pair-with-bread",
        "services",
        "delivery-enabled",
        "delivery-enabled",
        "egg",
        "pair-with-bread",
        "services",
        "egg"
      ]
    },
    {
      "name": "Egg Cream Khimo [2 Eggs] with 2 Pav",
      "description": "Served With Onion - Tomato Mix Salad",
      "media": null,
      "price": 0,
      "menuName": "Main Course",
      "categoryName": "Regular Main Course",
      "slugs": [
        "egg",
        "services",
        "delivery-enabled",
        "delivery-enabled",
        "egg",
        "services",
        "egg"
      ]
    },
    {
      "name": "Egg Lahori [2 Eggs] with 4 Pav",
      "description": "",
      "media": "https://b.zmtcdn.com/data/dish_photos/6d9/528df18baf1c14afc5568e383111f6d9.jpg",
      "price": 0,
      "menuName": "Main Course",
      "categoryName": "Regular Main Course",
      "slugs": [
        "egg",
        "services",
        "delivery-enabled",
        "delivery-enabled",
        "egg",
        "services",
        "egg"
      ]
    },
    {
      "name": "Egg Kachi Paki Lahori [2 Eggs] with 4 Pav",
      "description": "",
      "media": null,
      "price": 0,
      "menuName": "Main Course",
      "categoryName": "Regular Main Course",
      "slugs": [
        "egg",
        "services",
        "delivery-enabled",
        "delivery-enabled",
        "egg",
        "services",
        "egg"
      ]
    },
    {
      "name": "Egg Cheese Kofta [2 Eggs] with 4 Pav",
      "description": "",
      "media": "https://b.zmtcdn.com/data/dish_photos/ecc/c00446c2d4760cacbbde9e8955716ecc.jpg",
      "price": 0,
      "menuName": "Main Course",
      "categoryName": "Regular Main Course",
      "slugs": [
        "egg",
        "pair-with-bread",
        "services",
        "delivery-enabled",
        "delivery-enabled",
        "egg",
        "pair-with-bread",
        "services",
        "egg"
      ]
    },
    {
      "name": "Lahori Egg Tadka [2 Eggs] with 4 Pav",
      "description": "",
      "media": "https://b.zmtcdn.com/data/dish_photos/ddc/d67a41d9ba20b178532c2a9eb8690ddc.jpg",
      "price": 0,
      "menuName": "Main Course",
      "categoryName": "Regular Main Course",
      "slugs": [
        "egg",
        "services",
        "delivery-enabled",
        "delivery-enabled",
        "egg",
        "services",
        "egg"
      ]
    },
    {
      "name": "Egg Australian Keema [3 Eggs] with 6 Pav",
      "description": "Served with onion and tomato mixed salad.",
      "media": null,
      "price": 0,
      "menuName": "Main Course",
      "categoryName": "Regular Main Course",
      "slugs": [
        "egg",
        "services",
        "delivery-enabled",
        "delivery-enabled",
        "egg",
        "services",
        "egg"
      ]
    },
    {
      "name": "Egg Cream Gravy Kofta [4 Eggs] with 6 Pav",
      "description": "",
      "media": null,
      "price": 0,
      "menuName": "Main Course",
      "categoryName": "Regular Main Course",
      "slugs": [
        "egg",
        "services",
        "delivery-enabled",
        "delivery-enabled",
        "egg",
        "services",
        "egg"
      ]
    },
    {
      "name": "Egg Lazeez [4 Eggs] with 6 Pav",
      "description": "",
      "media": "https://b.zmtcdn.com/data/dish_photos/d5c/c50a79b05ee1ffb46c4f0d87d3c88d5c.jpg",
      "price": 0,
      "menuName": "Main Course",
      "categoryName": "Regular Main Course",
      "slugs": [
        "egg",
        "restaurant-recommended",
        "services",
        "delivery-enabled",
        "delivery-enabled",
        "egg",
        "restaurant-recommended",
        "services",
        "egg"
      ]
    },
    {
      "name": "Red Gotalo [2 Eggs] with 4 Pav",
      "description": "Served With Onion - Tomato Mix Salad",
      "media": null,
      "price": 0,
      "menuName": "Main Course",
      "categoryName": "Gotalo Main Course",
      "slugs": [
        "egg",
        "services",
        "delivery-enabled",
        "delivery-enabled",
        "egg",
        "services",
        "egg"
      ]
    },
    {
      "name": "Green Gotalo [2 Eggs] with 4 Pav",
      "description": "Served With Onion - Tomato Mix Salad",
      "media": "https://b.zmtcdn.com/data/dish_photos/97c/844c02edd46db8bad0ec377065be797c.jpg",
      "price": 0,
      "menuName": "Main Course",
      "categoryName": "Gotalo Main Course",
      "slugs": [
        "egg",
        "restaurant-recommended",
        "services",
        "delivery-enabled",
        "delivery-enabled",
        "egg",
        "restaurant-recommended",
        "services",
        "egg"
      ]
    },
    {
      "name": "Goti Gotalo [2 Eggs] with 4 Pav",
      "description": "",
      "media": null,
      "price": 0,
      "menuName": "Main Course",
      "categoryName": "Gotalo Main Course",
      "slugs": [
        "egg",
        "services",
        "delivery-enabled",
        "delivery-enabled",
        "egg",
        "services",
        "egg"
      ]
    },
    {
      "name": "Cheese Green Gotalo [2 Eggs] with 4 Pav",
      "description": "Served With Onion - Tomato Mix Salad",
      "media": "https://b.zmtcdn.com/data/dish_photos/40b/b17b2d2f56e8176c418bc4af86c6140b.jpg",
      "price": 0,
      "menuName": "Main Course",
      "categoryName": "Gotalo Main Course",
      "slugs": [
        "egg",
        "services",
        "delivery-enabled",
        "delivery-enabled",
        "egg",
        "services",
        "egg"
      ]
    },
    {
      "name": "Cheese Goti Gotalo [2 Eggs] with 4 Pav",
      "description": "",
      "media": "https://b.zmtcdn.com/data/dish_photos/699/036566776227203ae20da0fa28cbd699.jpg",
      "price": 0,
      "menuName": "Main Course",
      "categoryName": "Gotalo Main Course",
      "slugs": [
        "egg",
        "services",
        "delivery-enabled",
        "delivery-enabled",
        "egg",
        "services",
        "egg"
      ]
    },
    {
      "name": "Australian Gotalo [2 Eggs] with 4 Pav",
      "description": "",
      "media": null,
      "price": 0,
      "menuName": "Main Course",
      "categoryName": "Gotalo Main Course",
      "slugs": [
        "egg",
        "services",
        "delivery-enabled",
        "delivery-enabled",
        "egg",
        "services",
        "egg"
      ]
    },
    {
      "name": "Cheese Red Gotalo [2 Eggs] with 4 Pav",
      "description": "Served With Onion - Tomato Mix Salad",
      "media": null,
      "price": 0,
      "menuName": "Main Course",
      "categoryName": "Gotalo Main Course",
      "slugs": [
        "egg",
        "services",
        "delivery-enabled",
        "delivery-enabled",
        "egg",
        "services",
        "egg"
      ]
    },
    {
      "name": "Green Gotalo [4 Eggs] with 8 Pav",
      "description": "Served With Onion - Tomato Mix Salad",
      "media": null,
      "price": 0,
      "menuName": "Main Course",
      "categoryName": "Gotalo Main Course",
      "slugs": [
        "egg",
        "services",
        "delivery-enabled",
        "delivery-enabled",
        "egg",
        "services",
        "egg"
      ]
    },
    {
      "name": "Red Gotalo [4 Eggs] with 8 Pav",
      "description": "Served With Onion - Tomato Mix Salad",
      "media": "https://b.zmtcdn.com/data/dish_photos/f2b/2296a8cba479965def833362ee831f2b.jpg",
      "price": 0,
      "menuName": "Main Course",
      "categoryName": "Gotalo Main Course",
      "slugs": [
        "egg",
        "services",
        "delivery-enabled",
        "delivery-enabled",
        "egg",
        "services",
        "egg"
      ]
    },
    {
      "name": "Cheese Green Gotalo [4 Eggs] with 8 Pav",
      "description": "Served With Onion - Tomato Mix Salad",
      "media": null,
      "price": 0,
      "menuName": "Main Course",
      "categoryName": "Gotalo Main Course",
      "slugs": [
        "egg",
        "services",
        "delivery-enabled",
        "delivery-enabled",
        "egg",
        "services",
        "egg"
      ]
    },
    {
      "name": "Cheese Red Gotalo [4 Eggs] with 8 Pav",
      "description": "Served With Onion - Tomato Mix Salad",
      "media": null,
      "price": 0,
      "menuName": "Main Course",
      "categoryName": "Gotalo Main Course",
      "slugs": [
        "egg",
        "services",
        "delivery-enabled",
        "delivery-enabled",
        "egg",
        "services",
        "egg"
      ]
    },
    {
      "name": "Egg Goti Dal Fry [2 Eggs] with 4 Pav",
      "description": "Served With Onion - Tomato Mix Salad",
      "media": "https://b.zmtcdn.com/data/dish_photos/140/ac113b1a9f3bd470235ed3fe311ae140.jpg",
      "price": 0,
      "menuName": "Main Course",
      "categoryName": "Fry Main Course",
      "slugs": [
        "egg",
        "services",
        "delivery-enabled",
        "delivery-enabled",
        "egg",
        "services",
        "egg"
      ]
    },
    {
      "name": "Egg Tomato Fry [2 Eggs] with 4 Pav",
      "description": "",
      "media": null,
      "price": 0,
      "menuName": "Main Course",
      "categoryName": "Fry Main Course",
      "slugs": [
        "egg",
        "services",
        "delivery-enabled",
        "delivery-enabled",
        "egg",
        "services",
        "egg"
      ]
    },
    {
      "name": "Egg Green Lasan Fry [2 Eggs] with 4 Pav",
      "description": "",
      "media": null,
      "price": 0,
      "menuName": "Main Course",
      "categoryName": "Fry Main Course",
      "slugs": [
        "egg",
        "services",
        "delivery-enabled",
        "delivery-enabled",
        "egg",
        "services",
        "egg"
      ]
    },
    {
      "name": "Egg Green Goti Fry [2 Eggs] with 4 Pav",
      "description": "",
      "media": "https://b.zmtcdn.com/data/dish_photos/b03/ac57fd54d4b21bee33ad99d8e81f3b03.jpg",
      "price": 0,
      "menuName": "Main Course",
      "categoryName": "Fry Main Course",
      "slugs": [
        "egg",
        "services",
        "delivery-enabled",
        "delivery-enabled",
        "egg",
        "services",
        "egg"
      ]
    },
    {
      "name": "Egg Cheese Green Goti Fry [2 Eggs] with 4 Pav",
      "description": "",
      "media": "https://b.zmtcdn.com/data/dish_photos/9ae/55e833d1ef5bb4e0d2b53ba9120c69ae.jpg",
      "price": 0,
      "menuName": "Main Course",
      "categoryName": "Fry Main Course",
      "slugs": [
        "egg",
        "services",
        "delivery-enabled",
        "delivery-enabled",
        "egg",
        "services",
        "egg"
      ]
    },
    {
      "name": "Egg Australian Fry [2 Eggs] with 4 Pav",
      "description": "Served With Onion - Tomato Mix Salad",
      "media": "https://b.zmtcdn.com/data/dish_photos/1c6/258f8cc477b0a94687bc45e9ce3191c6.jpg",
      "price": 0,
      "menuName": "Main Course",
      "categoryName": "Fry Main Course",
      "slugs": [
        "egg",
        "hero-item",
        "services",
        "delivery-enabled",
        "delivery-enabled",
        "egg",
        "hero-item",
        "services",
        "egg"
      ]
    },
    {
      "name": "Egg Chinese Fry [2 Eggs] with 4 Pav",
      "description": "Served With Onion - Tomato Mix Salad",
      "media": "https://b.zmtcdn.com/data/dish_photos/095/e5631d93664a1324310d33a090065095.jpg",
      "price": 0,
      "menuName": "Main Course",
      "categoryName": "Fry Main Course",
      "slugs": [
        "egg",
        "restaurant-recommended",
        "services",
        "delivery-enabled",
        "delivery-enabled",
        "egg",
        "restaurant-recommended",
        "services",
        "egg"
      ]
    },
    {
      "name": "Egg Italian Fry [3 Eggs] with 6 Pav",
      "description": "",
      "media": "https://b.zmtcdn.com/data/dish_photos/e3f/c62c243b2cb0a15097d0f7af7f426e3f.jpg",
      "price": 0,
      "menuName": "Main Course",
      "categoryName": "Fry Main Course",
      "slugs": [
        "egg",
        "restaurant-recommended",
        "services",
        "delivery-enabled",
        "delivery-enabled",
        "egg",
        "restaurant-recommended",
        "services",
        "egg"
      ]
    },
    {
      "name": "Egg Australian Fry [4 Eggs] with 8 Pav",
      "description": "Served With Onion - Tomato Mix Salad",
      "media": "https://b.zmtcdn.com/data/dish_photos/338/139e55900851b7fe9f40f36583923338.jpg",
      "price": 0,
      "menuName": "Main Course",
      "categoryName": "Fry Main Course",
      "slugs": [
        "egg",
        "services",
        "delivery-enabled",
        "delivery-enabled",
        "egg",
        "services",
        "egg"
      ]
    },
    {
      "name": "Egg Chinese Fry [4 Eggs] with 8 Pav",
      "description": "Served With Onion - Tomato Mix Salad",
      "media": null,
      "price": 0,
      "menuName": "Main Course",
      "categoryName": "Fry Main Course",
      "slugs": [
        "egg",
        "restaurant-recommended",
        "services",
        "delivery-enabled",
        "delivery-enabled",
        "egg",
        "restaurant-recommended",
        "services",
        "egg"
      ]
    },
    {
      "name": "Egg Cream Rajwadi Fry Gravy [4 Eggs] with 6 Pav",
      "description": "",
      "media": null,
      "price": 0,
      "menuName": "Main Course",
      "categoryName": "Fry Main Course",
      "slugs": [
        "egg",
        "services",
        "delivery-enabled",
        "delivery-enabled",
        "egg",
        "services",
        "egg"
      ]
    },
    {
      "name": "Indian Egg Fry [4 Eggs] with 6 Pav",
      "description": "",
      "media": "https://b.zmtcdn.com/data/dish_photos/10c/110c98177efa82cdcdfe5ff05d9c310c.jpg",
      "price": 0,
      "menuName": "Main Course",
      "categoryName": "Fry Main Course",
      "slugs": [
        "egg",
        "restaurant-recommended",
        "services",
        "delivery-enabled",
        "delivery-enabled",
        "egg",
        "restaurant-recommended",
        "services",
        "egg"
      ]
    },
    {
      "name": "Egg Russian Fry [4 Eggs] with 6 Pav",
      "description": "",
      "media": "https://b.zmtcdn.com/data/dish_photos/e8f/3ceff6a0f547141cf335163edfcc6e8f.jpg",
      "price": 0,
      "menuName": "Main Course",
      "categoryName": "Fry Main Course",
      "slugs": [
        "egg",
        "hero-item",
        "services",
        "delivery-enabled",
        "delivery-enabled",
        "egg",
        "hero-item",
        "services",
        "egg"
      ]
    },
    {
      "name": "Egg Kachi Kadhi Special [3 Eggs] with 6 Pav",
      "description": "",
      "media": null,
      "price": 0,
      "menuName": "Main Course",
      "categoryName": "Special Main Course",
      "slugs": [
        "egg",
        "services",
        "delivery-enabled",
        "delivery-enabled",
        "egg",
        "services",
        "egg"
      ]
    },
    {
      "name": "Egg Mini Baba Special [3 Eggs] with 6 Pav",
      "description": "",
      "media": null,
      "price": 0,
      "menuName": "Main Course",
      "categoryName": "Special Main Course",
      "slugs": [
        "egg",
        "chef-special",
        "services",
        "delivery-enabled",
        "delivery-enabled",
        "egg",
        "chef-special",
        "services",
        "egg"
      ]
    },
    {
      "name": "Egg American Kachu [4 Eggs] with 6 Pav",
      "description": "",
      "media": null,
      "price": 0,
      "menuName": "Main Course",
      "categoryName": "Special Main Course",
      "slugs": [
        "egg",
        "services",
        "delivery-enabled",
        "delivery-enabled",
        "egg",
        "services",
        "egg"
      ]
    },
    {
      "name": "Egg Baba Special [4 Eggs] with 6 Pav",
      "description": "",
      "media": "https://b.zmtcdn.com/data/dish_photos/03d/697ea7db5d3c109e1b21c08b8ac3a03d.jpg",
      "price": 0,
      "menuName": "Main Course",
      "categoryName": "Special Main Course",
      "slugs": [
        "egg",
        "chef-special",
        "hero-item",
        "services",
        "delivery-enabled",
        "delivery-enabled",
        "egg",
        "chef-special",
        "hero-item",
        "services",
        "egg"
      ]
    },
    {
      "name": "Egg Cream Tadka Special [4 Eggs] with 6 Pav",
      "description": "",
      "media": null,
      "price": 0,
      "menuName": "Main Course",
      "categoryName": "Special Main Course",
      "slugs": [
        "egg",
        "services",
        "delivery-enabled",
        "delivery-enabled",
        "egg",
        "services",
        "egg"
      ]
    },
    {
      "name": "Egg Afghani [4 Eggs] with 6 Pav",
      "description": "",
      "media": null,
      "price": 0,
      "menuName": "Main Course",
      "categoryName": "Special Main Course",
      "slugs": [
        "egg",
        "services",
        "delivery-enabled",
        "delivery-enabled",
        "egg",
        "services",
        "egg"
      ]
    },
    {
      "name": "Egg Malai Tikka [4 Eggs] with 6 Pav",
      "description": "",
      "media": null,
      "price": 0,
      "menuName": "Main Course",
      "categoryName": "Special Main Course",
      "slugs": [
        "egg",
        "services",
        "delivery-enabled",
        "delivery-enabled",
        "egg",
        "services",
        "egg"
      ]
    },
    {
      "name": "Egg Royal Lahori [4 Eggs] with 6 Pav",
      "description": "",
      "media": null,
      "price": 0,
      "menuName": "Main Course",
      "categoryName": "Special Main Course",
      "slugs": [
        "egg",
        "services",
        "delivery-enabled",
        "delivery-enabled",
        "egg",
        "services",
        "egg"
      ]
    },
    {
      "name": "Egg Hyderabadi [4 Eggs] with 6 Pav",
      "description": "",
      "media": "https://b.zmtcdn.com/data/dish_photos/5a2/f337e2a4c38531a0f5b7bc561db735a2.jpg",
      "price": 0,
      "menuName": "Main Course",
      "categoryName": "Special Main Course",
      "slugs": [
        "egg",
        "services",
        "delivery-enabled",
        "delivery-enabled",
        "egg",
        "services",
        "egg"
      ]
    },
    {
      "name": "Egg Red\tGreen Royal Special [4 Eggs] with 8 Pav",
      "description": "",
      "media": null,
      "price": 0,
      "menuName": "Main Course",
      "categoryName": "Special Main Course",
      "slugs": [
        "egg",
        "chef-special",
        "services",
        "delivery-enabled",
        "delivery-enabled",
        "egg",
        "chef-special",
        "services",
        "egg"
      ]
    },
    {
      "name": "Egg Royal Baba Special [4 Eggs] with 6 Pav",
      "description": "",
      "media": null,
      "price": 0,
      "menuName": "Main Course",
      "categoryName": "Special Main Course",
      "slugs": [
        "egg",
        "chef-special",
        "services",
        "delivery-enabled",
        "delivery-enabled",
        "egg",
        "chef-special",
        "services",
        "egg"
      ]
    },
    {
      "name": "Egg Cream Special [4 Eggs] with 6 Pav",
      "description": "",
      "media": null,
      "price": 0,
      "menuName": "Main Course",
      "categoryName": "Special Main Course",
      "slugs": [
        "egg",
        "services",
        "delivery-enabled",
        "delivery-enabled",
        "egg",
        "services",
        "egg"
      ]
    },
    {
      "name": "Cheese Rabdi [2 Eggs] with 4 Pav",
      "description": "Served With Onion - Tomato Mix Salad",
      "media": "https://b.zmtcdn.com/data/dish_photos/d48/0eb23360739ffb3c1290a1a608b1fd48.jpg",
      "price": 0,
      "menuName": "Main Course",
      "categoryName": "Fancy Main Course",
      "slugs": [
        "egg",
        "services",
        "delivery-enabled",
        "delivery-enabled",
        "egg",
        "services",
        "egg"
      ]
    },
    {
      "name": "Egg Jinga Fry [2 Egg] with 4 Pav",
      "description": "Served With Onion - Tomato Mix Salad",
      "media": "https://b.zmtcdn.com/data/dish_photos/62c/44aaeb5caf22a7ab37c009f3f1b0162c.jpg",
      "price": 0,
      "menuName": "Main Course",
      "categoryName": "Fancy Main Course",
      "slugs": [
        "egg",
        "restaurant-recommended",
        "services",
        "delivery-enabled",
        "delivery-enabled",
        "egg",
        "restaurant-recommended",
        "services",
        "egg"
      ]
    },
    {
      "name": "Egg Green Cheese Dosa [4 Eggs] with 4 Pav",
      "description": "",
      "media": null,
      "price": 0,
      "menuName": "Main Course",
      "categoryName": "Fancy Main Course",
      "slugs": [
        "egg",
        "services",
        "delivery-enabled",
        "delivery-enabled",
        "egg",
        "services",
        "egg"
      ]
    },
    {
      "name": "Egg Pizza [3 Eggs] with 4 Pav",
      "description": "",
      "media": null,
      "price": 0,
      "menuName": "Main Course",
      "categoryName": "Fancy Main Course",
      "slugs": [
        "egg",
        "services",
        "delivery-enabled",
        "delivery-enabled",
        "egg",
        "services",
        "egg"
      ]
    },
    {
      "name": "Egg Patudi [4 Eggs] with 6 Pav",
      "description": "",
      "media": null,
      "price": 0,
      "menuName": "Main Course",
      "categoryName": "Fancy Main Course",
      "slugs": [
        "egg",
        "services",
        "delivery-enabled",
        "delivery-enabled",
        "egg",
        "services",
        "egg"
      ]
    },
    {
      "name": "Egg Paratha [4 Eggs] with 6 Pav",
      "description": "",
      "media": null,
      "price": 0,
      "menuName": "Main Course",
      "categoryName": "Fancy Main Course",
      "slugs": [
        "egg",
        "services",
        "delivery-enabled",
        "delivery-enabled",
        "egg",
        "services",
        "egg"
      ]
    },
    {
      "name": "Angoor Rabdi [4 Eggs] with 6 Pav",
      "description": "",
      "media": null,
      "price": 0,
      "menuName": "Main Course",
      "categoryName": "Fancy Main Course",
      "slugs": [
        "egg",
        "services",
        "delivery-enabled",
        "delivery-enabled",
        "egg",
        "services",
        "egg"
      ]
    },
    {
      "name": "Egg Paplet [4 Eggs] with 6 Pav",
      "description": "",
      "media": "https://b.zmtcdn.com/data/dish_photos/8fc/2f48ae9da40746d87891dcfafafd38fc.jpg",
      "price": 0,
      "menuName": "Main Course",
      "categoryName": "Fancy Main Course",
      "slugs": [
        "egg",
        "services",
        "delivery-enabled",
        "delivery-enabled",
        "egg",
        "services",
        "egg"
      ]
    },
    {
      "name": "Gravy Egg Paplet [4 Eggs] with 6 Pav",
      "description": "",
      "media": "https://b.zmtcdn.com/data/dish_photos/ded/1a1fee900d245d9e24ac90a4dac48ded.jpg",
      "price": 0,
      "menuName": "Main Course",
      "categoryName": "Fancy Main Course",
      "slugs": [
        "egg",
        "restaurant-recommended",
        "hero-item",
        "services",
        "delivery-enabled",
        "delivery-enabled",
        "egg",
        "restaurant-recommended",
        "hero-item",
        "services",
        "egg"
      ]
    },
    {
      "name": "Egg Hum Tum [4 Eggs] with 6 Pav",
      "description": "",
      "media": null,
      "price": 0,
      "menuName": "Main Course",
      "categoryName": "Fancy Main Course",
      "slugs": [
        "egg",
        "services",
        "delivery-enabled",
        "delivery-enabled",
        "egg",
        "services",
        "egg"
      ]
    },
    {
      "name": "Egg Creamy Gravy Patudi [4 Eggs] with 6 Pav",
      "description": "",
      "media": null,
      "price": 0,
      "menuName": "Main Course",
      "categoryName": "Fancy Main Course",
      "slugs": [
        "egg",
        "services",
        "delivery-enabled",
        "delivery-enabled",
        "egg",
        "services",
        "egg"
      ]
    },
    {
      "name": "Omelette[1 Egg] with 2 Pav",
      "description": "",
      "media": null,
      "price": 0,
      "menuName": "Omelette",
      "categoryName": "",
      "slugs": [
        "egg",
        "services",
        "delivery-enabled",
        "delivery-enabled",
        "egg",
        "services",
        "egg"
      ]
    },
    {
      "name": "Limbu Mari Omelette [1 Egg] with 2 Pav",
      "description": "Served With Onion - Tomato Mix Salad",
      "media": "https://b.zmtcdn.com/data/dish_photos/50b/7e8ae362bb88d9e722885966b373350b.jpg",
      "price": 80,
      "menuName": "Omelette",
      "categoryName": "",
      "slugs": [
        "egg",
        "restaurant-recommended",
        "services",
        "delivery-enabled",
        "delivery-enabled",
        "egg",
        "restaurant-recommended",
        "services",
        "egg"
      ]
    },
    {
      "name": "Cheese Omelette [1 Egg] with 2 Pav",
      "description": "",
      "media": "https://b.zmtcdn.com/data/dish_photos/99a/f3cc451295f7ef12a1d0e7c81c57a99a.jpg",
      "price": 0,
      "menuName": "Omelette",
      "categoryName": "",
      "slugs": [
        "egg",
        "restaurant-recommended",
        "services",
        "delivery-enabled",
        "delivery-enabled",
        "egg",
        "restaurant-recommended",
        "services",
        "egg"
      ]
    },
    {
      "name": "Omelette [2 Eggs] with 4 Pav",
      "description": "",
      "media": "https://b.zmtcdn.com/data/dish_photos/f5b/b6a012b26ff4a28297e92903d5326f5b.jpg",
      "price": 0,
      "menuName": "Omelette",
      "categoryName": "",
      "slugs": [
        "egg",
        "services",
        "delivery-enabled",
        "delivery-enabled",
        "egg",
        "services",
        "egg"
      ]
    },
    {
      "name": "Paper Omelette [2 Eggs] with 4 Pav",
      "description": "Served With Onion - Tomato Mix Salad",
      "media": null,
      "price": 0,
      "menuName": "Omelette",
      "categoryName": "",
      "slugs": [
        "egg",
        "services",
        "delivery-enabled",
        "delivery-enabled",
        "egg",
        "services",
        "egg"
      ]
    },
    {
      "name": "Paper Limbu Mari Omelette [2 Eggs] with 4 Pav",
      "description": "Served With Onion - Tomato Mix Salad",
      "media": "https://b.zmtcdn.com/data/dish_photos/a8b/60f2c555eb6bc6ea7854f99e8810ca8b.jpg",
      "price": 0,
      "menuName": "Omelette",
      "categoryName": "",
      "slugs": [
        "egg",
        "services",
        "delivery-enabled",
        "delivery-enabled",
        "egg",
        "services",
        "egg"
      ]
    },
    {
      "name": "Gravy Omelette [2 Eggs] with 4 Pav",
      "description": "",
      "media": null,
      "price": 0,
      "menuName": "Omelette",
      "categoryName": "",
      "slugs": [
        "egg",
        "services",
        "delivery-enabled",
        "delivery-enabled",
        "egg",
        "services",
        "egg"
      ]
    },
    {
      "name": "Royal Omelette [2 Eggs] with 4 Pav",
      "description": "",
      "media": null,
      "price": 0,
      "menuName": "Omelette",
      "categoryName": "",
      "slugs": [
        "egg",
        "services",
        "delivery-enabled",
        "delivery-enabled",
        "egg",
        "services",
        "egg"
      ]
    },
    {
      "name": "Punjabi Omelette [4 Eggs] with 6 Pav",
      "description": "",
      "media": "https://b.zmtcdn.com/data/dish_photos/e06/6ccbf25f148a44291c45b71f502efe06.jpg",
      "price": 0,
      "menuName": "Omelette",
      "categoryName": "",
      "slugs": [
        "egg",
        "services",
        "delivery-enabled",
        "delivery-enabled",
        "egg",
        "services",
        "egg"
      ]
    },
    {
      "name": "Rajwadi Omelette [4 Eggs] with 6 Pav",
      "description": "",
      "media": null,
      "price": 0,
      "menuName": "Omelette",
      "categoryName": "",
      "slugs": [
        "egg",
        "services",
        "delivery-enabled",
        "delivery-enabled",
        "egg",
        "services",
        "egg"
      ]
    },
    {
      "name": "Boiled Egg [2 Eggs]",
      "description": "",
      "media": "https://b.zmtcdn.com/data/dish_photos/bd6/15b240bbe4d5f20f98b3a240e7736bd6.jpg",
      "price": 40,
      "menuName": "Boiled Egg",
      "categoryName": "",
      "slugs": [
        "egg",
        "reco-snacks",
        "services",
        "delivery-enabled",
        "delivery-enabled",
        "egg",
        "reco-snacks",
        "services",
        "egg"
      ]
    },
    {
      "name": "Boiled Egg Chips [2 Eggs]",
      "description": "Served With Onion - Tomato Mix Salad",
      "media": null,
      "price": 0,
      "menuName": "Boiled Egg",
      "categoryName": "",
      "slugs": [
        "egg",
        "services",
        "delivery-enabled",
        "delivery-enabled",
        "egg",
        "services",
        "egg"
      ]
    },
    {
      "name": "Jeera Rice",
      "description": "Served With Onion - Tomato Mix Salad",
      "media": null,
      "price": 0,
      "menuName": "Rice and Pulao",
      "categoryName": "Rice",
      "slugs": [
        "veg",
        "services",
        "delivery-enabled",
        "delivery-enabled",
        "veg",
        "services",
        "veg"
      ]
    },
    {
      "name": "Egg Pulao",
      "description": "Served With Onion - Tomato Mix Salad",
      "media": "https://b.zmtcdn.com/data/dish_photos/01c/ca724118481e4b9206d4a5525fa9701c.jpg",
      "price": 0,
      "menuName": "Rice and Pulao",
      "categoryName": "Rice",
      "slugs": [
        "egg",
        "restaurant-recommended",
        "hero-item",
        "medium-spicy",
        "services",
        "delivery-enabled",
        "delivery-enabled",
        "egg",
        "restaurant-recommended",
        "hero-item",
        "medium-spicy",
        "services",
        "egg"
      ]
    },
    {
      "name": "Egg Green Pulao",
      "description": "Served With Onion - Tomato Mix Salad",
      "media": "https://b.zmtcdn.com/data/dish_photos/cee/5bee5444ed691338533bcf4d5e723cee.jpg",
      "price": 0,
      "menuName": "Rice and Pulao",
      "categoryName": "Rice",
      "slugs": [
        "egg",
        "services",
        "delivery-enabled",
        "delivery-enabled",
        "egg",
        "services",
        "egg"
      ]
    },
    {
      "name": "Egg Gravy Pulao",
      "description": "Served With Onion - Tomato Mix Salad",
      "media": "https://b.zmtcdn.com/data/dish_photos/8c8/6513cb33f7f3883564a2973453e318c8.jpg",
      "price": 0,
      "menuName": "Rice and Pulao",
      "categoryName": "Rice",
      "slugs": [
        "egg",
        "services",
        "delivery-enabled",
        "delivery-enabled",
        "egg",
        "services",
        "egg"
      ]
    },
    {
      "name": "Chinese Egg Fry Pulao",
      "description": "Served With Onion - Tomato Mix Salad",
      "media": "https://b.zmtcdn.com/data/dish_photos/987/39ed5be7b5a180718dd66f476db55987.jpg",
      "price": 0,
      "menuName": "Rice and Pulao",
      "categoryName": "Rice",
      "slugs": [
        "egg",
        "restaurant-recommended",
        "medium-spicy",
        "services",
        "delivery-enabled",
        "delivery-enabled",
        "egg",
        "restaurant-recommended",
        "medium-spicy",
        "services",
        "egg"
      ]
    },
    {
      "name": "Egg Curry Pulao",
      "description": "Served With Onion - Tomato Mix Salad",
      "media": "https://b.zmtcdn.com/data/dish_photos/ce4/969df6a4c84bc3217dc51f6c1698cce4.jpg",
      "price": 0,
      "menuName": "Rice and Pulao",
      "categoryName": "Rice",
      "slugs": [
        "egg",
        "restaurant-recommended",
        "services",
        "delivery-enabled",
        "delivery-enabled",
        "egg",
        "restaurant-recommended",
        "services",
        "egg"
      ]
    },
    {
      "name": "Egg Cream Gravy Pulao",
      "description": "Served With Onion - Tomato Mix Salad",
      "media": "https://b.zmtcdn.com/data/dish_photos/0a0/020668ab45f9f5fde3df7ff4ff97d0a0.jpg",
      "price": 0,
      "menuName": "Rice and Pulao",
      "categoryName": "Rice",
      "slugs": [
        "egg",
        "services",
        "delivery-enabled",
        "delivery-enabled",
        "egg",
        "services",
        "egg"
      ]
    },
    {
      "name": "Pav(2 pcs)",
      "description": "",
      "media": "https://b.zmtcdn.com/data/dish_photos/6bd/e28c2d448f275ba4832a4184e1f2a6bd.jpg",
      "price": 0,
      "menuName": "Roti and Pav",
      "categoryName": "Roti",
      "slugs": [
        "veg",
        "services",
        "delivery-enabled",
        "delivery-enabled",
        "veg",
        "services",
        "veg"
      ]
    },
    {
      "name": "Roti",
      "description": "",
      "media": "https://b.zmtcdn.com/data/dish_photos/0ae/156f405e4a07c5dd8890a0a0426940ae.jpg",
      "price": 0,
      "menuName": "Roti and Pav",
      "categoryName": "Roti",
      "slugs": [
        "veg",
        "restaurant-recommended",
        "bread",
        "services",
        "delivery-enabled",
        "delivery-enabled",
        "veg",
        "restaurant-recommended",
        "bread",
        "services",
        "veg"
      ]
    },
    {
      "name": "Jeera Soda [200 ml]",
      "description": "",
      "media": "https://b.zmtcdn.com/data/dish_photos/709/c394b796f1fece96b5158e3f4aabc709.jpg",
      "price": 30,
      "menuName": "Drinks (Beverages)",
      "categoryName": "",
      "slugs": [
        "veg",
        "services",
        "delivery-enabled",
        "delivery-enabled",
        "veg",
        "healthy",
        "services",
        "veg"
      ]
    },
    {
      "name": "Buttermilk",
      "description": "",
      "media": null,
      "price": 30,
      "menuName": "Drinks (Beverages)",
      "categoryName": "",
      "slugs": [
        "veg",
        "services",
        "delivery-enabled",
        "delivery-enabled",
        "veg",
        "healthy",
        "services",
        "veg"
      ]
    },
    {
      "name": "Green Chutney [Spicy]",
      "description": "",
      "media": null,
      "price": 0,
      "menuName": "Salad and Chutney",
      "categoryName": "",
      "slugs": [
        "veg",
        "services",
        "sf-spicy",
        "delivery-enabled",
        "delivery-enabled",
        "veg",
        "services",
        "sf-spicy",
        "veg"
      ]
    }
  ]
}