{
  "basicInfo": {
    "name": "Bhagwati Fancy Dosa & Pavbhaji",
    "cuisine_string": "South Indian, Street Food, Beverages, North Indian",
    "canonicalUrl": "https://www.zomato.com/surat/bhagwati-fancy-dosa-pavbhaji-katargam/order"
  },
  "ratings": {
    "DINING": {
      "rating_type": "DINING",
      "rating": "3.3",
      "reviewCount": "5",
      "reviewTextSmall": "5 Reviews",
      "subtext": "5 Dining Reviews",
      "color": "#1C1C1C",
      "ratingV2": "3.3",
      "subtitle": "DINING",
      "sideSubTitle": "Dining Ratings",
      "bgColorV2": {
        "type": "green",
        "tint": "500"
      },
      "newOnDining": false
    },
    "DELIVERY": {
      "rating_type": "DELIVERY",
      "rating": "3.7",
      "reviewCount": "386",
      "reviewTextSmall": "386 Reviews",
      "subtext": "386 Delivery Reviews",
      "color": "#E23744",
      "ratingV2": "3.7",
      "subtitle": "DELIVERY",
      "sideSubTitle": "Delivery Ratings",
      "bgColorV2": {
        "type": "green",
        "tint": "600"
      },
      "newOnDelivery": false
    }
  },
  "establishment": {
    "city_id": 38,
    "city_name": "Surat",
    "country_id": 1,
    "country_name": "India",
    "zipcode": "395004",
    "is_dark_kitchen": false,
    "locality_verbose": "Katargam, Surat",
    "latitude": "21.2306352360",
    "longitude": "72.8058717772",
    "static_map_url": "https://maps.zomato.com/php/staticmap?center=21.2306352360,72.8058717772&maptype=zomato&markers=21.2306352360,72.8058717772,pin_res32&sensor=false&scale=2&zoom=16&language=en&size=240x150&size=400x240",
    "address": "Shop 40 & 41, Shivan Avenue, Opposite Hyundai Service Station, Near Dabholi Jahangirpura Bridge, Dabholi, Katargam, Surat",
    "is_phone_available": 1,
    "phoneDetails": {
      "title": "Phone Numbers",
      "phoneStr": "+919726091000"
    },
    "res_chain_text": "",
    "res_group_text": "",
    "res_chain_url": "",
    "res_group_url": "",
    "show_res_map": true
  },
  "items": [
    {
      "name": "Cheese Masala Dhosa",
      "description": "",
      "media": "https://b.zmtcdn.com/data/dish_photos/bf3/121c16c1dcba91cf38bd1923dff99bf3.jpg",
      "price": 210,
      "menuName": "Regular Roll Cut Item",
      "categoryName": "",
      "slugs": [
        "veg",
        "services",
        "delivery-enabled",
        "delivery-enabled",
        "veg",
        "services",
        "veg"
      ]
    },
    {
      "name": "Cheese Palak Dhosa",
      "description": "",
      "media": "https://b.zmtcdn.com/data/dish_photos/0f2/f9064d457873c8ac752d86669cac80f2.jpg",
      "price": 210,
      "menuName": "Regular Roll Cut Item",
      "categoryName": "",
      "slugs": [
        "veg",
        "services",
        "delivery-enabled",
        "delivery-enabled",
        "veg",
        "services",
        "veg"
      ]
    },
    {
      "name": "Cheese Palak Paneer Dhosa",
      "description": "",
      "media": "https://b.zmtcdn.com/data/dish_photos/464/1cfccf168711e05b4f4ba044efed9464.jpg",
      "price": 250,
      "menuName": "Regular Roll Cut Item",
      "categoryName": "",
      "slugs": [
        "veg",
        "services",
        "delivery-enabled",
        "delivery-enabled",
        "veg",
        "services",
        "veg"
      ]
    },
    {
      "name": "Cheese Paneer Dhosa",
      "description": "",
      "media": "https://b.zmtcdn.com/data/dish_photos/858/373616bbd17354a14510aa9d4e421858.jpg",
      "price": 210,
      "menuName": "Regular Roll Cut Item",
      "categoryName": "",
      "slugs": [
        "veg",
        "services",
        "delivery-enabled",
        "delivery-enabled",
        "veg",
        "services",
        "veg"
      ]
    },
    {
      "name": "Jini Roll Dhosa",
      "description": "",
      "media": "https://b.zmtcdn.com/data/dish_photos/284/e3af4f6dd1d3ad9463de34d13dad4284.jpg",
      "price": 210,
      "menuName": "Regular Roll Cut Item",
      "categoryName": "",
      "slugs": [
        "veg",
        "services",
        "delivery-enabled",
        "delivery-enabled",
        "veg",
        "services",
        "veg"
      ]
    },
    {
      "name": "Palak Paneer Dhosa",
      "description": "",
      "media": "https://b.zmtcdn.com/data/dish_photos/6e4/3611dc48ca83e187f1d763c5180386e4.jpg",
      "price": 210,
      "menuName": "Regular Roll Cut Item",
      "categoryName": "",
      "slugs": [
        "veg",
        "services",
        "delivery-enabled",
        "delivery-enabled",
        "veg",
        "services",
        "veg"
      ]
    },
    {
      "name": "Paneer Chilly Dhosa",
      "description": "",
      "media": "https://b.zmtcdn.com/data/dish_photos/046/f05934a97ecf86bc6525d46ffa491046.jpg",
      "price": 230,
      "menuName": "Regular Roll Cut Item",
      "categoryName": "",
      "slugs": [
        "veg",
        "services",
        "sf-spicy",
        "delivery-enabled",
        "delivery-enabled",
        "veg",
        "services",
        "sf-spicy",
        "veg"
      ]
    },
    {
      "name": "Sweet Corn Dhosa",
      "description": "",
      "media": "https://b.zmtcdn.com/data/dish_photos/cd9/021f7c21d6ed20fb5c102af2603d7cd9.jpg",
      "price": 210,
      "menuName": "Regular Roll Cut Item",
      "categoryName": "",
      "slugs": [
        "veg",
        "services",
        "delivery-enabled",
        "delivery-enabled",
        "veg",
        "services",
        "veg"
      ]
    },
    {
      "name": "Cheese Mysore",
      "description": "",
      "media": "https://b.zmtcdn.com/data/dish_photos/3f6/97085fb510878519277c1c021b5d73f6.jpg",
      "price": 210,
      "menuName": "Bhagwati Special Roll Cut Item",
      "categoryName": "",
      "slugs": [
        "veg",
        "services",
        "delivery-enabled",
        "delivery-enabled",
        "veg",
        "services",
        "veg"
      ]
    },
    {
      "name": "Cheese Paneer Tukda (Green Gravy)",
      "description": "",
      "media": "https://b.zmtcdn.com/data/dish_photos/7c2/56c4e486577841bcba6213d7f60ac7c2.jpg",
      "price": 250,
      "menuName": "Bhagwati Special Roll Cut Item",
      "categoryName": "",
      "slugs": [
        "veg",
        "services",
        "delivery-enabled",
        "delivery-enabled",
        "veg",
        "services",
        "veg"
      ]
    },
    {
      "name": "Cheese Paneer Tukda Mysore",
      "description": "",
      "media": "https://b.zmtcdn.com/data/dish_photos/7c2/56c4e486577841bcba6213d7f60ac7c2.jpg",
      "price": 230,
      "menuName": "Bhagwati Special Roll Cut Item",
      "categoryName": "",
      "slugs": [
        "veg",
        "services",
        "delivery-enabled",
        "delivery-enabled",
        "veg",
        "services",
        "veg"
      ]
    },
    {
      "name": "Green Gotala (Surma)",
      "description": "",
      "media": "https://b.zmtcdn.com/data/dish_photos/41e/b4c9cce740879a4da91364fdf018e41e.jpg",
      "price": 240,
      "menuName": "Bhagwati Special Roll Cut Item",
      "categoryName": "",
      "slugs": [
        "veg",
        "services",
        "delivery-enabled",
        "delivery-enabled",
        "veg",
        "services",
        "veg"
      ]
    },
    {
      "name": "Red Gotala",
      "description": "",
      "media": "https://b.zmtcdn.com/data/dish_photos/c97/2e4c415e40aadc0872eb560582739c97.jpg",
      "price": 250,
      "menuName": "Bhagwati Special Roll Cut Item",
      "categoryName": "",
      "slugs": [
        "veg",
        "services",
        "delivery-enabled",
        "delivery-enabled",
        "veg",
        "services",
        "veg"
      ]
    },
    {
      "name": "Cheese Paneer Pulav",
      "description": "",
      "media": "https://b.zmtcdn.com/data/dish_photos/c1c/32b7e3dcc743f5279dcf8203c6a19c1c.jpg",
      "price": 200,
      "menuName": "Pav Bhaji & Pulav",
      "categoryName": "",
      "slugs": [
        "veg",
        "services",
        "delivery-enabled",
        "delivery-enabled",
        "veg",
        "services",
        "veg"
      ]
    },
    {
      "name": "Cheese Pav Bhaji",
      "description": "",
      "media": "https://b.zmtcdn.com/data/dish_photos/876/6a2583b6d779d82791d19b791e1df876.jpg",
      "price": 170,
      "menuName": "Pav Bhaji & Pulav",
      "categoryName": "",
      "slugs": [
        "veg",
        "services",
        "delivery-enabled",
        "delivery-enabled",
        "veg",
        "services",
        "veg"
      ]
    },
    {
      "name": "Extra Pav (4Pcs)",
      "description": "",
      "media": "https://b.zmtcdn.com/data/dish_photos/a2f/126255e13c9dbe84d75a24a0fb51da2f.jpg",
      "price": 20,
      "menuName": "Pav Bhaji & Pulav",
      "categoryName": "",
      "slugs": [
        "veg",
        "services",
        "delivery-enabled",
        "delivery-enabled",
        "veg",
        "services",
        "veg"
      ]
    },
    {
      "name": "Pav Bhaji",
      "description": "",
      "media": "https://b.zmtcdn.com/data/dish_photos/912/d6b0d1eab17e2dbe76aaaf6b99c57912.jpg",
      "price": 125,
      "menuName": "Pav Bhaji & Pulav",
      "categoryName": "",
      "slugs": [
        "veg",
        "services",
        "delivery-enabled",
        "delivery-enabled",
        "veg",
        "services",
        "veg"
      ]
    },
    {
      "name": "Veg Pulav",
      "description": "",
      "media": "https://b.zmtcdn.com/data/dish_photos/183/ce67fc53ffc0ac1fc8c6e8a6acad7183.jpg",
      "price": 160,
      "menuName": "Pav Bhaji & Pulav",
      "categoryName": "",
      "slugs": [
        "veg",
        "services",
        "delivery-enabled",
        "delivery-enabled",
        "veg",
        "services",
        "veg"
      ]
    },
    {
      "name": "Baby Cheese Paper",
      "description": "",
      "media": "https://b.zmtcdn.com/data/dish_photos/3e8/063e27b2d4ae17681f7a34da26cce3e8.jpg",
      "price": 100,
      "menuName": "Dosa Regular Item",
      "categoryName": "",
      "slugs": [
        "veg",
        "services",
        "delivery-enabled",
        "delivery-enabled",
        "veg",
        "services",
        "veg"
      ]
    },
    {
      "name": "Baby Paper",
      "description": "",
      "media": "https://b.zmtcdn.com/data/dish_photos/192/8b5c1cc6c467a60dd02ed246110f0192.jpg",
      "price": 60,
      "menuName": "Dosa Regular Item",
      "categoryName": "",
      "slugs": [
        "veg",
        "services",
        "delivery-enabled",
        "delivery-enabled",
        "veg",
        "services",
        "veg"
      ]
    },
    {
      "name": "Cheese Garlic Paper",
      "description": "",
      "media": "https://b.zmtcdn.com/data/dish_photos/858/373616bbd17354a14510aa9d4e421858.jpg",
      "price": 120,
      "menuName": "Dosa Regular Item",
      "categoryName": "",
      "slugs": [
        "veg",
        "services",
        "delivery-enabled",
        "delivery-enabled",
        "veg",
        "services",
        "veg"
      ]
    },
    {
      "name": "Masala Dhosa",
      "description": "",
      "media": "https://b.zmtcdn.com/data/dish_photos/1ea/8c3db6352b53e3e834c2c211f27291ea.jpg",
      "price": 150,
      "menuName": "Dosa Regular Item",
      "categoryName": "",
      "slugs": [
        "veg",
        "services",
        "delivery-enabled",
        "delivery-enabled",
        "veg",
        "services",
        "veg"
      ]
    },
    {
      "name": "Mysore",
      "description": "",
      "media": "https://b.zmtcdn.com/data/dish_photos/2a7/abc17027ed59730548c76d22d8ca62a7.jpg",
      "price": 130,
      "menuName": "Dosa Regular Item",
      "categoryName": "",
      "slugs": [
        "veg",
        "services",
        "delivery-enabled",
        "delivery-enabled",
        "veg",
        "services",
        "veg"
      ]
    },
    {
      "name": "Sada Paper",
      "description": "",
      "media": "https://b.zmtcdn.com/data/dish_photos/927/c210694643b3f5193fe325e93a341927.jpg",
      "price": 60,
      "menuName": "Dosa Regular Item",
      "categoryName": "",
      "slugs": [
        "veg",
        "services",
        "delivery-enabled",
        "delivery-enabled",
        "veg",
        "services",
        "veg"
      ]
    }
  ]
}