{
  "basicInfo": {
    "name": "Big Scoop Cafe",
    "cuisine_string": "Cafe, Tea, Shake, Beverages, Fast Food",
    "canonicalUrl": "https://www.zomato.com/surat/big-scoop-cafe-piplod/order"
  },
  "ratings": {
    "DINING": {
      "rating_type": "DINING",
      "rating": "",
      "reviewCount": "1",
      "reviewTextSmall": "1 Reviews",
      "subtext": "Does not offer Dining",
      "color": "",
      "ratingV2": "-",
      "subtitle": "DINING",
      "sideSubTitle": "Dining Ratings",
      "bgColorV2": {
        "type": "grey",
        "tint": "500"
      },
      "newOnDining": false
    },
    "DELIVERY": {
      "rating_type": "DELIVERY",
      "rating": "3.1",
      "reviewCount": "32",
      "reviewTextSmall": "32 Reviews",
      "subtext": "32 Delivery Reviews",
      "color": "#E23744",
      "ratingV2": "3.1",
      "subtitle": "DELIVERY",
      "sideSubTitle": "Delivery Ratings",
      "bgColorV2": {
        "type": "green",
        "tint": "500"
      },
      "newOnDelivery": false
    }
  },
  "establishment": {
    "city_id": 38,
    "city_name": "Surat",
    "country_id": 1,
    "country_name": "India",
    "zipcode": "395007",
    "is_dark_kitchen": false,
    "locality_verbose": "Piplod, Surat",
    "latitude": "21.1634517000",
    "longitude": "72.7781236000",
    "static_map_url": "https://maps.zomato.com/php/staticmap?center=21.1634517000,72.7781236000&maptype=zomato&markers=21.1634517000,72.7781236000,pin_res32&sensor=false&scale=2&zoom=16&language=en&size=240x150&size=400x240",
    "address": "1/19, Kargil Chowk, Opposite Lakeview Apartment, Piplod, Surat",
    "is_phone_available": 1,
    "phoneDetails": {
      "title": "Phone Numbers",
      "phoneStr": "+916353975430"
    },
    "res_chain_text": "",
    "res_group_text": "",
    "res_chain_url": "",
    "res_group_url": "",
    "show_res_map": true
  },
  "items": [
    {
      "name": "Assam Milk Tea",
      "description": "",
      "media": null,
      "price": 0,
      "menuName": "Milk Tea Series",
      "categoryName": "",
      "slugs": [
        "veg",
        "services",
        "sf-not-vegan",
        "delivery-enabled",
        "delivery-enabled",
        "veg",
        "services",
        "sf-not-vegan",
        "veg"
      ]
    },
    {
      "name": "Rose Milk Tea",
      "description": "",
      "media": null,
      "price": 0,
      "menuName": "Milk Tea Series",
      "categoryName": "",
      "slugs": [
        "veg",
        "services",
        "sf-not-vegan",
        "delivery-enabled",
        "delivery-enabled",
        "veg",
        "services",
        "sf-not-vegan",
        "veg"
      ]
    },
    {
      "name": "Strawberry Milk Tea",
      "description": "",
      "media": null,
      "price": 0,
      "menuName": "Milk Tea Series",
      "categoryName": "",
      "slugs": [
        "veg",
        "services",
        "sf-not-vegan",
        "delivery-enabled",
        "delivery-enabled",
        "veg",
        "services",
        "sf-not-vegan",
        "veg"
      ]
    },
    {
      "name": "Thai Milk Tea",
      "description": "",
      "media": null,
      "price": 0,
      "menuName": "Milk Tea Series",
      "categoryName": "",
      "slugs": [
        "veg",
        "services",
        "sf-not-vegan",
        "delivery-enabled",
        "delivery-enabled",
        "veg",
        "services",
        "sf-not-vegan",
        "veg"
      ]
    },
    {
      "name": "Watermelon Milk Tea",
      "description": "",
      "media": null,
      "price": 0,
      "menuName": "Milk Tea Series",
      "categoryName": "",
      "slugs": [
        "veg",
        "services",
        "sf-not-vegan",
        "delivery-enabled",
        "delivery-enabled",
        "veg",
        "services",
        "sf-not-vegan",
        "veg"
      ]
    },
    {
      "name": "Blue Island Milk Tea",
      "description": "",
      "media": null,
      "price": 0,
      "menuName": "Premium Milk Tea Series",
      "categoryName": "",
      "slugs": [
        "veg",
        "services",
        "sf-not-vegan",
        "delivery-enabled",
        "delivery-enabled",
        "veg",
        "services",
        "sf-not-vegan",
        "veg"
      ]
    },
    {
      "name": "Bubblegum Milk Tea",
      "description": "",
      "media": null,
      "price": 0,
      "menuName": "Premium Milk Tea Series",
      "categoryName": "",
      "slugs": [
        "veg",
        "services",
        "sf-not-vegan",
        "delivery-enabled",
        "delivery-enabled",
        "veg",
        "services",
        "sf-not-vegan",
        "veg"
      ]
    },
    {
      "name": "Green Melon Milk Tea",
      "description": "",
      "media": null,
      "price": 0,
      "menuName": "Premium Milk Tea Series",
      "categoryName": "",
      "slugs": [
        "veg",
        "services",
        "sf-not-vegan",
        "delivery-enabled",
        "delivery-enabled",
        "veg",
        "services",
        "sf-not-vegan",
        "veg"
      ]
    },
    {
      "name": "Mango Milk Tea",
      "description": "",
      "media": null,
      "price": 0,
      "menuName": "Premium Milk Tea Series",
      "categoryName": "",
      "slugs": [
        "veg",
        "services",
        "sf-not-vegan",
        "delivery-enabled",
        "delivery-enabled",
        "veg",
        "services",
        "sf-not-vegan",
        "veg"
      ]
    },
    {
      "name": "Matcha Milk Tea",
      "description": "",
      "media": null,
      "price": 0,
      "menuName": "Premium Milk Tea Series",
      "categoryName": "",
      "slugs": [
        "veg",
        "services",
        "sf-not-vegan",
        "delivery-enabled",
        "delivery-enabled",
        "veg",
        "services",
        "sf-not-vegan",
        "veg"
      ]
    },
    {
      "name": "Red Velvet Milk Tea",
      "description": "",
      "media": null,
      "price": 0,
      "menuName": "Premium Milk Tea Series",
      "categoryName": "",
      "slugs": [
        "veg",
        "services",
        "sf-not-vegan",
        "delivery-enabled",
        "delivery-enabled",
        "veg",
        "services",
        "sf-not-vegan",
        "veg"
      ]
    },
    {
      "name": "Taro Milk Tea",
      "description": "",
      "media": null,
      "price": 0,
      "menuName": "Premium Milk Tea Series",
      "categoryName": "",
      "slugs": [
        "veg",
        "services",
        "sf-not-vegan",
        "delivery-enabled",
        "delivery-enabled",
        "veg",
        "services",
        "sf-not-vegan",
        "veg"
      ]
    },
    {
      "name": "Belgian Chocolate Boba",
      "description": "",
      "media": null,
      "price": 0,
      "menuName": "Chocolate Boba Series",
      "categoryName": "",
      "slugs": [
        "veg",
        "services",
        "delivery-enabled",
        "delivery-enabled",
        "veg",
        "services",
        "veg"
      ]
    },
    {
      "name": "Black Forest Boba",
      "description": "",
      "media": null,
      "price": 0,
      "menuName": "Chocolate Boba Series",
      "categoryName": "",
      "slugs": [
        "veg",
        "services",
        "delivery-enabled",
        "delivery-enabled",
        "veg",
        "services",
        "veg"
      ]
    },
    {
      "name": "Chocolate Crumble Boba",
      "description": "",
      "media": null,
      "price": 0,
      "menuName": "Chocolate Boba Series",
      "categoryName": "",
      "slugs": [
        "veg",
        "services",
        "delivery-enabled",
        "delivery-enabled",
        "veg",
        "services",
        "veg"
      ]
    },
    {
      "name": "Simple Chocolate Boba",
      "description": "",
      "media": null,
      "price": 0,
      "menuName": "Chocolate Boba Series",
      "categoryName": "",
      "slugs": [
        "veg",
        "services",
        "delivery-enabled",
        "delivery-enabled",
        "veg",
        "services",
        "veg"
      ]
    },
    {
      "name": "Boba Frappe",
      "description": "",
      "media": "https://b.zmtcdn.com/data/dish_photos/9bb/7349c5b6469ce1279a3db719ebd909bb.png",
      "price": 0,
      "menuName": "Coffee Boba Series",
      "categoryName": "",
      "slugs": [
        "veg",
        "services",
        "delivery-enabled",
        "delivery-enabled",
        "veg",
        "services",
        "veg"
      ]
    },
    {
      "name": "Boba Mocha Frappe",
      "description": "",
      "media": "https://b.zmtcdn.com/data/dish_photos/c02/207d345ea41a1ba139bfc917a7c65c02.jpeg",
      "price": 0,
      "menuName": "Coffee Boba Series",
      "categoryName": "",
      "slugs": [
        "veg",
        "services",
        "delivery-enabled",
        "delivery-enabled",
        "veg",
        "services",
        "veg"
      ]
    },
    {
      "name": "Iced Coffee Boba",
      "description": "",
      "media": "https://b.zmtcdn.com/data/dish_photos/4f3/60ba5c331c830c0141a2e047a11534f3.png",
      "price": 0,
      "menuName": "Coffee Boba Series",
      "categoryName": "",
      "slugs": [
        "veg",
        "services",
        "delivery-enabled",
        "delivery-enabled",
        "veg",
        "services",
        "veg"
      ]
    },
    {
      "name": "Iced Mocha Boba",
      "description": "",
      "media": "https://b.zmtcdn.com/data/dish_photos/cc7/1a1b55c4ad7bf03c8e90c3148f56fcc7.jpeg",
      "price": 0,
      "menuName": "Coffee Boba Series",
      "categoryName": "",
      "slugs": [
        "veg",
        "services",
        "delivery-enabled",
        "delivery-enabled",
        "veg",
        "services",
        "veg"
      ]
    },
    {
      "name": "Biscoff Bliss Shake",
      "description": "",
      "media": null,
      "price": 0,
      "menuName": "Cream Shake Series",
      "categoryName": "",
      "slugs": [
        "veg",
        "services",
        "sf-no-onion",
        "sf-no-garlic",
        "sf-kid-friendly",
        "sf-not-vegan",
        "delivery-enabled",
        "delivery-enabled",
        "veg",
        "services",
        "sf-no-onion",
        "sf-no-garlic",
        "sf-kid-friendly",
        "sf-not-vegan",
        "veg"
      ]
    },
    {
      "name": "Dark Chocolate Shake",
      "description": "",
      "media": null,
      "price": 0,
      "menuName": "Cream Shake Series",
      "categoryName": "",
      "slugs": [
        "veg",
        "services",
        "sf-no-onion",
        "sf-no-garlic",
        "sf-kid-friendly",
        "sf-not-vegan",
        "delivery-enabled",
        "delivery-enabled",
        "veg",
        "services",
        "sf-no-onion",
        "sf-no-garlic",
        "sf-kid-friendly",
        "sf-not-vegan",
        "veg"
      ]
    },
    {
      "name": "Mango Matcha Shake",
      "description": "",
      "media": null,
      "price": 0,
      "menuName": "Cream Shake Series",
      "categoryName": "",
      "slugs": [
        "veg",
        "services",
        "sf-no-onion",
        "sf-no-garlic",
        "sf-kid-friendly",
        "sf-not-vegan",
        "delivery-enabled",
        "delivery-enabled",
        "veg",
        "services",
        "sf-no-onion",
        "sf-no-garlic",
        "sf-kid-friendly",
        "sf-not-vegan",
        "veg"
      ]
    },
    {
      "name": "Nutella Cream Boba Shake",
      "description": "",
      "media": null,
      "price": 0,
      "menuName": "Cream Shake Series",
      "categoryName": "",
      "slugs": [
        "veg",
        "services",
        "sf-no-onion",
        "sf-no-garlic",
        "sf-kid-friendly",
        "sf-not-vegan",
        "delivery-enabled",
        "delivery-enabled",
        "veg",
        "services",
        "sf-no-onion",
        "sf-no-garlic",
        "sf-kid-friendly",
        "sf-not-vegan",
        "veg"
      ]
    },
    {
      "name": "Oreo Cream Shake",
      "description": "",
      "media": null,
      "price": 0,
      "menuName": "Cream Shake Series",
      "categoryName": "",
      "slugs": [
        "veg",
        "services",
        "sf-no-onion",
        "sf-no-garlic",
        "sf-kid-friendly",
        "sf-not-vegan",
        "delivery-enabled",
        "delivery-enabled",
        "veg",
        "services",
        "sf-no-onion",
        "sf-no-garlic",
        "sf-kid-friendly",
        "sf-not-vegan",
        "veg"
      ]
    },
    {
      "name": "Taro Cream Shake",
      "description": "",
      "media": null,
      "price": 0,
      "menuName": "Cream Shake Series",
      "categoryName": "",
      "slugs": [
        "veg",
        "services",
        "sf-no-onion",
        "sf-no-garlic",
        "sf-kid-friendly",
        "sf-not-vegan",
        "delivery-enabled",
        "delivery-enabled",
        "veg",
        "services",
        "sf-no-onion",
        "sf-no-garlic",
        "sf-kid-friendly",
        "sf-not-vegan",
        "veg"
      ]
    },
    {
      "name": "Berry Burst",
      "description": "",
      "media": "https://b.zmtcdn.com/data/dish_photos/2ee/99d4f6eec7cf17aaa98ea9babb6192ee.png",
      "price": 0,
      "menuName": "Popping Fizz Series",
      "categoryName": "",
      "slugs": [
        "veg",
        "services",
        "delivery-enabled",
        "delivery-enabled",
        "veg",
        "services",
        "veg"
      ]
    },
    {
      "name": "Blue Blush",
      "description": "",
      "media": "https://b.zmtcdn.com/data/dish_photos/da4/9fc036d3d272e0540775c11863520da4.jpeg",
      "price": 0,
      "menuName": "Popping Fizz Series",
      "categoryName": "",
      "slugs": [
        "veg",
        "services",
        "delivery-enabled",
        "delivery-enabled",
        "veg",
        "services",
        "veg"
      ]
    },
    {
      "name": "Electric Yuzu",
      "description": "",
      "media": "https://b.zmtcdn.com/data/dish_photos/d4a/b66cff06fd6c88d15885836f1eb22d4a.png",
      "price": 0,
      "menuName": "Popping Fizz Series",
      "categoryName": "",
      "slugs": [
        "veg",
        "services",
        "delivery-enabled",
        "delivery-enabled",
        "veg",
        "services",
        "veg"
      ]
    },
    {
      "name": "Green Apple",
      "description": "",
      "media": "https://b.zmtcdn.com/data/dish_photos/d3e/cd611b8620b3be8ead69cd842f1c2d3e.jpeg",
      "price": 0,
      "menuName": "Popping Fizz Series",
      "categoryName": "",
      "slugs": [
        "veg",
        "services",
        "delivery-enabled",
        "delivery-enabled",
        "veg",
        "services",
        "veg"
      ]
    },
    {
      "name": "Pinacolada",
      "description": "",
      "media": null,
      "price": 0,
      "menuName": "Popping Fizz Series",
      "categoryName": "",
      "slugs": [
        "veg",
        "services",
        "delivery-enabled",
        "delivery-enabled",
        "veg",
        "services",
        "veg"
      ]
    },
    {
      "name": "Pink Lady",
      "description": "",
      "media": "https://b.zmtcdn.com/data/dish_photos/450/b78946ca813b9e1c5c671a05cf1d9450.png",
      "price": 0,
      "menuName": "Popping Fizz Series",
      "categoryName": "",
      "slugs": [
        "veg",
        "services",
        "delivery-enabled",
        "delivery-enabled",
        "veg",
        "services",
        "veg"
      ]
    },
    {
      "name": "Red Grape",
      "description": "",
      "media": null,
      "price": 0,
      "menuName": "Popping Fizz Series",
      "categoryName": "",
      "slugs": [
        "veg",
        "services",
        "delivery-enabled",
        "delivery-enabled",
        "veg",
        "services",
        "veg"
      ]
    },
    {
      "name": "Strawberry Mint",
      "description": "",
      "media": null,
      "price": 0,
      "menuName": "Popping Fizz Series",
      "categoryName": "",
      "slugs": [
        "veg",
        "services",
        "delivery-enabled",
        "delivery-enabled",
        "veg",
        "services",
        "veg"
      ]
    },
    {
      "name": "Cafe Latte [230 Ml]",
      "description": "Light, hot coffee, with a shot of espresso in steamed milk",
      "media": null,
      "price": 169,
      "menuName": "Hot Coffee",
      "categoryName": "",
      "slugs": [
        "veg",
        "services",
        "delivery-enabled",
        "delivery-enabled",
        "veg",
        "services",
        "veg"
      ]
    },
    {
      "name": "Cafe Mocha [230 Ml]",
      "description": "Hot coffee made with the right blend of espresso, hot milk and rich chocolate sauce.",
      "media": null,
      "price": 169,
      "menuName": "Hot Coffee",
      "categoryName": "",
      "slugs": [
        "veg",
        "services",
        "delivery-enabled",
        "delivery-enabled",
        "veg",
        "services",
        "veg"
      ]
    },
    {
      "name": "Cappuccino [230 Ml]",
      "description": "Single shots of italian styled espresso, evened out with steamed and foamed milk",
      "media": null,
      "price": 169,
      "menuName": "Hot Coffee",
      "categoryName": "",
      "slugs": [
        "veg",
        "services",
        "delivery-enabled",
        "delivery-enabled",
        "veg",
        "services",
        "veg"
      ]
    },
    {
      "name": "Espresso",
      "description": "",
      "media": null,
      "price": 0,
      "menuName": "Hot Coffee",
      "categoryName": "",
      "slugs": [
        "veg",
        "services",
        "delivery-enabled",
        "delivery-enabled",
        "veg",
        "services",
        "veg"
      ]
    },
    {
      "name": "Espresso Americano [230 Ml]",
      "description": "An americano is a bit stronger with a rich bold flavor.",
      "media": null,
      "price": 169,
      "menuName": "Hot Coffee",
      "categoryName": "",
      "slugs": [
        "veg",
        "services",
        "delivery-enabled",
        "delivery-enabled",
        "veg",
        "services",
        "veg"
      ]
    },
    {
      "name": "Filter Coffee [100 Ml]",
      "description": "A coffee drink made with boiled milk with the infusion obtained by percolation brewing of finely ground coffee powder in a traditional indian filter",
      "media": null,
      "price": 129,
      "menuName": "Hot Coffee",
      "categoryName": "",
      "slugs": [
        "veg",
        "services",
        "delivery-enabled",
        "delivery-enabled",
        "veg",
        "services",
        "veg"
      ]
    },
    {
      "name": "Irish Coffee [230 Ml]",
      "description": "",
      "media": "https://b.zmtcdn.com/data/dish_photos/f2f/b1b7c0295683fa18ae3b74fd97a89f2f.jpeg",
      "price": 169,
      "menuName": "Hot Coffee",
      "categoryName": "",
      "slugs": [
        "veg",
        "services",
        "delivery-enabled",
        "delivery-enabled",
        "veg",
        "services",
        "veg"
      ]
    },
    {
      "name": "Nutella Mocha [230 Ml]",
      "description": "Get high on caffeine with this nutella chocolate latte.",
      "media": null,
      "price": 199,
      "menuName": "Hot Coffee",
      "categoryName": "",
      "slugs": [
        "veg",
        "services",
        "delivery-enabled",
        "delivery-enabled",
        "veg",
        "services",
        "veg"
      ]
    },
    {
      "name": "Detox Tea [230 Ml]",
      "description": "",
      "media": null,
      "price": 129,
      "menuName": "Hot Tea",
      "categoryName": "",
      "slugs": [
        "veg",
        "services",
        "delivery-enabled",
        "delivery-enabled",
        "veg",
        "services",
        "veg"
      ]
    },
    {
      "name": "Ginger Jasmine [230 Ml]",
      "description": "",
      "media": null,
      "price": 129,
      "menuName": "Hot Tea",
      "categoryName": "",
      "slugs": [
        "veg",
        "services",
        "delivery-enabled",
        "delivery-enabled",
        "veg",
        "services",
        "veg"
      ]
    },
    {
      "name": "Ginger Tea",
      "description": "",
      "media": "https://b.zmtcdn.com/data/dish_photos/d17/1c14652b1a6ddffc5f4723a3f6514d17.jpeg",
      "price": 0,
      "menuName": "Hot Tea",
      "categoryName": "",
      "slugs": [
        "veg",
        "services",
        "delivery-enabled",
        "delivery-enabled",
        "veg",
        "services",
        "veg"
      ]
    },
    {
      "name": "Green Tea Matcha [230 Ml]",
      "description": "",
      "media": null,
      "price": 129,
      "menuName": "Hot Tea",
      "categoryName": "",
      "slugs": [
        "veg",
        "services",
        "delivery-enabled",
        "delivery-enabled",
        "veg",
        "services",
        "veg"
      ]
    },
    {
      "name": "Green Tea [230 Ml]",
      "description": "Green tea as a beverage or dietary supplement is promoted for improving mental alertness, relieving digestive symptoms and headaches, and promoting weight loss.",
      "media": null,
      "price": 129,
      "menuName": "Hot Tea",
      "categoryName": "",
      "slugs": [
        "veg",
        "services",
        "delivery-enabled",
        "delivery-enabled",
        "veg",
        "services",
        "veg"
      ]
    },
    {
      "name": "Hibuscus Mint [230 Ml]",
      "description": "",
      "media": null,
      "price": 129,
      "menuName": "Hot Tea",
      "categoryName": "",
      "slugs": [
        "veg",
        "services",
        "delivery-enabled",
        "delivery-enabled",
        "veg",
        "services",
        "veg"
      ]
    },
    {
      "name": "Masala Tea",
      "description": "",
      "media": "https://b.zmtcdn.com/data/dish_photos/2fb/65bb5eeefaa1152f2bcf2c80bb3b12fb.jpeg",
      "price": 0,
      "menuName": "Hot Tea",
      "categoryName": "",
      "slugs": [
        "veg",
        "services",
        "delivery-enabled",
        "delivery-enabled",
        "veg",
        "services",
        "veg"
      ]
    },
    {
      "name": "Biscoff Hot Chocolate [230 Ml]",
      "description": "",
      "media": null,
      "price": 199,
      "menuName": "Hot Chocolate",
      "categoryName": "",
      "slugs": [
        "veg",
        "services",
        "delivery-enabled",
        "delivery-enabled",
        "veg",
        "services",
        "veg"
      ]
    },
    {
      "name": "Classic Hot Chocolate [230 Ml]",
      "description": "Our hot chocolate is richer, its creamier and it tastes very much like youre drinking a chocolate bar",
      "media": "https://b.zmtcdn.com/data/dish_photos/978/16b3421362d8c13fe53711c40b966978.jpeg",
      "price": 179,
      "menuName": "Hot Chocolate",
      "categoryName": "",
      "slugs": [
        "veg",
        "services",
        "delivery-enabled",
        "delivery-enabled",
        "veg",
        "services",
        "veg"
      ]
    },
    {
      "name": "Hot Chocolate Nutella [230 Ml]",
      "description": "",
      "media": null,
      "price": 199,
      "menuName": "Hot Chocolate",
      "categoryName": "",
      "slugs": [
        "veg",
        "services",
        "delivery-enabled",
        "delivery-enabled",
        "veg",
        "services",
        "veg"
      ]
    },
    {
      "name": "American Nuts [120 Ml]",
      "description": "",
      "media": "https://b.zmtcdn.com/data/dish_photos/b3e/a13ae022fdeb4bf1eb834bdc7a14ab3e.png",
      "price": 99,
      "menuName": "Scoops",
      "categoryName": "",
      "slugs": [
        "veg",
        "services",
        "delivery-enabled",
        "delivery-enabled",
        "veg",
        "services",
        "veg"
      ]
    },
    {
      "name": "Black Currant [120 Ml]",
      "description": "",
      "media": "https://b.zmtcdn.com/data/dish_photos/dea/511a5e374b7cd1c12354fa7e4d843dea.png",
      "price": 79,
      "menuName": "Scoops",
      "categoryName": "",
      "slugs": [
        "veg",
        "services",
        "delivery-enabled",
        "delivery-enabled",
        "veg",
        "services",
        "veg"
      ]
    },
    {
      "name": "Classic Chocolate [120 Ml]",
      "description": "",
      "media": "https://b.zmtcdn.com/data/dish_photos/0c1/612d088d383426369d290672be0790c1.png",
      "price": 69,
      "menuName": "Scoops",
      "categoryName": "",
      "slugs": [
        "veg",
        "services",
        "delivery-enabled",
        "delivery-enabled",
        "veg",
        "services",
        "veg"
      ]
    },
    {
      "name": "Classic Strawberry [120 Ml]",
      "description": "",
      "media": "https://b.zmtcdn.com/data/dish_photos/a71/c6ce83fae4f81723b9f8d3212c57aa71.png",
      "price": 59,
      "menuName": "Scoops",
      "categoryName": "",
      "slugs": [
        "veg",
        "services",
        "delivery-enabled",
        "delivery-enabled",
        "veg",
        "services",
        "veg"
      ]
    },
    {
      "name": "Classic Vanilla [120 Ml]",
      "description": "",
      "media": "https://b.zmtcdn.com/data/dish_photos/fe5/5bde95b1cbe1a6c7460cdb8db7932fe5.png",
      "price": 59,
      "menuName": "Scoops",
      "categoryName": "",
      "slugs": [
        "veg",
        "services",
        "delivery-enabled",
        "delivery-enabled",
        "veg",
        "services",
        "veg"
      ]
    },
    {
      "name": "Mocha Brownie Fudge [120 Ml]",
      "description": "",
      "media": "https://b.zmtcdn.com/data/dish_photos/0f7/009dc1d0be48c894d11c8703a8ecb0f7.png",
      "price": 99,
      "menuName": "Scoops",
      "categoryName": "",
      "slugs": [
        "veg",
        "services",
        "delivery-enabled",
        "delivery-enabled",
        "veg",
        "services",
        "veg"
      ]
    },
    {
      "name": "Brownie Fudge [120 Grams]",
      "description": "",
      "media": null,
      "price": 169,
      "menuName": "Sundae",
      "categoryName": "",
      "slugs": [
        "veg",
        "services",
        "sf-no-onion",
        "sf-no-garlic",
        "sf-kid-friendly",
        "delivery-enabled",
        "delivery-enabled",
        "veg",
        "services",
        "sf-no-onion",
        "sf-no-garlic",
        "sf-kid-friendly",
        "veg"
      ]
    },
    {
      "name": "Choco Passion [250 Grams]",
      "description": "",
      "media": "https://b.zmtcdn.com/data/dish_photos/d2b/b1d9c5e309dd833544002fbc23ef5d2b.jpeg",
      "price": 229,
      "menuName": "Sundae",
      "categoryName": "",
      "slugs": [
        "veg",
        "services",
        "sf-no-onion",
        "sf-no-garlic",
        "sf-kid-friendly",
        "delivery-enabled",
        "delivery-enabled",
        "veg",
        "services",
        "sf-no-onion",
        "sf-no-garlic",
        "sf-kid-friendly",
        "veg"
      ]
    },
    {
      "name": "Death By Chocolate [250 Grams]",
      "description": "",
      "media": "https://b.zmtcdn.com/data/dish_photos/ab7/22df83666d7ccd4143ef8c26acab3ab7.jpeg",
      "price": 249,
      "menuName": "Sundae",
      "categoryName": "",
      "slugs": [
        "veg",
        "services",
        "sf-no-onion",
        "sf-no-garlic",
        "sf-kid-friendly",
        "delivery-enabled",
        "delivery-enabled",
        "veg",
        "services",
        "sf-no-onion",
        "sf-no-garlic",
        "sf-kid-friendly",
        "veg"
      ]
    },
    {
      "name": "Nutty Fruity [250 Grams]",
      "description": "",
      "media": null,
      "price": 229,
      "menuName": "Sundae",
      "categoryName": "",
      "slugs": [
        "veg",
        "services",
        "sf-no-onion",
        "sf-no-garlic",
        "sf-kid-friendly",
        "delivery-enabled",
        "delivery-enabled",
        "veg",
        "services",
        "sf-no-onion",
        "sf-no-garlic",
        "sf-kid-friendly",
        "veg"
      ]
    },
    {
      "name": "Butterscotch Pastry [125 Ml]",
      "description": "",
      "media": null,
      "price": 149,
      "menuName": "Ice Cream Pastries",
      "categoryName": "",
      "slugs": [
        "veg",
        "services",
        "sf-no-onion",
        "sf-no-garlic",
        "sf-kid-friendly",
        "delivery-enabled",
        "delivery-enabled",
        "veg",
        "services",
        "sf-no-onion",
        "sf-no-garlic",
        "sf-kid-friendly",
        "veg"
      ]
    },
    {
      "name": "Chocolate Pastry [125 Ml]",
      "description": "",
      "media": null,
      "price": 149,
      "menuName": "Ice Cream Pastries",
      "categoryName": "",
      "slugs": [
        "veg",
        "services",
        "sf-no-onion",
        "sf-no-garlic",
        "sf-kid-friendly",
        "delivery-enabled",
        "delivery-enabled",
        "veg",
        "services",
        "sf-no-onion",
        "sf-no-garlic",
        "sf-kid-friendly",
        "veg"
      ]
    },
    {
      "name": "Butterscotch Cake [500 Ml]",
      "description": "",
      "media": null,
      "price": 349,
      "menuName": "Ice Cream Cake",
      "categoryName": "",
      "slugs": [
        "veg",
        "services",
        "sf-no-onion",
        "sf-no-garlic",
        "sf-kid-friendly",
        "delivery-enabled",
        "delivery-enabled",
        "veg",
        "services",
        "sf-no-onion",
        "sf-no-garlic",
        "sf-kid-friendly",
        "veg"
      ]
    },
    {
      "name": "Chocolate Cake [500 Ml]",
      "description": "",
      "media": null,
      "price": 349,
      "menuName": "Ice Cream Cake",
      "categoryName": "",
      "slugs": [
        "veg",
        "services",
        "sf-no-onion",
        "sf-no-garlic",
        "sf-kid-friendly",
        "delivery-enabled",
        "delivery-enabled",
        "veg",
        "services",
        "sf-no-onion",
        "sf-no-garlic",
        "sf-kid-friendly",
        "veg"
      ]
    },
    {
      "name": "Brownie Burst",
      "description": "",
      "media": null,
      "price": 0,
      "menuName": "Cold Coffee",
      "categoryName": "",
      "slugs": [
        "veg",
        "services",
        "delivery-enabled",
        "delivery-enabled",
        "veg",
        "services",
        "veg"
      ]
    },
    {
      "name": "Bsc Frappe",
      "description": "",
      "media": "https://b.zmtcdn.com/data/dish_photos/e0b/3176b7154842380c22eb7f38e0eb4e0b.png",
      "price": 0,
      "menuName": "Cold Coffee",
      "categoryName": "",
      "slugs": [
        "veg",
        "services",
        "delivery-enabled",
        "delivery-enabled",
        "veg",
        "services",
        "veg"
      ]
    },
    {
      "name": "Bsc Mocha Frappe",
      "description": "",
      "media": "https://b.zmtcdn.com/data/dish_photos/7d5/40810dabe080a929db5622d902b6c7d5.jpeg",
      "price": 0,
      "menuName": "Cold Coffee",
      "categoryName": "",
      "slugs": [
        "veg",
        "services",
        "delivery-enabled",
        "delivery-enabled",
        "veg",
        "services",
        "veg"
      ]
    },
    {
      "name": "Cookie Crumble Mocha",
      "description": "",
      "media": "https://b.zmtcdn.com/data/dish_photos/dae/374c32ba52b93c0dcfa2b03545760dae.png",
      "price": 0,
      "menuName": "Cold Coffee",
      "categoryName": "",
      "slugs": [
        "veg",
        "services",
        "delivery-enabled",
        "delivery-enabled",
        "veg",
        "services",
        "veg"
      ]
    },
    {
      "name": "Dark Devil",
      "description": "",
      "media": "https://b.zmtcdn.com/data/dish_photos/a14/97029d44b5cbddb28f2313c057d99a14.png",
      "price": 0,
      "menuName": "Cold Coffee",
      "categoryName": "",
      "slugs": [
        "veg",
        "services",
        "delivery-enabled",
        "delivery-enabled",
        "veg",
        "services",
        "veg"
      ]
    },
    {
      "name": "Java Chip Caramel",
      "description": "",
      "media": null,
      "price": 0,
      "menuName": "Cold Coffee",
      "categoryName": "",
      "slugs": [
        "veg",
        "services",
        "delivery-enabled",
        "delivery-enabled",
        "veg",
        "services",
        "veg"
      ]
    },
    {
      "name": "Mixed Berry Magic Mojito",
      "description": "",
      "media": null,
      "price": 0,
      "menuName": "Mojito",
      "categoryName": "",
      "slugs": [
        "veg",
        "services",
        "delivery-enabled",
        "delivery-enabled",
        "veg",
        "services",
        "veg"
      ]
    },
    {
      "name": "Strawberry Mojito",
      "description": "",
      "media": null,
      "price": 0,
      "menuName": "Mojito",
      "categoryName": "",
      "slugs": [
        "veg",
        "services",
        "delivery-enabled",
        "delivery-enabled",
        "veg",
        "services",
        "veg"
      ]
    },
    {
      "name": "Virgin Mojito",
      "description": "",
      "media": null,
      "price": 0,
      "menuName": "Mojito",
      "categoryName": "",
      "slugs": [
        "veg",
        "services",
        "delivery-enabled",
        "delivery-enabled",
        "veg",
        "services",
        "veg"
      ]
    },
    {
      "name": "Watermelon Mojito",
      "description": "",
      "media": null,
      "price": 0,
      "menuName": "Mojito",
      "categoryName": "",
      "slugs": [
        "veg",
        "services",
        "delivery-enabled",
        "delivery-enabled",
        "veg",
        "services",
        "veg"
      ]
    },
    {
      "name": "Lemon Iced Tea",
      "description": "",
      "media": "https://b.zmtcdn.com/data/dish_photos/a99/a6358f834529fbe9998f4881f3f57a99.jpeg",
      "price": 0,
      "menuName": "Iced Tea",
      "categoryName": "",
      "slugs": [
        "veg",
        "services",
        "delivery-enabled",
        "delivery-enabled",
        "veg",
        "services",
        "veg"
      ]
    },
    {
      "name": "Passion Fruit Iced Tea",
      "description": "",
      "media": null,
      "price": 0,
      "menuName": "Iced Tea",
      "categoryName": "",
      "slugs": [
        "veg",
        "services",
        "delivery-enabled",
        "delivery-enabled",
        "veg",
        "services",
        "veg"
      ]
    },
    {
      "name": "Peach Iced Tea",
      "description": "",
      "media": "https://b.zmtcdn.com/data/dish_photos/d1d/ae45f3f54bfb07876f52aca5f6821d1d.jpeg",
      "price": 0,
      "menuName": "Iced Tea",
      "categoryName": "",
      "slugs": [
        "veg",
        "services",
        "delivery-enabled",
        "delivery-enabled",
        "veg",
        "services",
        "veg"
      ]
    },
    {
      "name": "Watermelon Iced Tea",
      "description": "",
      "media": null,
      "price": 0,
      "menuName": "Iced Tea",
      "categoryName": "",
      "slugs": [
        "veg",
        "services",
        "delivery-enabled",
        "delivery-enabled",
        "veg",
        "services",
        "veg"
      ]
    },
    {
      "name": "Black Current Shake",
      "description": "",
      "media": "https://b.zmtcdn.com/data/dish_photos/7b9/20ee2d717a8ab3f4df28965dbd0677b9.jpeg",
      "price": 0,
      "menuName": "Milk Shakes",
      "categoryName": "",
      "slugs": [
        "veg",
        "services",
        "sf-not-vegan",
        "delivery-enabled",
        "delivery-enabled",
        "veg",
        "services",
        "sf-not-vegan",
        "veg"
      ]
    },
    {
      "name": "Brownie Choco Shake",
      "description": "",
      "media": null,
      "price": 0,
      "menuName": "Milk Shakes",
      "categoryName": "",
      "slugs": [
        "veg",
        "services",
        "sf-not-vegan",
        "delivery-enabled",
        "delivery-enabled",
        "veg",
        "services",
        "sf-not-vegan",
        "veg"
      ]
    },
    {
      "name": "Cold Chocolate Shake",
      "description": "",
      "media": "https://b.zmtcdn.com/data/dish_photos/d83/0e1ee79c09631a9bc509e191db304d83.png",
      "price": 0,
      "menuName": "Milk Shakes",
      "categoryName": "",
      "slugs": [
        "veg",
        "services",
        "sf-not-vegan",
        "delivery-enabled",
        "delivery-enabled",
        "veg",
        "services",
        "sf-not-vegan",
        "veg"
      ]
    },
    {
      "name": "French Vanilla Shake",
      "description": "",
      "media": "https://b.zmtcdn.com/data/dish_photos/deb/ef229548169164e0444891fb59ec5deb.png",
      "price": 0,
      "menuName": "Milk Shakes",
      "categoryName": "",
      "slugs": [
        "veg",
        "services",
        "sf-not-vegan",
        "delivery-enabled",
        "delivery-enabled",
        "veg",
        "services",
        "sf-not-vegan",
        "veg"
      ]
    },
    {
      "name": "Kit Kat Shake",
      "description": "",
      "media": "https://b.zmtcdn.com/data/dish_photos/62d/f1ea5c845af294f7fbccd3c35a0f562d.jpeg",
      "price": 0,
      "menuName": "Milk Shakes",
      "categoryName": "",
      "slugs": [
        "veg",
        "services",
        "sf-not-vegan",
        "delivery-enabled",
        "delivery-enabled",
        "veg",
        "services",
        "sf-not-vegan",
        "veg"
      ]
    },
    {
      "name": "Mango Shake",
      "description": "",
      "media": "https://b.zmtcdn.com/data/dish_photos/9fc/cf826b52565061383f4d6d128bc8d9fc.png",
      "price": 0,
      "menuName": "Milk Shakes",
      "categoryName": "",
      "slugs": [
        "veg",
        "services",
        "sf-not-vegan",
        "delivery-enabled",
        "delivery-enabled",
        "veg",
        "services",
        "sf-not-vegan",
        "veg"
      ]
    },
    {
      "name": "Oreo Shake",
      "description": "",
      "media": "https://b.zmtcdn.com/data/dish_photos/156/e2c50c9643b52cf36bfd1aca804ca156.png",
      "price": 0,
      "menuName": "Milk Shakes",
      "categoryName": "",
      "slugs": [
        "veg",
        "services",
        "sf-not-vegan",
        "delivery-enabled",
        "delivery-enabled",
        "veg",
        "services",
        "sf-not-vegan",
        "veg"
      ]
    },
    {
      "name": "Strawberry Shake",
      "description": "",
      "media": null,
      "price": 0,
      "menuName": "Milk Shakes",
      "categoryName": "",
      "slugs": [
        "veg",
        "services",
        "sf-not-vegan",
        "delivery-enabled",
        "delivery-enabled",
        "veg",
        "services",
        "sf-not-vegan",
        "veg"
      ]
    },
    {
      "name": "Cool Blue Slush",
      "description": "",
      "media": "https://b.zmtcdn.com/data/dish_photos/ac2/32dd8ad26365215e683f8799156bdac2.png",
      "price": 0,
      "menuName": "Slush",
      "categoryName": "",
      "slugs": [
        "veg",
        "services",
        "delivery-enabled",
        "delivery-enabled",
        "veg",
        "services",
        "veg"
      ]
    },
    {
      "name": "Green Apple Meltdown Slush",
      "description": "",
      "media": null,
      "price": 0,
      "menuName": "Slush",
      "categoryName": "",
      "slugs": [
        "veg",
        "services",
        "delivery-enabled",
        "delivery-enabled",
        "veg",
        "services",
        "veg"
      ]
    },
    {
      "name": "Strawberry Slurp Slush",
      "description": "",
      "media": null,
      "price": 0,
      "menuName": "Slush",
      "categoryName": "",
      "slugs": [
        "veg",
        "services",
        "delivery-enabled",
        "delivery-enabled",
        "veg",
        "services",
        "veg"
      ]
    },
    {
      "name": "Yuzu Slush",
      "description": "",
      "media": null,
      "price": 0,
      "menuName": "Slush",
      "categoryName": "",
      "slugs": [
        "veg",
        "services",
        "delivery-enabled",
        "delivery-enabled",
        "veg",
        "services",
        "veg"
      ]
    },
    {
      "name": "Classic Cold Brew",
      "description": "",
      "media": "https://b.zmtcdn.com/data/dish_photos/004/701aad29dc0c7cb8b0dfd6cc73591004.jpeg",
      "price": 0,
      "menuName": "On The Rocks",
      "categoryName": "",
      "slugs": [
        "veg",
        "services",
        "delivery-enabled",
        "delivery-enabled",
        "veg",
        "services",
        "veg"
      ]
    },
    {
      "name": "Iced Americano",
      "description": "",
      "media": null,
      "price": 0,
      "menuName": "On The Rocks",
      "categoryName": "",
      "slugs": [
        "veg",
        "services",
        "delivery-enabled",
        "delivery-enabled",
        "veg",
        "services",
        "veg"
      ]
    },
    {
      "name": "Iced Latte",
      "description": "",
      "media": null,
      "price": 0,
      "menuName": "On The Rocks",
      "categoryName": "",
      "slugs": [
        "veg",
        "services",
        "delivery-enabled",
        "delivery-enabled",
        "veg",
        "services",
        "veg"
      ]
    },
    {
      "name": "Vietnamese Coffee",
      "description": "",
      "media": "https://b.zmtcdn.com/data/dish_photos/eef/9922c3b4022b34e2076ef002660faeef.jpeg",
      "price": 0,
      "menuName": "On The Rocks",
      "categoryName": "",
      "slugs": [
        "veg",
        "services",
        "delivery-enabled",
        "delivery-enabled",
        "veg",
        "services",
        "veg"
      ]
    },
    {
      "name": "Vietnamese Cold Brew",
      "description": "",
      "media": "https://b.zmtcdn.com/data/dish_photos/f59/476732a8d084508c0f68462f53b37f59.jpeg",
      "price": 0,
      "menuName": "On The Rocks",
      "categoryName": "",
      "slugs": [
        "veg",
        "services",
        "delivery-enabled",
        "delivery-enabled",
        "veg",
        "services",
        "veg"
      ]
    },
    {
      "name": "Brownie [100 Grams]",
      "description": "",
      "media": null,
      "price": 129,
      "menuName": "Sweet Eats",
      "categoryName": "",
      "slugs": [
        "veg",
        "services",
        "delivery-enabled",
        "delivery-enabled",
        "veg",
        "services",
        "veg"
      ]
    },
    {
      "name": "Chocolava Cake [75 Grams]",
      "description": "",
      "media": null,
      "price": 129,
      "menuName": "Sweet Eats",
      "categoryName": "",
      "slugs": [
        "veg",
        "services",
        "delivery-enabled",
        "delivery-enabled",
        "veg",
        "services",
        "veg"
      ]
    },
    {
      "name": "Biscoff Doughnut [120 Grams]",
      "description": "",
      "media": null,
      "price": 149,
      "menuName": "Doughnuts",
      "categoryName": "",
      "slugs": [
        "veg",
        "services",
        "sf-no-onion",
        "sf-no-garlic",
        "sf-kid-friendly",
        "delivery-enabled",
        "delivery-enabled",
        "veg",
        "services",
        "sf-no-onion",
        "sf-no-garlic",
        "sf-kid-friendly",
        "veg"
      ]
    },
    {
      "name": "Choco Caramel Doughnut [100 Grams]",
      "description": "",
      "media": null,
      "price": 129,
      "menuName": "Doughnuts",
      "categoryName": "",
      "slugs": [
        "veg",
        "services",
        "sf-no-onion",
        "sf-no-garlic",
        "sf-kid-friendly",
        "delivery-enabled",
        "delivery-enabled",
        "veg",
        "services",
        "sf-no-onion",
        "sf-no-garlic",
        "sf-kid-friendly",
        "veg"
      ]
    },
    {
      "name": "Chocolate Doghnut [100 Grams]",
      "description": "",
      "media": null,
      "price": 89,
      "menuName": "Doughnuts",
      "categoryName": "",
      "slugs": [
        "veg",
        "services",
        "sf-no-onion",
        "sf-no-garlic",
        "sf-kid-friendly",
        "delivery-enabled",
        "delivery-enabled",
        "veg",
        "services",
        "sf-no-onion",
        "sf-no-garlic",
        "sf-kid-friendly",
        "veg"
      ]
    },
    {
      "name": "Nutella Doughnut [120 Grams]",
      "description": "",
      "media": null,
      "price": 149,
      "menuName": "Doughnuts",
      "categoryName": "",
      "slugs": [
        "veg",
        "services",
        "sf-no-onion",
        "sf-no-garlic",
        "sf-kid-friendly",
        "delivery-enabled",
        "delivery-enabled",
        "veg",
        "services",
        "sf-no-onion",
        "sf-no-garlic",
        "sf-kid-friendly",
        "veg"
      ]
    },
    {
      "name": "Biscoff Crossaint [130 Grams]",
      "description": "",
      "media": null,
      "price": 239,
      "menuName": "Crossaints",
      "categoryName": "",
      "slugs": [
        "veg",
        "services",
        "delivery-enabled",
        "delivery-enabled",
        "veg",
        "services",
        "veg"
      ]
    },
    {
      "name": "Butter Crossaint [100 Grams]",
      "description": "",
      "media": null,
      "price": 189,
      "menuName": "Crossaints",
      "categoryName": "",
      "slugs": [
        "veg",
        "services",
        "sf-not-vegan",
        "delivery-enabled",
        "delivery-enabled",
        "veg",
        "services",
        "sf-not-vegan",
        "veg"
      ]
    },
    {
      "name": "Cheese Cream Boba Crossaint [130 Grams]",
      "description": "",
      "media": null,
      "price": 249,
      "menuName": "Crossaints",
      "categoryName": "",
      "slugs": [
        "veg",
        "services",
        "sf-not-vegan",
        "delivery-enabled",
        "delivery-enabled",
        "veg",
        "services",
        "sf-not-vegan",
        "veg"
      ]
    },
    {
      "name": "Nutella Crossaint [130 Grams]",
      "description": "",
      "media": null,
      "price": 239,
      "menuName": "Crossaints",
      "categoryName": "",
      "slugs": [
        "veg",
        "services",
        "delivery-enabled",
        "delivery-enabled",
        "veg",
        "services",
        "veg"
      ]
    },
    {
      "name": "Cheesy Veg Crossaint Sandwich [150 Grams]",
      "description": "",
      "media": null,
      "price": 249,
      "menuName": "Crossiant Sandwich",
      "categoryName": "",
      "slugs": [
        "veg",
        "services",
        "sf-not-vegan",
        "delivery-enabled",
        "delivery-enabled",
        "veg",
        "services",
        "sf-not-vegan",
        "veg"
      ]
    },
    {
      "name": "Classic Veg Sandwich [130 Grams]",
      "description": "",
      "media": null,
      "price": 239,
      "menuName": "Crossiant Sandwich",
      "categoryName": "",
      "slugs": [
        "veg",
        "services",
        "delivery-enabled",
        "delivery-enabled",
        "veg",
        "services",
        "veg"
      ]
    },
    {
      "name": "Crossaint Surprise Sandwich [150 Grams]",
      "description": "",
      "media": null,
      "price": 319,
      "menuName": "Crossiant Sandwich",
      "categoryName": "",
      "slugs": [
        "veg",
        "services",
        "delivery-enabled",
        "delivery-enabled",
        "veg",
        "services",
        "veg"
      ]
    },
    {
      "name": "Choco Muffin [100 Grams]",
      "description": "",
      "media": null,
      "price": 99,
      "menuName": "Muffins & Tea Cake",
      "categoryName": "",
      "slugs": [
        "veg",
        "services",
        "sf-no-onion",
        "sf-no-garlic",
        "sf-kid-friendly",
        "delivery-enabled",
        "delivery-enabled",
        "veg",
        "services",
        "sf-no-onion",
        "sf-no-garlic",
        "sf-kid-friendly",
        "veg"
      ]
    },
    {
      "name": "Honey Bar Cake [100 Grams]",
      "description": "",
      "media": null,
      "price": 89,
      "menuName": "Muffins & Tea Cake",
      "categoryName": "",
      "slugs": [
        "veg",
        "services",
        "sf-no-onion",
        "sf-no-garlic",
        "sf-kid-friendly",
        "sf-cake",
        "sf-not-vegan",
        "delivery-enabled",
        "delivery-enabled",
        "veg",
        "services",
        "sf-no-onion",
        "sf-no-garlic",
        "sf-kid-friendly",
        "sf-cake",
        "sf-not-vegan",
        "veg"
      ]
    },
    {
      "name": "Mava Tea Cake [100 Grams]",
      "description": "",
      "media": null,
      "price": 89,
      "menuName": "Muffins & Tea Cake",
      "categoryName": "",
      "slugs": [
        "veg",
        "services",
        "sf-no-onion",
        "sf-no-garlic",
        "sf-kid-friendly",
        "delivery-enabled",
        "delivery-enabled",
        "veg",
        "services",
        "sf-no-onion",
        "sf-no-garlic",
        "sf-kid-friendly",
        "veg"
      ]
    },
    {
      "name": "Tea Time Cake [100 Grams]",
      "description": "",
      "media": null,
      "price": 89,
      "menuName": "Muffins & Tea Cake",
      "categoryName": "",
      "slugs": [
        "veg",
        "services",
        "sf-no-onion",
        "sf-no-garlic",
        "sf-kid-friendly",
        "delivery-enabled",
        "delivery-enabled",
        "veg",
        "services",
        "sf-no-onion",
        "sf-no-garlic",
        "sf-kid-friendly",
        "veg"
      ]
    },
    {
      "name": "Vanilla Muffin [100 Grams]",
      "description": "",
      "media": null,
      "price": 99,
      "menuName": "Muffins & Tea Cake",
      "categoryName": "",
      "slugs": [
        "veg",
        "services",
        "sf-no-onion",
        "sf-no-garlic",
        "sf-kid-friendly",
        "delivery-enabled",
        "delivery-enabled",
        "veg",
        "services",
        "sf-no-onion",
        "sf-no-garlic",
        "sf-kid-friendly",
        "veg"
      ]
    },
    {
      "name": "Corn And Cheese Pizza",
      "description": "",
      "media": "https://b.zmtcdn.com/data/dish_photos/812/1768edc31bd091a3318b00cce0c43812.jpeg",
      "price": 0,
      "menuName": "Pizza",
      "categoryName": "",
      "slugs": [
        "veg",
        "services",
        "sf-kid-friendly",
        "sf-not-vegan",
        "delivery-enabled",
        "delivery-enabled",
        "veg",
        "services",
        "sf-kid-friendly",
        "sf-not-vegan",
        "veg"
      ]
    },
    {
      "name": "Double Cheese Margarita Pizza",
      "description": "",
      "media": "https://b.zmtcdn.com/data/dish_photos/9e0/bb595ad7d463eaa8e886208aaeab19e0.jpeg",
      "price": 0,
      "menuName": "Pizza",
      "categoryName": "",
      "slugs": [
        "veg",
        "services",
        "sf-kid-friendly",
        "sf-not-vegan",
        "delivery-enabled",
        "delivery-enabled",
        "veg",
        "services",
        "sf-kid-friendly",
        "sf-not-vegan",
        "veg"
      ]
    },
    {
      "name": "Garden Fresh Veg Pizza",
      "description": "",
      "media": "https://b.zmtcdn.com/data/dish_photos/a2e/8c1ef501d40ab3b20257379f33fbba2e.jpeg",
      "price": 0,
      "menuName": "Pizza",
      "categoryName": "",
      "slugs": [
        "veg",
        "services",
        "sf-kid-friendly",
        "delivery-enabled",
        "delivery-enabled",
        "veg",
        "services",
        "sf-kid-friendly",
        "veg"
      ]
    },
    {
      "name": "Peri Peri Paneer Pizza",
      "description": "",
      "media": "https://b.zmtcdn.com/data/dish_photos/e6b/864f90341d4220381d14bf9fbec55e6b.jpeg",
      "price": 0,
      "menuName": "Pizza",
      "categoryName": "",
      "slugs": [
        "veg",
        "services",
        "sf-spicy",
        "sf-not-vegan",
        "delivery-enabled",
        "delivery-enabled",
        "veg",
        "services",
        "sf-spicy",
        "sf-not-vegan",
        "veg"
      ]
    },
    {
      "name": "Tandoori Paneer Pizza",
      "description": "",
      "media": null,
      "price": 0,
      "menuName": "Pizza",
      "categoryName": "",
      "slugs": [
        "veg",
        "services",
        "sf-kid-friendly",
        "sf-not-vegan",
        "delivery-enabled",
        "delivery-enabled",
        "veg",
        "services",
        "sf-kid-friendly",
        "sf-not-vegan",
        "veg"
      ]
    },
    {
      "name": "Cheesy Veg Burger [200 Grams]",
      "description": "",
      "media": "https://b.zmtcdn.com/data/dish_photos/7f1/c1c1ee5554555230f9a8b95f96c607f1.jpeg",
      "price": 189,
      "menuName": "Burger",
      "categoryName": "",
      "slugs": [
        "veg",
        "services",
        "sf-not-vegan",
        "delivery-enabled",
        "delivery-enabled",
        "veg",
        "services",
        "sf-not-vegan",
        "veg"
      ]
    },
    {
      "name": "Paneer Tikka Burger [220 Grams]",
      "description": "",
      "media": "https://b.zmtcdn.com/data/dish_photos/8c2/2f62d18c5e9cb3074fc9a4c9548158c2.jpeg",
      "price": 219,
      "menuName": "Burger",
      "categoryName": "",
      "slugs": [
        "veg",
        "services",
        "sf-not-vegan",
        "delivery-enabled",
        "delivery-enabled",
        "veg",
        "services",
        "sf-not-vegan",
        "veg"
      ]
    },
    {
      "name": "Veggie Burger [180 Grams]",
      "description": "",
      "media": "https://b.zmtcdn.com/data/dish_photos/640/0693ad22a2478cde6842c6d656fa4640.jpeg",
      "price": 129,
      "menuName": "Burger",
      "categoryName": "",
      "slugs": [
        "veg",
        "services",
        "delivery-enabled",
        "delivery-enabled",
        "veg",
        "services",
        "veg"
      ]
    },
    {
      "name": "Corn And Peas Veg Sandwich [250 Grams]",
      "description": "",
      "media": "https://b.zmtcdn.com/data/dish_photos/23d/726087b300ba5c68790a921dd784a23d.jpeg",
      "price": 249,
      "menuName": "Sandwich",
      "categoryName": "",
      "slugs": [
        "veg",
        "services",
        "delivery-enabled",
        "delivery-enabled",
        "veg",
        "services",
        "veg"
      ]
    },
    {
      "name": "Junglee Veg Delight Sandwich [200 Grams]",
      "description": "",
      "media": "https://b.zmtcdn.com/data/dish_photos/e0b/74aa14d296f02f2eaf20126f6575fe0b.jpeg",
      "price": 229,
      "menuName": "Sandwich",
      "categoryName": "",
      "slugs": [
        "veg",
        "services",
        "delivery-enabled",
        "delivery-enabled",
        "veg",
        "services",
        "veg"
      ]
    },
    {
      "name": "Paneer Tikka Sandwich [250 Grams]",
      "description": "",
      "media": "https://b.zmtcdn.com/data/dish_photos/722/f59851637c5819053bc978206f740722.jpeg",
      "price": 279,
      "menuName": "Sandwich",
      "categoryName": "",
      "slugs": [
        "veg",
        "services",
        "sf-not-vegan",
        "delivery-enabled",
        "delivery-enabled",
        "veg",
        "services",
        "sf-not-vegan",
        "veg"
      ]
    },
    {
      "name": "Peri Peri Paneer Sandwich [250 Grams]",
      "description": "",
      "media": null,
      "price": 279,
      "menuName": "Sandwich",
      "categoryName": "",
      "slugs": [
        "veg",
        "services",
        "sf-spicy",
        "sf-not-vegan",
        "delivery-enabled",
        "delivery-enabled",
        "veg",
        "services",
        "sf-spicy",
        "sf-not-vegan",
        "veg"
      ]
    },
    {
      "name": "Cheese Nachos [100 Grams]",
      "description": "",
      "media": "https://b.zmtcdn.com/data/dish_photos/faa/4beebc9f9b6355aed008dcae628c5faa.jpeg",
      "price": 199,
      "menuName": "Quick Bite",
      "categoryName": "",
      "slugs": [
        "veg",
        "services",
        "sf-not-vegan",
        "delivery-enabled",
        "delivery-enabled",
        "veg",
        "services",
        "sf-not-vegan",
        "veg"
      ]
    },
    {
      "name": "Cheesy Fries [180 Grams]",
      "description": "",
      "media": null,
      "price": 199,
      "menuName": "Quick Bite",
      "categoryName": "",
      "slugs": [
        "veg",
        "services",
        "sf-not-vegan",
        "delivery-enabled",
        "delivery-enabled",
        "veg",
        "services",
        "sf-not-vegan",
        "veg"
      ]
    },
    {
      "name": "Chilli Cheese Toast [100 Grams]",
      "description": "",
      "media": "https://b.zmtcdn.com/data/dish_photos/248/dd3c5ef09f209d2cd8f556eb676a0248.jpeg",
      "price": 129,
      "menuName": "Quick Bite",
      "categoryName": "",
      "slugs": [
        "veg",
        "services",
        "sf-not-vegan",
        "delivery-enabled",
        "delivery-enabled",
        "veg",
        "services",
        "sf-not-vegan",
        "veg"
      ]
    },
    {
      "name": "Garden Veg Toast [100 Grams]",
      "description": "",
      "media": null,
      "price": 159,
      "menuName": "Quick Bite",
      "categoryName": "",
      "slugs": [
        "veg",
        "services",
        "delivery-enabled",
        "delivery-enabled",
        "veg",
        "services",
        "veg"
      ]
    },
    {
      "name": "Garlic Bread [100 Grams]",
      "description": "",
      "media": "https://b.zmtcdn.com/data/dish_photos/4c0/a5d12dca71626659c16e582a07e794c0.jpeg",
      "price": 129,
      "menuName": "Quick Bite",
      "categoryName": "",
      "slugs": [
        "veg",
        "services",
        "delivery-enabled",
        "delivery-enabled",
        "veg",
        "services",
        "veg"
      ]
    },
    {
      "name": "Nachos [80 Grams]",
      "description": "",
      "media": "https://b.zmtcdn.com/data/dish_photos/f61/03ab5744966e0353f039130ee3a9af61.jpeg",
      "price": 189,
      "menuName": "Quick Bite",
      "categoryName": "",
      "slugs": [
        "veg",
        "services",
        "delivery-enabled",
        "delivery-enabled",
        "veg",
        "services",
        "veg"
      ]
    },
    {
      "name": "Paneer Cheese Toast [100 Grams]",
      "description": "",
      "media": null,
      "price": 189,
      "menuName": "Quick Bite",
      "categoryName": "",
      "slugs": [
        "veg",
        "services",
        "sf-not-vegan",
        "delivery-enabled",
        "delivery-enabled",
        "veg",
        "services",
        "sf-not-vegan",
        "veg"
      ]
    },
    {
      "name": "Peri Peri Fries [150 Grams]",
      "description": "Spiced peri peri french fries.",
      "media": "https://b.zmtcdn.com/data/dish_photos/e3a/a290a227e022b2a2b6b6500ee903ee3a.jpeg",
      "price": 179,
      "menuName": "Quick Bite",
      "categoryName": "",
      "slugs": [
        "veg",
        "services",
        "sf-spicy",
        "delivery-enabled",
        "delivery-enabled",
        "veg",
        "services",
        "sf-spicy",
        "veg"
      ]
    },
    {
      "name": "Salted Fries [150 Grams]",
      "description": "Classic salted french fries.",
      "media": "https://b.zmtcdn.com/data/dish_photos/216/d09175da27292a46d5c77d57b7f8b216.jpeg",
      "price": 149,
      "menuName": "Quick Bite",
      "categoryName": "",
      "slugs": [
        "veg",
        "services",
        "delivery-enabled",
        "delivery-enabled",
        "veg",
        "services",
        "veg"
      ]
    },
    {
      "name": "Addon Espresso [30 Ml]",
      "description": "",
      "media": null,
      "price": 40,
      "menuName": "Addons",
      "categoryName": "",
      "slugs": [
        "veg",
        "services",
        "delivery-enabled",
        "delivery-enabled",
        "veg",
        "services",
        "veg"
      ]
    },
    {
      "name": "Boba Pearls [40 Grams]",
      "description": "",
      "media": null,
      "price": 40,
      "menuName": "Addons",
      "categoryName": "",
      "slugs": [
        "veg",
        "services",
        "delivery-enabled",
        "delivery-enabled",
        "veg",
        "services",
        "veg"
      ]
    },
    {
      "name": "Bursting Boba [40 Grams]",
      "description": "",
      "media": null,
      "price": 40,
      "menuName": "Addons",
      "categoryName": "",
      "slugs": [
        "veg",
        "services",
        "delivery-enabled",
        "delivery-enabled",
        "veg",
        "services",
        "veg"
      ]
    },
    {
      "name": "Cheese Cream [50 Ml]",
      "description": "",
      "media": null,
      "price": 50,
      "menuName": "Addons",
      "categoryName": "",
      "slugs": [
        "veg",
        "services",
        "sf-not-vegan",
        "delivery-enabled",
        "delivery-enabled",
        "veg",
        "services",
        "sf-not-vegan",
        "veg"
      ]
    },
    {
      "name": "Cheese Slice [15 Grams]",
      "description": "",
      "media": null,
      "price": 30,
      "menuName": "Addons",
      "categoryName": "",
      "slugs": [
        "veg",
        "services",
        "sf-not-vegan",
        "delivery-enabled",
        "delivery-enabled",
        "veg",
        "services",
        "sf-not-vegan",
        "veg"
      ]
    },
    {
      "name": "Chocolate Syrup [20 Ml]",
      "description": "",
      "media": null,
      "price": 40,
      "menuName": "Addons",
      "categoryName": "",
      "slugs": [
        "veg",
        "services",
        "delivery-enabled",
        "delivery-enabled",
        "veg",
        "services",
        "veg"
      ]
    },
    {
      "name": "Flavours [20 Ml]",
      "description": "",
      "media": null,
      "price": 40,
      "menuName": "Addons",
      "categoryName": "",
      "slugs": [
        "veg",
        "services",
        "delivery-enabled",
        "delivery-enabled",
        "veg",
        "services",
        "veg"
      ]
    },
    {
      "name": "Nana De Coco [40 Grams]",
      "description": "",
      "media": null,
      "price": 40,
      "menuName": "Addons",
      "categoryName": "",
      "slugs": [
        "veg",
        "services",
        "delivery-enabled",
        "delivery-enabled",
        "veg",
        "services",
        "veg"
      ]
    },
    {
      "name": "Sauce Dip (Mayo) [50 Grams]",
      "description": "",
      "media": null,
      "price": 40,
      "menuName": "Addons",
      "categoryName": "",
      "slugs": [
        "veg",
        "services",
        "delivery-enabled",
        "delivery-enabled",
        "veg",
        "services",
        "veg"
      ]
    },
    {
      "name": "Whipped Cream [30 Grams]",
      "description": "",
      "media": null,
      "price": 50,
      "menuName": "Addons",
      "categoryName": "",
      "slugs": [
        "veg",
        "services",
        "sf-not-vegan",
        "delivery-enabled",
        "delivery-enabled",
        "veg",
        "services",
        "sf-not-vegan",
        "veg"
      ]
    },
    {
      "name": "Coffee Addiction",
      "description": "",
      "media": null,
      "price": 0,
      "menuName": "Simple Series",
      "categoryName": "",
      "slugs": [
        "veg",
        "services",
        "delivery-enabled",
        "delivery-enabled",
        "veg",
        "services",
        "veg"
      ]
    },
    {
      "name": "Simple Dark Chocolate",
      "description": "",
      "media": null,
      "price": 0,
      "menuName": "Simple Series",
      "categoryName": "",
      "slugs": [
        "veg",
        "services",
        "delivery-enabled",
        "delivery-enabled",
        "veg",
        "services",
        "veg"
      ]
    },
    {
      "name": "Smooth Cold Brew",
      "description": "",
      "media": null,
      "price": 0,
      "menuName": "Simple Series",
      "categoryName": "",
      "slugs": [
        "veg",
        "services",
        "delivery-enabled",
        "delivery-enabled",
        "veg",
        "services",
        "veg"
      ]
    },
    {
      "name": "Magic Matcha",
      "description": "",
      "media": null,
      "price": 0,
      "menuName": "Simply Awesome Series",
      "categoryName": "",
      "slugs": [
        "veg",
        "services",
        "delivery-enabled",
        "delivery-enabled",
        "veg",
        "services",
        "veg"
      ]
    },
    {
      "name": "Tasty Taro",
      "description": "",
      "media": null,
      "price": 0,
      "menuName": "Simply Awesome Series",
      "categoryName": "",
      "slugs": [
        "veg",
        "services",
        "delivery-enabled",
        "delivery-enabled",
        "veg",
        "services",
        "veg"
      ]
    },
    {
      "name": "Ginger Ale Cold Brew [350 Ml]",
      "description": "",
      "media": "https://b.zmtcdn.com/data/dish_photos/041/1d957dd0531e55b8ac6f7e694f9e9041.jpeg",
      "price": 249,
      "menuName": "Packaged Beverages",
      "categoryName": "",
      "slugs": [
        "veg",
        "services",
        "delivery-enabled",
        "delivery-enabled",
        "veg",
        "services",
        "veg"
      ]
    },
    {
      "name": "Ginger Ale Espresso [350 Ml]",
      "description": "",
      "media": null,
      "price": 249,
      "menuName": "Packaged Beverages",
      "categoryName": "",
      "slugs": [
        "veg",
        "services",
        "delivery-enabled",
        "delivery-enabled",
        "veg",
        "services",
        "veg"
      ]
    },
    {
      "name": "Red Bull Cold Brew [350 Ml]",
      "description": "",
      "media": null,
      "price": 249,
      "menuName": "Packaged Beverages",
      "categoryName": "",
      "slugs": [
        "veg",
        "mrp-item",
        "non-gold",
        "non-promo",
        "packaged",
        "non-refundable",
        "commission-free",
        "services",
        "mrp-commission",
        "red-bull",
        "delivery-enabled",
        "delivery-enabled",
        "veg",
        "mrp-item",
        "non-gold",
        "non-promo",
        "packaged",
        "non-refundable",
        "commission-free",
        "services",
        "mrp-commission",
        "red-bull",
        "veg"
      ]
    },
    {
      "name": "Red Bull Espresso [350 Ml]",
      "description": "",
      "media": null,
      "price": 249,
      "menuName": "Packaged Beverages",
      "categoryName": "",
      "slugs": [
        "veg",
        "mrp-item",
        "non-gold",
        "non-promo",
        "packaged",
        "non-refundable",
        "commission-free",
        "services",
        "mrp-commission",
        "red-bull",
        "delivery-enabled",
        "delivery-enabled",
        "veg",
        "mrp-item",
        "non-gold",
        "non-promo",
        "packaged",
        "non-refundable",
        "commission-free",
        "services",
        "mrp-commission",
        "red-bull",
        "veg"
      ]
    },
    {
      "name": "Red Bull [250 Ml]",
      "description": "",
      "media": null,
      "price": 200,
      "menuName": "Packaged Beverages",
      "categoryName": "",
      "slugs": [
        "veg",
        "mrp-item",
        "non-gold",
        "non-promo",
        "packaged",
        "non-refundable",
        "commission-free",
        "services",
        "mrp-commission",
        "red-bull",
        "delivery-enabled",
        "delivery-enabled",
        "veg",
        "mrp-item",
        "non-gold",
        "non-promo",
        "packaged",
        "non-refundable",
        "commission-free",
        "services",
        "mrp-commission",
        "red-bull",
        "veg"
      ]
    },
    {
      "name": "Tonic Water Cold Brew [350 Ml]",
      "description": "",
      "media": null,
      "price": 249,
      "menuName": "Packaged Beverages",
      "categoryName": "",
      "slugs": [
        "veg",
        "services",
        "delivery-enabled",
        "delivery-enabled",
        "veg",
        "services",
        "veg"
      ]
    },
    {
      "name": "Tonic Water Espresso [350 Ml]",
      "description": "",
      "media": null,
      "price": 249,
      "menuName": "Packaged Beverages",
      "categoryName": "",
      "slugs": [
        "veg",
        "services",
        "delivery-enabled",
        "delivery-enabled",
        "veg",
        "services",
        "veg"
      ]
    },
    {
      "name": "Ginger Pepper Mint",
      "description": "The exhilarating fusion of flavors in this ginger pepper mint concoction! It's a tantalizing blend of spicy ginger, zesty black pepper, and refreshing mint, all expertly balanced to create a sensory delight. With each sip, you'll experience a harmonious dance of warmth from the ginger, a subtle kick from the pepper, and a cool, refreshing finish from the mint. It's a perfect choice for those seeking a unique and invigorating beverage experience.",
      "media": "https://b.zmtcdn.com/data/dish_photos/eeb/6a34e89a83dc7d38b58c9d146abcceeb.jpeg",
      "price": 0,
      "menuName": "Daily Special 2.O (non-boba)",
      "categoryName": "",
      "slugs": [
        "veg",
        "services",
        "sf-spicy",
        "delivery-enabled",
        "delivery-enabled",
        "veg",
        "services",
        "sf-spicy",
        "veg"
      ]
    },
    {
      "name": "Hawaiin Cocktail",
      "description": "Transport yourself to the shores of Hawaii with this refreshing summer beverage! Picture a tall glass filled with ice-cold pineapple juice infused with hints of coconut, garnished with fresh slices of lemon. Each sip is like a taste of paradise, offering a perfect blend of sweet and tangy flavors that evoke the warmth of a Hawaiian summer day.",
      "media": "https://b.zmtcdn.com/data/dish_photos/c71/63e0b5e4d1ba29dd207e1c9facd03c71.jpeg",
      "price": 0,
      "menuName": "Daily Special 2.O (non-boba)",
      "categoryName": "",
      "slugs": [
        "veg",
        "services",
        "delivery-enabled",
        "delivery-enabled",
        "veg",
        "services",
        "veg"
      ]
    },
    {
      "name": "Hibiscus Mint",
      "description": "The delightful harmony of hibiscus and mint with this refreshing beverage! Picture a vibrant crimson hue infused with the floral notes of hibiscus petals, complemented by the invigorating freshness of mint leaves. Each sip offers a burst of tropical flavors, with the tartness of hibiscus balanced by the cool, crisp essence of mint. It's a perfect companion for warm summer days, offering a revitalizing and rejuvenating experience with every sip.",
      "media": "https://b.zmtcdn.com/data/dish_photos/59e/5889c8455a8c1df4f07b621a3599059e.jpeg",
      "price": 0,
      "menuName": "Daily Special 2.O (non-boba)",
      "categoryName": "",
      "slugs": [
        "veg",
        "services",
        "delivery-enabled",
        "delivery-enabled",
        "veg",
        "services",
        "veg"
      ]
    },
    {
      "name": "Hongkong Exotic Summer",
      "description": "Immerse yourself in the vibrant streets of Hong Kong with this exotic summer beverage! With each sip, you'll experience a burst of tropical flavors that perfectly capture the energy and excitement of a Hong Kong summer.",
      "media": "https://b.zmtcdn.com/data/dish_photos/cd3/d8662fd2b58273e8f5475ba0604c7cd3.png",
      "price": 0,
      "menuName": "Daily Special 2.O (non-boba)",
      "categoryName": "",
      "slugs": [
        "veg",
        "services",
        "delivery-enabled",
        "delivery-enabled",
        "veg",
        "services",
        "veg"
      ]
    },
    {
      "name": "Sharjah Shake",
      "description": "The bustling streets of Sharjah with this decadent and creamy Sharjah Shake! A tall glass filled with a luscious blend of richness, salty peanuts and creamy milk, all whipped together to perfection. Each sip is a symphony of flavors, with the natural sweetness of banana and cobo powder with the buttery smoothness. Served chilled and garnished with a sprinkle of crushed home made coco and chocolate mix, it's a luxurious treat that captures the essence of Sharjah's culinary delights.",
      "media": "https://b.zmtcdn.com/data/dish_photos/8ea/1d880008f5f7f18e59c7a889919218ea.jpeg",
      "price": 0,
      "menuName": "Daily Special 2.O (non-boba)",
      "categoryName": "",
      "slugs": [
        "veg",
        "services",
        "sf-not-vegan",
        "delivery-enabled",
        "delivery-enabled",
        "veg",
        "services",
        "sf-not-vegan",
        "veg"
      ]
    }
  ]
}