{
  "basicInfo": {
    "name": "Broast N Rolls",
    "cuisine_string": "Fast Food, Sandwich, Burger, Pizza",
    "canonicalUrl": "https://www.zomato.com/surat/broast-n-rolls-salabatpura/order"
  },
  "ratings": {
    "DINING": {
      "rating_type": "DINING",
      "rating": "3.3",
      "reviewCount": "6",
      "reviewTextSmall": "6 Reviews",
      "subtext": "6 Dining Reviews",
      "color": "#1C1C1C",
      "ratingV2": "3.3",
      "subtitle": "DINING",
      "sideSubTitle": "Dining Ratings",
      "bgColorV2": {
        "type": "green",
        "tint": "500"
      },
      "newOnDining": false
    },
    "DELIVERY": {
      "rating_type": "DELIVERY",
      "rating": "3.9",
      "reviewCount": "891",
      "reviewTextSmall": "891 Reviews",
      "subtext": "891 Delivery Reviews",
      "color": "#E23744",
      "ratingV2": "3.9",
      "subtitle": "DELIVERY",
      "sideSubTitle": "Delivery Ratings",
      "bgColorV2": {
        "type": "green",
        "tint": "600"
      },
      "newOnDelivery": false
    }
  },
  "establishment": {
    "city_id": 38,
    "city_name": "Surat",
    "country_id": 1,
    "country_name": "India",
    "zipcode": "395003",
    "is_dark_kitchen": false,
    "locality_verbose": "Salabatpura, Surat",
    "latitude": "21.1974454000",
    "longitude": "72.8374409000",
    "static_map_url": "https://maps.zomato.com/php/staticmap?center=21.1974454000,72.8374409000&maptype=zomato&markers=21.1974454000,72.8374409000,pin_res32&sensor=false&scale=2&zoom=16&language=en&size=240x150&size=400x240",
    "address": "Shop 3, Meera House, Opposite Raman Chamber, Begampura, Salabatpura, Surat",
    "is_phone_available": 1,
    "phoneDetails": {
      "title": "Phone Numbers",
      "phoneStr": "+919484995959, +919408482800"
    },
    "res_chain_text": "See all 2 Broast N Rolls outlets in Surat",
    "res_group_text": "",
    "res_chain_url": "https://www.zomato.com/surat/restaurants/broast-n-rolls",
    "res_group_url": "",
    "show_res_map": true
  },
  "items": [
    {
      "name": "Chicken Popcorn",
      "description": "",
      "media": "https://b.zmtcdn.com/data/dish_photos/74e/9276147b884c6d4c9f11ad0f8a5c374e.jpg",
      "price": 0,
      "menuName": "Fried Chicken",
      "categoryName": "",
      "slugs": [
        "non-veg",
        "services",
        "delivery-enabled",
        "delivery-enabled",
        "non-veg",
        "services",
        "non-veg"
      ]
    },
    {
      "name": "Hot Wings",
      "description": "",
      "media": "https://b.zmtcdn.com/data/dish_photos/338/7fcb1ddb2cab6155735c26e58ad48338.jpg",
      "price": 0,
      "menuName": "Fried Chicken",
      "categoryName": "",
      "slugs": [
        "non-veg",
        "services",
        "delivery-enabled",
        "delivery-enabled",
        "non-veg",
        "services",
        "non-veg"
      ]
    },
    {
      "name": "Crispy Chicken Lollipop",
      "description": "",
      "media": "https://b.zmtcdn.com/data/dish_photos/cd6/60e3a44756e75fde9fe16cad4b5a2cd6.jpg",
      "price": 0,
      "menuName": "Fried Chicken",
      "categoryName": "",
      "slugs": [
        "non-veg",
        "restaurant-recommended",
        "services",
        "delivery-enabled",
        "delivery-enabled",
        "non-veg",
        "restaurant-recommended",
        "services",
        "non-veg"
      ]
    },
    {
      "name": "Peri Peri Chicken Popcorn",
      "description": "",
      "media": "https://b.zmtcdn.com/data/dish_photos/f75/73d576d0e8b6a23cbeafc8ee58c49f75.jpg",
      "price": 0,
      "menuName": "Fried Chicken",
      "categoryName": "",
      "slugs": [
        "non-veg",
        "services",
        "sf-spicy",
        "delivery-enabled",
        "delivery-enabled",
        "non-veg",
        "services",
        "sf-spicy",
        "non-veg"
      ]
    },
    {
      "name": "Boneless Chicken Strips",
      "description": "",
      "media": "https://b.zmtcdn.com/data/dish_photos/4fe/16c754b330401294191ec1dc4d39c4fe.jpg",
      "price": 0,
      "menuName": "Fried Chicken",
      "categoryName": "",
      "slugs": [
        "non-veg",
        "services",
        "delivery-enabled",
        "delivery-enabled",
        "non-veg",
        "services",
        "non-veg"
      ]
    },
    {
      "name": "Fusion Chicken Popcorn",
      "description": "",
      "media": "https://b.zmtcdn.com/data/dish_photos/d7a/da3232af0158d0ff5dfc5e43d5364d7a.jpg",
      "price": 0,
      "menuName": "Fried Chicken",
      "categoryName": "",
      "slugs": [
        "non-veg",
        "services",
        "delivery-enabled",
        "delivery-enabled",
        "non-veg",
        "services",
        "non-veg"
      ]
    },
    {
      "name": "Cheesy Chicken Popcorn",
      "description": "",
      "media": "https://b.zmtcdn.com/data/dish_photos/9ad/f5832e14496d6cc92b6bdf49715ed9ad.jpg",
      "price": 0,
      "menuName": "Fried Chicken",
      "categoryName": "",
      "slugs": [
        "non-veg",
        "services",
        "delivery-enabled",
        "delivery-enabled",
        "non-veg",
        "services",
        "non-veg"
      ]
    },
    {
      "name": "Peri Peri Chicken Strips",
      "description": "Boneless crispy chicken strips seasoned with spicy and yummy peri peri sprinkler and served with peri peri dip.",
      "media": "https://b.zmtcdn.com/data/dish_photos/845/3d3ea4c1e3ee46fea5aff8b797453845.jpg",
      "price": 0,
      "menuName": "Fried Chicken",
      "categoryName": "",
      "slugs": [
        "non-veg",
        "services",
        "sf-spicy",
        "delivery-enabled",
        "delivery-enabled",
        "non-veg",
        "services",
        "sf-spicy",
        "non-veg"
      ]
    },
    {
      "name": "Barbeque Wings",
      "description": "",
      "media": "https://b.zmtcdn.com/data/dish_photos/41d/2ec2ddd805bcf97715f66b450fd1241d.jpg",
      "price": 0,
      "menuName": "Fried Chicken",
      "categoryName": "",
      "slugs": [
        "non-veg",
        "services",
        "delivery-enabled",
        "delivery-enabled",
        "non-veg",
        "services",
        "non-veg"
      ]
    },
    {
      "name": "Chicken Wings",
      "description": "",
      "media": "https://b.zmtcdn.com/data/dish_photos/d41/eaff33251daf805834a3a44fa3768d41.jpg",
      "price": 0,
      "menuName": "Fried Chicken",
      "categoryName": "",
      "slugs": [
        "non-veg",
        "services",
        "delivery-enabled",
        "delivery-enabled",
        "non-veg",
        "services",
        "non-veg"
      ]
    },
    {
      "name": "Crispy Chicken Drumsticks",
      "description": "",
      "media": "https://b.zmtcdn.com/data/dish_photos/928/26f61c314da69e2acbda23a8e40f6928.jpg",
      "price": 0,
      "menuName": "Fried Chicken",
      "categoryName": "",
      "slugs": [
        "non-veg",
        "services",
        "delivery-enabled",
        "delivery-enabled",
        "non-veg",
        "services",
        "non-veg"
      ]
    },
    {
      "name": "Classic Chicken Twister",
      "description": "",
      "media": "https://b.zmtcdn.com/data/dish_photos/ef4/3eef30672e18ad2d19d2bca0a84e6ef4.png",
      "price": 179,
      "menuName": "Twister",
      "categoryName": "",
      "slugs": [
        "non-veg",
        "services",
        "delivery-enabled",
        "delivery-enabled",
        "non-veg",
        "services",
        "non-veg"
      ]
    },
    {
      "name": "Hot and Spicy Chicken Twister",
      "description": "",
      "media": null,
      "price": 189,
      "menuName": "Twister",
      "categoryName": "",
      "slugs": [
        "non-veg",
        "spicy",
        "services",
        "sf-spicy",
        "delivery-enabled",
        "delivery-enabled",
        "non-veg",
        "spicy",
        "services",
        "sf-spicy",
        "non-veg"
      ]
    },
    {
      "name": "Schezwan Chicken Twister",
      "description": "",
      "media": null,
      "price": 189,
      "menuName": "Twister",
      "categoryName": "",
      "slugs": [
        "non-veg",
        "services",
        "sf-spicy",
        "delivery-enabled",
        "delivery-enabled",
        "non-veg",
        "services",
        "sf-spicy",
        "non-veg"
      ]
    },
    {
      "name": "Peri Peri Chicken Twister",
      "description": "",
      "media": null,
      "price": 199,
      "menuName": "Twister",
      "categoryName": "",
      "slugs": [
        "non-veg",
        "services",
        "sf-spicy",
        "delivery-enabled",
        "delivery-enabled",
        "non-veg",
        "services",
        "sf-spicy",
        "non-veg"
      ]
    },
    {
      "name": "Barbeque Chicken Twister",
      "description": "",
      "media": null,
      "price": 199,
      "menuName": "Twister",
      "categoryName": "",
      "slugs": [
        "non-veg",
        "services",
        "delivery-enabled",
        "delivery-enabled",
        "non-veg",
        "services",
        "non-veg"
      ]
    },
    {
      "name": "Cheese Blast Chicken Twister",
      "description": "",
      "media": null,
      "price": 229,
      "menuName": "Twister",
      "categoryName": "",
      "slugs": [
        "non-veg",
        "services",
        "delivery-enabled",
        "delivery-enabled",
        "non-veg",
        "services",
        "non-veg"
      ]
    },
    {
      "name": "Bnr Special Chicken Twister",
      "description": "[Chef's Special]",
      "media": null,
      "price": 229,
      "menuName": "Twister",
      "categoryName": "",
      "slugs": [
        "non-veg",
        "services",
        "delivery-enabled",
        "delivery-enabled",
        "non-veg",
        "services",
        "non-veg"
      ]
    },
    {
      "name": "Exotic Chicken Twister",
      "description": "",
      "media": null,
      "price": 269,
      "menuName": "Twister",
      "categoryName": "",
      "slugs": [
        "non-veg",
        "services",
        "delivery-enabled",
        "delivery-enabled",
        "non-veg",
        "services",
        "non-veg"
      ]
    },
    {
      "name": "Triple Deal Bucket",
      "description": "Boneless Chicken Strips [3 Pieces]+Chicken Lollipop [3 Pieces]+Hot Wings [3 Pieces]+1 Peri Peri Mayo+1 Classic Mayo",
      "media": null,
      "price": 399,
      "menuName": "Combos",
      "categoryName": "",
      "slugs": [
        "non-veg",
        "combo-item",
        "services",
        "sf-spicy",
        "moderated-non-veg",
        "delivery-enabled",
        "delivery-enabled",
        "non-veg",
        "combo-item",
        "services",
        "sf-spicy",
        "moderated-non-veg",
        "non-veg"
      ]
    },
    {
      "name": "Burger Combo",
      "description": "Classic Chicken Cheese Burger+Chicken Popcorn+Fries [Small]+Pepsi [250 ml]+Dip",
      "media": "https://b.zmtcdn.com/data/dish_photos/61b/4805bb507bef55cac55e9f74241c261b.jpg",
      "price": 439,
      "menuName": "Combos",
      "categoryName": "",
      "slugs": [
        "non-veg",
        "combo-item",
        "services",
        "delivery-enabled",
        "delivery-enabled",
        "non-veg",
        "combo-item",
        "services",
        "non-veg"
      ]
    },
    {
      "name": "Twister Combo",
      "description": "Classic Chicken Cheese Twister+Chicken Popcorn+Fries [Small]+Pepsi [250 ml]+Dip",
      "media": "https://b.zmtcdn.com/data/dish_photos/fed/8cba65609b3ce088fe2c22134d794fed.jpg",
      "price": 439,
      "menuName": "Combos",
      "categoryName": "",
      "slugs": [
        "non-veg",
        "combo-item",
        "services",
        "delivery-enabled",
        "delivery-enabled",
        "non-veg",
        "combo-item",
        "services",
        "non-veg"
      ]
    },
    {
      "name": "Pizza Combo",
      "description": "BNR Special Chicken Pizza [7 inches]+Chicken Popcorn+Fries [Small]+Pepsi [250 ml]+Dip",
      "media": "https://b.zmtcdn.com/data/dish_photos/746/c369a5c9c1bbcf175a2d06639ab4b746.jpg",
      "price": 499,
      "menuName": "Combos",
      "categoryName": "",
      "slugs": [
        "non-veg",
        "combo-item",
        "services",
        "delivery-enabled",
        "delivery-enabled",
        "non-veg",
        "combo-item",
        "services",
        "non-veg"
      ]
    },
    {
      "name": "Too Mush Crispy Bucket",
      "description": "Crispy Chicken Drumstick [2 Pieces]+Peri Peri Chicken Strip [4 Pieces]+Chicken Popcorn [12 Pieces]+2 Classic Mayo",
      "media": null,
      "price": 599,
      "menuName": "Combos",
      "categoryName": "",
      "slugs": [
        "non-veg",
        "combo-item",
        "services",
        "sf-spicy",
        "delivery-enabled",
        "delivery-enabled",
        "non-veg",
        "combo-item",
        "services",
        "sf-spicy",
        "non-veg"
      ]
    },
    {
      "name": "Much Saving Bucket",
      "description": "Crispy Chicken Drumsticks [2 Pieces]+Boneless Chicken Strip [4 Pieces]+Peri Peri Popcorn [12 Pieces]+Hot Wings [5 Pieces]+2 Classic Mayo+2 Peri Peri Mayo",
      "media": null,
      "price": 749,
      "menuName": "Combos",
      "categoryName": "",
      "slugs": [
        "non-veg",
        "combo-item",
        "services",
        "sf-spicy",
        "delivery-enabled",
        "delivery-enabled",
        "non-veg",
        "combo-item",
        "services",
        "sf-spicy",
        "non-veg"
      ]
    },
    {
      "name": "All in One Bucket",
      "description": "Crispy Chicken Drumsticks [2 Pieces]+Chicken Strips [4 Pieces]+Chicken Popcorn [12 Pieces]+Hot Wings [5 Pieces]+Chicken Lollipop [4 Pieces]+Pepsi [750 ml]+2 Peri Peri Mayo+2 Classic Mayo",
      "media": null,
      "price": 899,
      "menuName": "Combos",
      "categoryName": "",
      "slugs": [
        "non-veg",
        "combo-item",
        "services",
        "sf-spicy",
        "delivery-enabled",
        "delivery-enabled",
        "non-veg",
        "combo-item",
        "services",
        "sf-spicy",
        "non-veg"
      ]
    },
    {
      "name": "Broasted Chicken Combo",
      "description": "Broasted Chicken+French Fries+Pepsi Soft Beverage [250 ml]/7UP Soft Beverage [250 ml]/Mirinda Soft Beverage [250 ml]/Mountain Dew Soft Beverage [250 ml]+Bun+Classic Mayo Dip",
      "media": "https://b.zmtcdn.com/data/dish_photos/b93/33e66bc818a23cf9442ed49fd7835b93.jpg",
      "price": 0,
      "menuName": "Combos",
      "categoryName": "",
      "slugs": [
        "non-veg",
        "services",
        "delivery-enabled",
        "delivery-enabled",
        "non-veg",
        "services",
        "non-veg"
      ]
    },
    {
      "name": "Chicken Popcorn with Chicken Zinger Burger",
      "description": "",
      "media": null,
      "price": 400,
      "menuName": "Combos",
      "categoryName": "",
      "slugs": [
        "non-veg",
        "combo-item",
        "services",
        "delivery-enabled",
        "delivery-enabled",
        "non-veg",
        "combo-item",
        "services",
        "non-veg"
      ]
    },
    {
      "name": "Peri Peri Chicken Popcorn with Chicken Zinger Burger",
      "description": "",
      "media": null,
      "price": 450,
      "menuName": "Combos",
      "categoryName": "",
      "slugs": [
        "non-veg",
        "combo-item",
        "services",
        "sf-spicy",
        "delivery-enabled",
        "delivery-enabled",
        "non-veg",
        "combo-item",
        "services",
        "sf-spicy",
        "non-veg"
      ]
    },
    {
      "name": "Chicken Popcorn with Chicken Wings",
      "description": "",
      "media": null,
      "price": 400,
      "menuName": "Combos",
      "categoryName": "",
      "slugs": [
        "non-veg",
        "combo-item",
        "services",
        "delivery-enabled",
        "delivery-enabled",
        "non-veg",
        "combo-item",
        "services",
        "non-veg"
      ]
    },
    {
      "name": "Peri Peri Chicken Popcorn with Chicken Wings",
      "description": "",
      "media": null,
      "price": 400,
      "menuName": "Combos",
      "categoryName": "",
      "slugs": [
        "non-veg",
        "combo-item",
        "services",
        "sf-spicy",
        "delivery-enabled",
        "delivery-enabled",
        "non-veg",
        "combo-item",
        "services",
        "sf-spicy",
        "non-veg"
      ]
    },
    {
      "name": "Margherita Pizza",
      "description": "",
      "media": "https://b.zmtcdn.com/data/dish_photos/bea/5386e80d0570aa850130aea9043e1bea.jpg",
      "price": 0,
      "menuName": "Pizza",
      "categoryName": "",
      "slugs": [
        "veg",
        "services",
        "sf-kid-friendly",
        "delivery-enabled",
        "delivery-enabled",
        "veg",
        "services",
        "sf-kid-friendly",
        "veg"
      ]
    },
    {
      "name": "Cheese Corn Pizza",
      "description": "",
      "media": null,
      "price": 0,
      "menuName": "Pizza",
      "categoryName": "",
      "slugs": [
        "veg",
        "services",
        "sf-kid-friendly",
        "sf-not-vegan",
        "delivery-enabled",
        "delivery-enabled",
        "veg",
        "services",
        "sf-kid-friendly",
        "sf-not-vegan",
        "veg"
      ]
    },
    {
      "name": "Veg Classic Pizza",
      "description": "",
      "media": "https://b.zmtcdn.com/data/dish_photos/c0d/767a3d6852019340868331df69dedc0d.jpg",
      "price": 0,
      "menuName": "Pizza",
      "categoryName": "",
      "slugs": [
        "veg",
        "services",
        "sf-kid-friendly",
        "delivery-enabled",
        "delivery-enabled",
        "veg",
        "services",
        "sf-kid-friendly",
        "veg"
      ]
    },
    {
      "name": "Bnr Special Chicken Pizza",
      "description": "[Chef's Special]",
      "media": "https://b.zmtcdn.com/data/dish_photos/b2b/ab3c4e0319364087973ffabc25ee8b2b.jpg",
      "price": 0,
      "menuName": "Pizza",
      "categoryName": "",
      "slugs": [
        "non-veg",
        "services",
        "sf-kid-friendly",
        "delivery-enabled",
        "delivery-enabled",
        "non-veg",
        "services",
        "sf-kid-friendly",
        "non-veg"
      ]
    },
    {
      "name": "Barbeque Chicken Pizza",
      "description": "",
      "media": null,
      "price": 0,
      "menuName": "Pizza",
      "categoryName": "",
      "slugs": [
        "non-veg",
        "services",
        "sf-kid-friendly",
        "delivery-enabled",
        "delivery-enabled",
        "non-veg",
        "services",
        "sf-kid-friendly",
        "non-veg"
      ]
    },
    {
      "name": "Exotic Chicken Pizza",
      "description": "",
      "media": "https://b.zmtcdn.com/data/dish_photos/0e0/1ef708f32f4fe284a26e4f04a50980e0.jpg",
      "price": 0,
      "menuName": "Pizza",
      "categoryName": "",
      "slugs": [
        "non-veg",
        "services",
        "sf-kid-friendly",
        "delivery-enabled",
        "delivery-enabled",
        "non-veg",
        "services",
        "sf-kid-friendly",
        "non-veg"
      ]
    },
    {
      "name": "Veg Aloo Tikki Burger",
      "description": "",
      "media": null,
      "price": 99,
      "menuName": "Burgers and Sandwiches",
      "categoryName": "Burgers",
      "slugs": [
        "veg",
        "services",
        "delivery-enabled",
        "delivery-enabled",
        "veg",
        "services",
        "veg"
      ]
    },
    {
      "name": "Classic Chicken Burger",
      "description": "",
      "media": "https://b.zmtcdn.com/data/dish_photos/167/c146fc22b42204d807dae49b5d590167.jpg",
      "price": 179,
      "menuName": "Burgers and Sandwiches",
      "categoryName": "Burgers",
      "slugs": [
        "non-veg",
        "services",
        "delivery-enabled",
        "delivery-enabled",
        "non-veg",
        "services",
        "non-veg"
      ]
    },
    {
      "name": "Hot and Spicy Chicken Burger",
      "description": "",
      "media": "https://b.zmtcdn.com/data/dish_photos/2c6/b75ab4ba407ad0d4d90a599d537d92c6.jpg",
      "price": 189,
      "menuName": "Burgers and Sandwiches",
      "categoryName": "Burgers",
      "slugs": [
        "non-veg",
        "spicy",
        "services",
        "sf-spicy",
        "delivery-enabled",
        "delivery-enabled",
        "non-veg",
        "spicy",
        "services",
        "sf-spicy",
        "non-veg"
      ]
    },
    {
      "name": "Schezwan Chicken Burger",
      "description": "",
      "media": "https://b.zmtcdn.com/data/dish_photos/683/08cb7eb22d28c40bc30322b0dcc72683.jpg",
      "price": 189,
      "menuName": "Burgers and Sandwiches",
      "categoryName": "Burgers",
      "slugs": [
        "non-veg",
        "services",
        "sf-spicy",
        "delivery-enabled",
        "delivery-enabled",
        "non-veg",
        "services",
        "sf-spicy",
        "non-veg"
      ]
    },
    {
      "name": "Peri Peri Chicken Burger",
      "description": "",
      "media": "https://b.zmtcdn.com/data/dish_photos/596/110cceda0aec7a7ed85ae89982990596.jpg",
      "price": 199,
      "menuName": "Burgers and Sandwiches",
      "categoryName": "Burgers",
      "slugs": [
        "non-veg",
        "services",
        "sf-spicy",
        "delivery-enabled",
        "delivery-enabled",
        "non-veg",
        "services",
        "sf-spicy",
        "non-veg"
      ]
    },
    {
      "name": "Barbeque Chicken Burger",
      "description": "",
      "media": "https://b.zmtcdn.com/data/dish_photos/24f/f8cb1fdb82bd21468341b9c3eea1f24f.jpg",
      "price": 199,
      "menuName": "Burgers and Sandwiches",
      "categoryName": "Burgers",
      "slugs": [
        "non-veg",
        "services",
        "delivery-enabled",
        "delivery-enabled",
        "non-veg",
        "services",
        "non-veg"
      ]
    },
    {
      "name": "Cheese Blast Chicken Burger",
      "description": "",
      "media": null,
      "price": 229,
      "menuName": "Burgers and Sandwiches",
      "categoryName": "Burgers",
      "slugs": [
        "non-veg",
        "services",
        "delivery-enabled",
        "delivery-enabled",
        "non-veg",
        "services",
        "non-veg"
      ]
    },
    {
      "name": "Double Decker Chicken Burger",
      "description": "",
      "media": "https://b.zmtcdn.com/data/dish_photos/2a4/4fd4a10de6e025966c9abd30c68772a4.jpg",
      "price": 269,
      "menuName": "Burgers and Sandwiches",
      "categoryName": "Burgers",
      "slugs": [
        "non-veg",
        "services",
        "delivery-enabled",
        "delivery-enabled",
        "non-veg",
        "services",
        "non-veg"
      ]
    },
    {
      "name": "Classic Chicken Grilled Sandwich",
      "description": "",
      "media": "https://b.zmtcdn.com/data/dish_photos/4c8/3fec404576254e12297624acc86f84c8.jpg",
      "price": 189,
      "menuName": "Burgers and Sandwiches",
      "categoryName": "Sandwiches",
      "slugs": [
        "non-veg",
        "services",
        "delivery-enabled",
        "delivery-enabled",
        "non-veg",
        "services",
        "non-veg"
      ]
    },
    {
      "name": "Hot and Spicy Chicken Grilled Sandwich",
      "description": "",
      "media": "https://b.zmtcdn.com/data/dish_photos/f1a/038155205f057489f79a6c85504e1f1a.jpg",
      "price": 199,
      "menuName": "Burgers and Sandwiches",
      "categoryName": "Sandwiches",
      "slugs": [
        "non-veg",
        "spicy",
        "services",
        "sf-spicy",
        "delivery-enabled",
        "delivery-enabled",
        "non-veg",
        "spicy",
        "services",
        "sf-spicy",
        "non-veg"
      ]
    },
    {
      "name": "Schezwan Chicken Grilled Sandwich",
      "description": "",
      "media": null,
      "price": 199,
      "menuName": "Burgers and Sandwiches",
      "categoryName": "Sandwiches",
      "slugs": [
        "non-veg",
        "services",
        "sf-spicy",
        "delivery-enabled",
        "delivery-enabled",
        "non-veg",
        "services",
        "sf-spicy",
        "non-veg"
      ]
    },
    {
      "name": "Peri Peri Chicken Grilled Sandwich",
      "description": "",
      "media": "https://b.zmtcdn.com/data/dish_photos/f1a/038155205f057489f79a6c85504e1f1a.jpg",
      "price": 199,
      "menuName": "Burgers and Sandwiches",
      "categoryName": "Sandwiches",
      "slugs": [
        "non-veg",
        "services",
        "sf-spicy",
        "delivery-enabled",
        "delivery-enabled",
        "non-veg",
        "services",
        "sf-spicy",
        "non-veg"
      ]
    },
    {
      "name": "Double Decker Chicken Grilled Sandwich",
      "description": "",
      "media": null,
      "price": 269,
      "menuName": "Burgers and Sandwiches",
      "categoryName": "Sandwiches",
      "slugs": [
        "non-veg",
        "services",
        "delivery-enabled",
        "delivery-enabled",
        "non-veg",
        "services",
        "non-veg"
      ]
    },
    {
      "name": "Regular French Fries",
      "description": "",
      "media": "https://b.zmtcdn.com/data/dish_photos/156/5b5c4f18740711db541c621f06f6a156.jpg",
      "price": 0,
      "menuName": "French Fries",
      "categoryName": "",
      "slugs": [
        "veg",
        "services",
        "sf-kid-friendly",
        "delivery-enabled",
        "delivery-enabled",
        "veg",
        "services",
        "sf-kid-friendly",
        "veg"
      ]
    },
    {
      "name": "Peri Peri Fries",
      "description": "",
      "media": "https://b.zmtcdn.com/data/dish_photos/0d1/946602c268424b2b8284cc39d19a50d1.jpg",
      "price": 0,
      "menuName": "French Fries",
      "categoryName": "",
      "slugs": [
        "veg",
        "services",
        "sf-spicy",
        "delivery-enabled",
        "delivery-enabled",
        "veg",
        "services",
        "sf-spicy",
        "veg"
      ]
    },
    {
      "name": "Fusion Fries",
      "description": "",
      "media": "https://b.zmtcdn.com/data/dish_photos/43c/4c5a1e33e859df80d10692ad2e53f43c.jpg",
      "price": 0,
      "menuName": "French Fries",
      "categoryName": "",
      "slugs": [
        "veg",
        "services",
        "sf-kid-friendly",
        "delivery-enabled",
        "delivery-enabled",
        "veg",
        "services",
        "sf-kid-friendly",
        "veg"
      ]
    },
    {
      "name": "Cheesy Fries",
      "description": "",
      "media": "https://b.zmtcdn.com/data/dish_photos/9ad/f5832e14496d6cc92b6bdf49715ed9ad.jpg",
      "price": 0,
      "menuName": "French Fries",
      "categoryName": "",
      "slugs": [
        "veg",
        "services",
        "sf-kid-friendly",
        "sf-not-vegan",
        "delivery-enabled",
        "delivery-enabled",
        "veg",
        "services",
        "sf-kid-friendly",
        "sf-not-vegan",
        "veg"
      ]
    },
    {
      "name": "Loaded Chicken Fries",
      "description": "",
      "media": "https://b.zmtcdn.com/data/dish_photos/bf4/af597eab89b84fc98697402bf98eebf4.jpg",
      "price": 0,
      "menuName": "French Fries",
      "categoryName": "",
      "slugs": [
        "non-veg",
        "services",
        "sf-kid-friendly",
        "delivery-enabled",
        "delivery-enabled",
        "non-veg",
        "services",
        "sf-kid-friendly",
        "non-veg"
      ]
    },
    {
      "name": "Chicken Chizza",
      "description": "",
      "media": "https://b.zmtcdn.com/data/dish_photos/08f/8a8c3a495d1ed8c446aa89e59c43508f.jpg",
      "price": 269,
      "menuName": "Chicken Chizza",
      "categoryName": "",
      "slugs": [
        "non-veg",
        "services",
        "delivery-enabled",
        "delivery-enabled",
        "non-veg",
        "services",
        "non-veg"
      ]
    },
    {
      "name": "Double Decker Chicken Chizza",
      "description": "",
      "media": "https://b.zmtcdn.com/data/dish_photos/52f/db0fa4fcf698e1c0dba5a654cd80152f.jpg",
      "price": 399,
      "menuName": "Chicken Chizza",
      "categoryName": "",
      "slugs": [
        "non-veg",
        "services",
        "delivery-enabled",
        "delivery-enabled",
        "non-veg",
        "services",
        "non-veg"
      ]
    }
  ]
}