{
  "basicInfo": {
    "name": "Cream N Crust",
    "cuisine_string": "Bakery, Desserts, Ice Cream, Shake",
    "canonicalUrl": "https://www.zomato.com/surat/cream-n-crust-city-light/order"
  },
  "ratings": {
    "DINING": {
      "rating_type": "DINING",
      "rating": "3.9",
      "reviewCount": "17",
      "reviewTextSmall": "17 Reviews",
      "subtext": "17 Dining Reviews",
      "color": "#1C1C1C",
      "ratingV2": "3.9",
      "subtitle": "DINING",
      "sideSubTitle": "Dining Ratings",
      "bgColorV2": {
        "type": "green",
        "tint": "600"
      },
      "newOnDining": false
    },
    "DELIVERY": {
      "rating_type": "DELIVERY",
      "rating": "2.9",
      "reviewCount": "963",
      "reviewTextSmall": "963 Reviews",
      "subtext": "963 Delivery Reviews",
      "color": "#E23744",
      "ratingV2": "2.9",
      "subtitle": "DELIVERY",
      "sideSubTitle": "Delivery Ratings",
      "bgColorV2": {
        "type": "yellow",
        "tint": "600"
      },
      "newOnDelivery": false
    }
  },
  "establishment": {
    "city_id": 38,
    "city_name": "Surat",
    "country_id": 1,
    "country_name": "India",
    "zipcode": "",
    "is_dark_kitchen": false,
    "locality_verbose": "City Light, Surat",
    "latitude": "21.1637271377",
    "longitude": "72.7948482335",
    "static_map_url": "https://maps.zomato.com/php/staticmap?center=21.1637271377,72.7948482335&maptype=zomato&markers=21.1637271377,72.7948482335,pin_res32&sensor=false&scale=2&zoom=16&language=en&size=240x150&size=400x240",
    "address": "Shop 4, Ground Floor, Agrasen Point, Near Agrasen Bhavan, City Light, Surat",
    "is_phone_available": 1,
    "phoneDetails": {
      "title": "Phone Numbers",
      "phoneStr": "+916359894313"
    },
    "res_chain_text": "",
    "res_group_text": "",
    "res_chain_url": "",
    "res_group_url": "",
    "show_res_map": true
  },
  "items": [
    {
      "name": "Pineapple Pie Pastry",
      "description": "Vanilla sponge, fresh cream and our chef's special fresh pineapple crush. And we are sure you could not ask for more in a slice of cake.",
      "media": "https://b.zmtcdn.com/data/dish_photos/655/26040ee84b564131f880cd57dc93b655.jpg",
      "price": 131.9,
      "menuName": "Pastries",
      "categoryName": "",
      "slugs": [
        "veg",
        "restaurant-recommended",
        "goods",
        "rakhi-special",
        "sf-no-onion",
        "sf-no-garlic",
        "sf-kid-friendly",
        "sf-not-vegan",
        "delivery-enabled",
        "delivery-enabled",
        "veg",
        "restaurant-recommended",
        "goods",
        "rakhi-special",
        "sf-no-onion",
        "sf-no-garlic",
        "sf-kid-friendly",
        "sf-not-vegan",
        "veg"
      ]
    },
    {
      "name": "White Forest Pie Pastry",
      "description": "White coloured cake loaded with white chocolate and cherry crush on a vanilla sponge and cherries for decoration.",
      "media": "https://b.zmtcdn.com/data/dish_photos/0ba/b3754af43be4d29de2405f76506ae0ba.jpg",
      "price": 131.9,
      "menuName": "Pastries",
      "categoryName": "",
      "slugs": [
        "veg",
        "restaurant-recommended",
        "goods",
        "rakhi-special",
        "sf-no-onion",
        "sf-no-garlic",
        "sf-kid-friendly",
        "delivery-enabled",
        "delivery-enabled",
        "veg",
        "restaurant-recommended",
        "goods",
        "rakhi-special",
        "sf-no-onion",
        "sf-no-garlic",
        "sf-kid-friendly",
        "veg"
      ]
    },
    {
      "name": "Strawberry Pie Pastry",
      "description": "A vanilla sponge coated with fresh cream mixed with strawberry crush and fresh strawberry pieces for decoration.",
      "media": "https://b.zmtcdn.com/data/dish_photos/ea0/71421122bac74c84eda86afec7049ea0.jpg",
      "price": 131.9,
      "menuName": "Pastries",
      "categoryName": "",
      "slugs": [
        "veg",
        "restaurant-recommended",
        "goods",
        "rakhi-special",
        "sf-no-onion",
        "sf-no-garlic",
        "sf-kid-friendly",
        "sf-not-vegan",
        "delivery-enabled",
        "delivery-enabled",
        "veg",
        "restaurant-recommended",
        "goods",
        "rakhi-special",
        "sf-no-onion",
        "sf-no-garlic",
        "sf-kid-friendly",
        "sf-not-vegan",
        "veg"
      ]
    },
    {
      "name": "Chocolate Royale Pastry",
      "description": "Chocolate Sponge, with bittersweet Chocolate ganache, decorated with chocolate coating.",
      "media": "https://b.zmtcdn.com/data/dish_photos/953/14a19176472d0cde4e82f8fff39a7953.jpg",
      "price": 141.24,
      "menuName": "Pastries",
      "categoryName": "",
      "slugs": [
        "veg",
        "restaurant-recommended",
        "hero-item",
        "goods",
        "rakhi-special",
        "sf-no-onion",
        "sf-no-garlic",
        "sf-kid-friendly",
        "delivery-enabled",
        "delivery-enabled",
        "veg",
        "restaurant-recommended",
        "hero-item",
        "goods",
        "rakhi-special",
        "sf-no-onion",
        "sf-no-garlic",
        "sf-kid-friendly",
        "veg"
      ]
    },
    {
      "name": "Ferrero Rocher Pie Pastry",
      "description": "Chocolate sponge, ferrero rocher filling, hazelnut, dark chocolate.",
      "media": "https://b.zmtcdn.com/data/dish_photos/3b5/31761b4147c9ea885a168c50bdc923b5.jpg",
      "price": 188.32,
      "menuName": "Pastries",
      "categoryName": "",
      "slugs": [
        "veg",
        "goods",
        "rakhi-special",
        "sf-no-onion",
        "sf-no-garlic",
        "sf-kid-friendly",
        "delivery-enabled",
        "delivery-enabled",
        "veg",
        "goods",
        "rakhi-special",
        "sf-no-onion",
        "sf-no-garlic",
        "sf-kid-friendly",
        "veg"
      ]
    },
    {
      "name": "Nutella Pie Pastry",
      "description": "Brown sponge, Nutella Ganache.",
      "media": "https://b.zmtcdn.com/data/dish_photos/89a/48715917d5fa51ad376b26ca9217989a.jpg",
      "price": 197.74,
      "menuName": "Pastries",
      "categoryName": "",
      "slugs": [
        "veg",
        "restaurant-recommended",
        "goods",
        "rakhi-special",
        "sf-no-onion",
        "sf-no-garlic",
        "sf-kid-friendly",
        "delivery-enabled",
        "delivery-enabled",
        "veg",
        "restaurant-recommended",
        "goods",
        "rakhi-special",
        "sf-no-onion",
        "sf-no-garlic",
        "sf-kid-friendly",
        "veg"
      ]
    },
    {
      "name": "Rainbow Pie Pastry",
      "description": "Rainbow sponge with a house blend of cream cheese frosting and cherry decoration.",
      "media": "https://b.zmtcdn.com/data/dish_photos/41d/b795e6eab8ce53e9755d5e2895ed241d.jpg",
      "price": 146.1,
      "menuName": "Pastries",
      "categoryName": "",
      "slugs": [
        "veg",
        "bestseller-late-night",
        "goods",
        "rakhi-special",
        "sf-no-onion",
        "sf-no-garlic",
        "sf-kid-friendly",
        "sf-not-vegan",
        "delivery-enabled",
        "delivery-enabled",
        "veg",
        "bestseller-late-night",
        "goods",
        "rakhi-special",
        "sf-no-onion",
        "sf-no-garlic",
        "sf-kid-friendly",
        "sf-not-vegan",
        "veg"
      ]
    },
    {
      "name": "Dutch Truffle Pie Pastry",
      "description": "Chocolate sponge, double chocolate gooey ganache, silver sprinkle decoration.",
      "media": "https://b.zmtcdn.com/data/dish_photos/f3e/070254b3c04754f5f107b01963e0bf3e.jpg",
      "price": 188.32,
      "menuName": "Pastries",
      "categoryName": "",
      "slugs": [
        "veg",
        "restaurant-recommended",
        "goods",
        "rakhi-special",
        "sf-no-onion",
        "sf-no-garlic",
        "sf-kid-friendly",
        "delivery-enabled",
        "delivery-enabled",
        "veg",
        "restaurant-recommended",
        "goods",
        "rakhi-special",
        "sf-no-onion",
        "sf-no-garlic",
        "sf-kid-friendly",
        "veg"
      ]
    },
    {
      "name": "Chocolate Kitkat Pie Pastry",
      "description": "Chocolate Sponge, kitkat pieces with kitkat ganache and coating.",
      "media": "https://b.zmtcdn.com/data/dish_photos/389/619a495f36784fcd0900be88913c7389.jpg",
      "price": 188.32,
      "menuName": "Pastries",
      "categoryName": "",
      "slugs": [
        "veg",
        "goods",
        "rakhi-special",
        "sf-no-onion",
        "sf-no-garlic",
        "sf-kid-friendly",
        "delivery-enabled",
        "delivery-enabled",
        "veg",
        "goods",
        "rakhi-special",
        "sf-no-onion",
        "sf-no-garlic",
        "sf-kid-friendly",
        "veg"
      ]
    },
    {
      "name": "Chocolate Pyramid Pie Pastry",
      "description": "Chocolate sponge, chocolate truffle, sweet chocolate coating with white chocolate decoration.",
      "media": "https://b.zmtcdn.com/data/dish_photos/94f/2812a4dfe9be2b89b72793cadda5394f.jpg",
      "price": 141.24,
      "menuName": "Pastries",
      "categoryName": "",
      "slugs": [
        "veg",
        "restaurant-recommended",
        "goods",
        "sf-no-onion",
        "sf-no-garlic",
        "sf-kid-friendly",
        "delivery-enabled",
        "delivery-enabled",
        "veg",
        "restaurant-recommended",
        "goods",
        "sf-no-onion",
        "sf-no-garlic",
        "sf-kid-friendly",
        "veg"
      ]
    },
    {
      "name": "Chocolate German Pie Pastry",
      "description": "Chocolate sponge with a dark chocolate ganache, decorated with walnut pieces.",
      "media": "https://b.zmtcdn.com/data/dish_photos/aed/cb781277fb257f38d4ae7934e771daed.jpg",
      "price": 188.32,
      "menuName": "Pastries",
      "categoryName": "",
      "slugs": [
        "veg",
        "goods",
        "rakhi-special",
        "sf-no-onion",
        "sf-no-garlic",
        "sf-kid-friendly",
        "delivery-enabled",
        "delivery-enabled",
        "veg",
        "goods",
        "rakhi-special",
        "sf-no-onion",
        "sf-no-garlic",
        "sf-kid-friendly",
        "veg"
      ]
    },
    {
      "name": "Walnut Tart",
      "description": "A crumbly tart base with walnuts and thick dark chocolate centre creates a taste to remember.",
      "media": "https://b.zmtcdn.com/data/dish_photos/b29/23f707f8d6e2db9d755a08aacbad1b29.jpg",
      "price": 95.9,
      "menuName": "Mini Desserts",
      "categoryName": "",
      "slugs": [
        "veg",
        "dessert",
        "goods",
        "delivery-enabled",
        "delivery-enabled",
        "veg",
        "dessert",
        "goods",
        "veg"
      ]
    },
    {
      "name": "Cup Cake",
      "description": "The delicious tangy taste of strawberry paired with the richness of cream and a light cakey base.",
      "media": "https://b.zmtcdn.com/data/dish_photos/c44/5aad95c109fd872e9544e18eb2378c44.jpg",
      "price": 62,
      "menuName": "Mini Desserts",
      "categoryName": "",
      "slugs": [
        "veg",
        "dessert",
        "goods",
        "rakhi-special",
        "sf-not-vegan",
        "delivery-enabled",
        "delivery-enabled",
        "veg",
        "dessert",
        "goods",
        "rakhi-special",
        "sf-not-vegan",
        "veg"
      ]
    },
    {
      "name": "Lava Cake",
      "description": "This molten lava cake will melt your tastebuds with its chocolate gooey center. A perfect after dinner dessert!",
      "media": "https://b.zmtcdn.com/data/dish_photos/ace/50efa688fd2105c3671d3c680346aace.jpg",
      "price": 105,
      "menuName": "Mini Desserts",
      "categoryName": "",
      "slugs": [
        "veg",
        "restaurant-recommended",
        "dessert",
        "goods",
        "delivery-enabled",
        "delivery-enabled",
        "veg",
        "restaurant-recommended",
        "dessert",
        "goods",
        "veg"
      ]
    },
    {
      "name": "New York Cheese Cake",
      "description": "Fluffy, creamy, light and rich all at the same time, the best cheesecake is the simplest one.",
      "media": "https://b.zmtcdn.com/data/dish_photos/d94/66e1f64f8ca77864e35181b2614abd94.jpg",
      "price": 160.5,
      "menuName": "Mini Desserts",
      "categoryName": "",
      "slugs": [
        "veg",
        "dessert",
        "goods",
        "rakhi-special",
        "delivery-enabled",
        "delivery-enabled",
        "veg",
        "dessert",
        "goods",
        "rakhi-special",
        "veg"
      ]
    },
    {
      "name": "Donut",
      "description": "Yeast raised, light and soft, freshly prepared donuts with delicious chocolate ganache in the middle.",
      "media": "https://b.zmtcdn.com/data/dish_photos/035/512a3a3460e9b37f1122ee4b1a1fe035.jpg",
      "price": 94.5,
      "menuName": "Mini Desserts",
      "categoryName": "",
      "slugs": [
        "veg",
        "bestseller-late-night",
        "restaurant-recommended",
        "dessert",
        "goods",
        "delivery-enabled",
        "delivery-enabled",
        "veg",
        "bestseller-late-night",
        "restaurant-recommended",
        "dessert",
        "goods",
        "veg"
      ]
    },
    {
      "name": "Brownie",
      "description": "Gooey and cakey brownie squares made with a rich and lasting chocolate taste.",
      "media": "https://b.zmtcdn.com/data/dish_photos/061/baa6a568394c1040f256db2a04257061.jpg",
      "price": 94.5,
      "menuName": "Mini Desserts",
      "categoryName": "",
      "slugs": [
        "veg",
        "restaurant-recommended",
        "dessert",
        "goods",
        "rakhi-special",
        "delivery-enabled",
        "delivery-enabled",
        "veg",
        "restaurant-recommended",
        "dessert",
        "goods",
        "rakhi-special",
        "veg"
      ]
    },
    {
      "name": "Oreo Tart",
      "description": "Oreo topped ganache inside a buttery chocolate tart crust makes for one good tart",
      "media": "https://b.zmtcdn.com/data/dish_photos/941/68a9933287f9f063ad5cec5efe68e941.jpg",
      "price": 94.5,
      "menuName": "Mini Desserts",
      "categoryName": "",
      "slugs": [
        "veg",
        "goods",
        "delivery-enabled",
        "delivery-enabled",
        "veg",
        "goods",
        "veg"
      ]
    },
    {
      "name": "Mini Red Velvet Cupcake",
      "description": "One bite cupcake with moist red velvet sponge with a sweet and buttery cream topping.",
      "media": "https://b.zmtcdn.com/data/dish_photos/23c/82c20e467b80b9621cb41168730ed23c.jpg",
      "price": 35,
      "menuName": "Mini Desserts",
      "categoryName": "",
      "slugs": [
        "veg",
        "restaurant-recommended",
        "goods",
        "rakhi-special",
        "sf-not-vegan",
        "delivery-enabled",
        "delivery-enabled",
        "veg",
        "restaurant-recommended",
        "goods",
        "rakhi-special",
        "sf-not-vegan",
        "veg"
      ]
    },
    {
      "name": "Mini KitKat Cupcake",
      "description": "One bite cupcake with chocolate sponge on the bottom and KitKat ganache on top along side a KitKat decoration.",
      "media": "https://b.zmtcdn.com/data/dish_photos/8e9/93ffe5e8a505e8cc37fedc58346e78e9.jpg",
      "price": 35,
      "menuName": "Mini Desserts",
      "categoryName": "",
      "slugs": [
        "veg",
        "restaurant-recommended",
        "goods",
        "rakhi-special",
        "delivery-enabled",
        "delivery-enabled",
        "veg",
        "restaurant-recommended",
        "goods",
        "rakhi-special",
        "veg"
      ]
    },
    {
      "name": "Java Chips Muffin",
      "description": "These java chip muffins are the best of so many worlds. The ends are slightly crispy and chewy with a super soft center melted chocolate.",
      "media": "https://b.zmtcdn.com/data/dish_photos/984/eaa4c392f9b1f580205db25d89a41984.jpg",
      "price": 135,
      "menuName": "Mini Desserts",
      "categoryName": "",
      "slugs": [
        "veg",
        "restaurant-recommended",
        "goods",
        "delivery-enabled",
        "delivery-enabled",
        "veg",
        "restaurant-recommended",
        "goods",
        "veg"
      ]
    },
    {
      "name": "Mini Strawberry Razzle Cupcake",
      "description": "One bite cupcake with vanilla sponge and strawberry sauce center topped with delicious strawberry cream.",
      "media": "https://b.zmtcdn.com/data/dish_photos/0b3/84f32a28828b17354777839a3abcd0b3.jpg",
      "price": 35,
      "menuName": "Mini Desserts",
      "categoryName": "",
      "slugs": [
        "veg",
        "restaurant-recommended",
        "goods",
        "rakhi-special",
        "sf-not-vegan",
        "delivery-enabled",
        "delivery-enabled",
        "veg",
        "restaurant-recommended",
        "goods",
        "rakhi-special",
        "sf-not-vegan",
        "veg"
      ]
    },
    {
      "name": "Blueberry Cheesecake",
      "description": "The most classical cheesecake accompaniment, fresh blueberries go beautifully with this fluffy cheesecake",
      "media": "https://b.zmtcdn.com/data/dish_photos/b49/1bcd3d4cf200149f1480096a716cdb49.jpg",
      "price": 195,
      "menuName": "Mini Desserts",
      "categoryName": "",
      "slugs": [
        "veg",
        "goods",
        "rakhi-special",
        "delivery-enabled",
        "delivery-enabled",
        "veg",
        "goods",
        "rakhi-special",
        "veg"
      ]
    },
    {
      "name": "Oreo Cheesecake",
      "description": "Oreos make everything better and so is the case with this Oreo base and Oreo flavoured cheesecake",
      "media": "https://b.zmtcdn.com/data/dish_photos/59e/008f65ab0f8afd48748617f7e8e1359e.jpg",
      "price": 195,
      "menuName": "Mini Desserts",
      "categoryName": "",
      "slugs": [
        "veg",
        "goods",
        "rakhi-special",
        "delivery-enabled",
        "delivery-enabled",
        "veg",
        "goods",
        "rakhi-special",
        "veg"
      ]
    },
    {
      "name": "Kitkat Cheesecake",
      "description": "",
      "media": "https://b.zmtcdn.com/data/dish_photos/4de/b3382c3c76f4d9cf3bcecd96bf3e94de.jpg",
      "price": 195,
      "menuName": "Mini Desserts",
      "categoryName": "",
      "slugs": [
        "veg",
        "goods",
        "rakhi-special",
        "delivery-enabled",
        "delivery-enabled",
        "veg",
        "goods",
        "rakhi-special",
        "veg"
      ]
    },
    {
      "name": "MIni Chocolate Mocha Cupcake",
      "description": "Combining coffee and chocolate with a super soft and moist chocolate base topped with ultra creamy coffee frosting. A dream for coffee lovers!",
      "media": "https://b.zmtcdn.com/data/dish_photos/4e9/08cec18a2dc8d089db009aeb1f4ef4e9.jpg",
      "price": 35,
      "menuName": "Mini Desserts",
      "categoryName": "",
      "slugs": [
        "veg",
        "restaurant-recommended",
        "goods",
        "rakhi-special",
        "delivery-enabled",
        "delivery-enabled",
        "veg",
        "restaurant-recommended",
        "goods",
        "rakhi-special",
        "veg"
      ]
    },
    {
      "name": "Black Forest Cake",
      "description": "Classic version of the original black forest cake with fresh cream frosting and sour cherries.",
      "media": "https://b.zmtcdn.com/data/dish_photos/029/841ef638c82078245b4a106ac40a2029.jpg",
      "price": 0,
      "menuName": "Cakes",
      "categoryName": "",
      "slugs": [
        "veg",
        "goods",
        "rakhi-special",
        "special-fleet",
        "delivery-enabled",
        "delivery-enabled",
        "veg",
        "goods",
        "rakhi-special",
        "special-fleet",
        "veg"
      ]
    },
    {
      "name": "Pineapple Cake",
      "description": "Vanilla sponge, fresh cream and our chef's special fresh pineapple crush and we are sure you could not ask for more in a slice of cake.",
      "media": "https://b.zmtcdn.com/data/dish_photos/a70/fdd5ce4689c042ac44b3884c65355a70.jpg",
      "price": 0,
      "menuName": "Cakes",
      "categoryName": "",
      "slugs": [
        "veg",
        "goods",
        "rakhi-special",
        "delivery-enabled",
        "delivery-enabled",
        "veg",
        "goods",
        "rakhi-special",
        "veg"
      ]
    },
    {
      "name": "White Forest Cake",
      "description": "White coloured cake loaded with white chocolate and cherry crush on a vanilla sponge and cherries for decoration.",
      "media": "https://b.zmtcdn.com/data/dish_photos/491/e7ce684f62d8f01c6938cbab0bc17491.jpg",
      "price": 0,
      "menuName": "Cakes",
      "categoryName": "",
      "slugs": [
        "veg",
        "goods",
        "rakhi-special",
        "delivery-enabled",
        "delivery-enabled",
        "veg",
        "goods",
        "rakhi-special",
        "veg"
      ]
    },
    {
      "name": "Butter Scotch Cake",
      "description": "Vanilla sponge, fresh cream, butterscotch sauce with praline decoration.",
      "media": "https://b.zmtcdn.com/data/dish_photos/bf5/8e8633b103eb7903545c2fd1b6c39bf5.jpg",
      "price": 0,
      "menuName": "Cakes",
      "categoryName": "",
      "slugs": [
        "veg",
        "goods",
        "rakhi-special",
        "special-fleet",
        "delivery-enabled",
        "delivery-enabled",
        "veg",
        "goods",
        "rakhi-special",
        "special-fleet",
        "veg"
      ]
    },
    {
      "name": "Cookies and Cream Cake",
      "description": "White sponge, fresh cream, surprise fruit filling, dark and white chocolate flakes with cookie decoration.",
      "media": "https://b.zmtcdn.com/data/dish_photos/4ba/b4240e0bd87a0df504d9279b469fd4ba.jpg",
      "price": 0,
      "menuName": "Cakes",
      "categoryName": "",
      "slugs": [
        "veg",
        "goods",
        "rakhi-special",
        "delivery-enabled",
        "delivery-enabled",
        "veg",
        "goods",
        "rakhi-special",
        "veg"
      ]
    },
    {
      "name": "Chocolate Royal Cake",
      "description": "Chocolate Sponge with bittersweet chocolate ganache, decorated with chocolate coating.",
      "media": "https://b.zmtcdn.com/data/dish_photos/41e/c328f757273bd18c3aaffae9c795341e.jpg",
      "price": 0,
      "menuName": "Cakes",
      "categoryName": "",
      "slugs": [
        "veg",
        "goods",
        "rakhi-special",
        "special-fleet",
        "delivery-enabled",
        "delivery-enabled",
        "veg",
        "goods",
        "rakhi-special",
        "special-fleet",
        "veg"
      ]
    },
    {
      "name": "Mix Fruit Cake",
      "description": "A spongy cake layered with fresh cream and fresh fruits pieces topped with fruits will make an ideal treat for birthdays, weddings and anniversary.",
      "media": "https://b.zmtcdn.com/data/dish_photos/2e0/98764127320bb608d11c703bb38f02e0.jpg",
      "price": 0,
      "menuName": "Cakes",
      "categoryName": "",
      "slugs": [
        "veg",
        "goods",
        "rakhi-special",
        "special-fleet",
        "delivery-enabled",
        "delivery-enabled",
        "veg",
        "goods",
        "rakhi-special",
        "special-fleet",
        "veg"
      ]
    },
    {
      "name": "Ferrero Rocher Chocolate Cake [500 grams]",
      "description": "A delectable and indulgent sweet chocolate with luscious hazelnut cream in a crispy wafer shell, Ferrero Rocher chocolates are a classic.",
      "media": "https://b.zmtcdn.com/data/dish_photos/80e/ff2bdaae454c30573610c1e1346f080e.png",
      "price": 1007.53,
      "menuName": "Cakes",
      "categoryName": "",
      "slugs": [
        "veg",
        "restaurant-recommended",
        "dessert",
        "goods",
        "sf-no-onion",
        "sf-no-garlic",
        "sf-kid-friendly",
        "sf-cake",
        "sf-not-vegan",
        "delivery-enabled",
        "delivery-enabled",
        "veg",
        "restaurant-recommended",
        "dessert",
        "goods",
        "sf-no-onion",
        "sf-no-garlic",
        "sf-kid-friendly",
        "sf-cake",
        "sf-not-vegan",
        "veg"
      ]
    },
    {
      "name": "Paneer Chilly Croissant",
      "description": "Buttery croissant filled with a generous serving of paneer chilly made in house.",
      "media": "https://b.zmtcdn.com/data/dish_photos/f4a/4018b43af66d414ed85ed9f481768f4a.jpg",
      "price": 80,
      "menuName": "Hot Counter",
      "categoryName": "",
      "slugs": [
        "veg",
        "services",
        "sf-not-vegan",
        "delivery-enabled",
        "delivery-enabled",
        "veg",
        "services",
        "sf-not-vegan",
        "veg"
      ]
    },
    {
      "name": "Paneer Tandoori Roll",
      "description": "",
      "media": "https://b.zmtcdn.com/data/dish_photos/57e/219f7c81be16f00f30b2f65dfecd857e.jpg",
      "price": 80,
      "menuName": "Hot Counter",
      "categoryName": "",
      "slugs": [
        "veg",
        "services",
        "sf-not-vegan",
        "delivery-enabled",
        "delivery-enabled",
        "veg",
        "services",
        "sf-not-vegan",
        "veg"
      ]
    },
    {
      "name": "Paneer Puff",
      "description": "",
      "media": "https://b.zmtcdn.com/data/dish_photos/643/f86d26183ed791bfb2053d0a758e3643.jpg",
      "price": 80,
      "menuName": "Hot Counter",
      "categoryName": "",
      "slugs": [
        "veg",
        "services",
        "sf-not-vegan",
        "delivery-enabled",
        "delivery-enabled",
        "veg",
        "services",
        "sf-not-vegan",
        "veg"
      ]
    },
    {
      "name": "Chinese Puff",
      "description": "East meets west when strong Indo-Chinese flavours meet the humble puff.",
      "media": "https://b.zmtcdn.com/data/dish_photos/ab1/75e1d5d687ebe92c441d62bf21124ab1.jpg",
      "price": 80,
      "menuName": "Hot Counter",
      "categoryName": "",
      "slugs": [
        "veg",
        "services",
        "delivery-enabled",
        "delivery-enabled",
        "veg",
        "services",
        "veg"
      ]
    },
    {
      "name": "Masala Roll",
      "description": "Fresh veggies,house blend of masalas,all wrapped in fresh bread",
      "media": "https://b.zmtcdn.com/data/dish_photos/45b/be5a97ab6ec1fd044f5137d52373a45b.jpg",
      "price": 80,
      "menuName": "Hot Counter",
      "categoryName": "",
      "slugs": [
        "veg",
        "services",
        "delivery-enabled",
        "delivery-enabled",
        "veg",
        "services",
        "veg"
      ]
    },
    {
      "name": "Manchurian Croissant",
      "description": "A traditional flaky,basic buttery croissant stuffed with home made manchuria.",
      "media": "https://b.zmtcdn.com/data/dish_photos/31b/36bf2d867e3100a53eefcd3f9447d31b.jpg",
      "price": 80,
      "menuName": "Hot Counter",
      "categoryName": "",
      "slugs": [
        "veg",
        "restaurant-recommended",
        "services",
        "delivery-enabled",
        "delivery-enabled",
        "veg",
        "restaurant-recommended",
        "services",
        "veg"
      ]
    },
    {
      "name": "Paneer Tikka Croissant",
      "description": "The lip smacking blend of spicy paneer tikka filling with a buttery croissant",
      "media": "https://b.zmtcdn.com/data/dish_photos/3a1/028ad83479a61bcb4052ce4853dae3a1.jpg",
      "price": 80,
      "menuName": "Hot Counter",
      "categoryName": "",
      "slugs": [
        "veg",
        "restaurant-recommended",
        "services",
        "sf-spicy",
        "sf-not-vegan",
        "delivery-enabled",
        "delivery-enabled",
        "veg",
        "restaurant-recommended",
        "services",
        "sf-spicy",
        "sf-not-vegan",
        "veg"
      ]
    },
    {
      "name": "Schezwan Pizza",
      "description": "Like a dash of spice in your pizza? This schezwan pizza hits the spot every time.",
      "media": "https://b.zmtcdn.com/data/dish_photos/d38/33f9620e7e36a99e041f5ab98a2dad38.jpg",
      "price": 135,
      "menuName": "Hot Counter",
      "categoryName": "",
      "slugs": [
        "veg",
        "services",
        "sf-spicy",
        "delivery-enabled",
        "delivery-enabled",
        "veg",
        "services",
        "sf-spicy",
        "veg"
      ]
    }
  ]
}