{
  "basicInfo": {
    "name": "Dairy Don",
    "cuisine_string": "Desserts, Ice Cream, Beverages, Shake",
    "canonicalUrl": "https://www.zomato.com/surat/dairy-don-varachha/order"
  },
  "ratings": {
    "DINING": {
      "rating_type": "DINING",
      "rating": "3.9",
      "reviewCount": "89",
      "reviewTextSmall": "89 Reviews",
      "subtext": "89 Dining Reviews",
      "color": "#1C1C1C",
      "ratingV2": "3.9",
      "subtitle": "DINING",
      "sideSubTitle": "Dining Ratings",
      "bgColorV2": {
        "type": "green",
        "tint": "600"
      },
      "newOnDining": false
    },
    "DELIVERY": {
      "rating_type": "DELIVERY",
      "rating": "4.3",
      "reviewCount": "712",
      "reviewTextSmall": "712 Reviews",
      "subtext": "712 Delivery Reviews",
      "color": "#E23744",
      "ratingV2": "4.3",
      "subtitle": "DELIVERY",
      "sideSubTitle": "Delivery Ratings",
      "bgColorV2": {
        "type": "green",
        "tint": "700"
      },
      "newOnDelivery": false
    }
  },
  "establishment": {
    "city_id": 38,
    "city_name": "Surat",
    "country_id": 1,
    "country_name": "India",
    "zipcode": "",
    "is_dark_kitchen": false,
    "locality_verbose": "Varachha, Surat",
    "latitude": "21.2086759314",
    "longitude": "72.8474972225",
    "static_map_url": "https://maps.zomato.com/php/staticmap?center=21.2086759314,72.8474972225&maptype=zomato&markers=21.2086759314,72.8474972225,pin_res32&sensor=false&scale=2&zoom=16&language=en&size=240x150&size=400x240",
    "address": "Shop 13, Hira Panna Building, Opposite Rajhans Point, Varachha, Surat",
    "is_phone_available": 1,
    "phoneDetails": {
      "title": "Phone Numbers",
      "phoneStr": "+919727888030"
    },
    "res_chain_text": "See all 6 Dairy Don outlets in Surat",
    "res_group_text": "",
    "res_chain_url": "https://www.zomato.com/surat/restaurants/dairy-don",
    "res_group_url": "",
    "show_res_map": true
  },
  "items": [
    {
      "name": "Biscoff Cake + Free Coco Tube",
      "description": "312.10 Kcal (165ml)",
      "media": "https://b.zmtcdn.com/data/dish_photos/9bf/3e527a94ba8be4015358966cabea69bf.png",
      "price": 2095,
      "menuName": "Icecream Cakes",
      "categoryName": "Big 1l",
      "slugs": [
        "veg",
        "goods",
        "sf-no-onion",
        "sf-no-garlic",
        "sf-kid-friendly",
        "sf-cake",
        "delivery-enabled",
        "delivery-enabled",
        "veg",
        "goods",
        "sf-no-onion",
        "sf-no-garlic",
        "sf-kid-friendly",
        "sf-cake",
        "veg"
      ]
    },
    {
      "name": "Black Forest Cake + Free Coco Tube",
      "description": "Eggless Ice-cream Cake With Perfect Amalgamation Of Chocolate Sponge Layer And Creamy Vanilla Ice-cream.",
      "media": "https://b.zmtcdn.com/data/dish_photos/61f/ab6b7ceb42e36879dec911488475361f.jpeg",
      "price": 840,
      "menuName": "Icecream Cakes",
      "categoryName": "Big 1l",
      "slugs": [
        "veg",
        "goods",
        "sf-no-onion",
        "sf-no-garlic",
        "sf-kid-friendly",
        "sf-not-vegan",
        "delivery-enabled",
        "delivery-enabled",
        "veg",
        "goods",
        "sf-no-onion",
        "sf-no-garlic",
        "sf-kid-friendly",
        "sf-not-vegan",
        "veg"
      ]
    },
    {
      "name": "Cream N Cookies Cake 1l + Free Coco Tube",
      "description": "A decadent cake with a creamy, smooth texture and a decadent taste.",
      "media": "https://b.zmtcdn.com/data/dish_photos/0a7/fd05bec62d4d63e9f2261cb946f630a7.png",
      "price": 910,
      "menuName": "Icecream Cakes",
      "categoryName": "Big 1l",
      "slugs": [
        "veg",
        "goods",
        "sf-no-onion",
        "sf-no-garlic",
        "sf-kid-friendly",
        "sf-not-vegan",
        "delivery-enabled",
        "delivery-enabled",
        "veg",
        "goods",
        "sf-no-onion",
        "sf-no-garlic",
        "sf-kid-friendly",
        "sf-not-vegan",
        "veg"
      ]
    },
    {
      "name": "Golden Fantasy Cake + Free Coco Tube",
      "description": "Eggless Ice-cream Cake Layered With Vanilla Sponge And Creamy Vanilla Ice-cream, Topped With Praline And Cashew Nuts.",
      "media": "https://b.zmtcdn.com/data/dish_photos/6f5/9bc9e5369772ded8a0d86323e84b56f5.jpeg",
      "price": 910,
      "menuName": "Icecream Cakes",
      "categoryName": "Big 1l",
      "slugs": [
        "veg",
        "goods",
        "sf-no-onion",
        "sf-no-garlic",
        "sf-kid-friendly",
        "sf-not-vegan",
        "delivery-enabled",
        "delivery-enabled",
        "veg",
        "goods",
        "sf-no-onion",
        "sf-no-garlic",
        "sf-kid-friendly",
        "sf-not-vegan",
        "veg"
      ]
    },
    {
      "name": "Kaju Gulkand Cake + Free Coco Tube",
      "description": "A decadent treat of kaju and gulkhand in a moist and fluffy cake.",
      "media": "https://b.zmtcdn.com/data/dish_photos/d4a/37df2e689a2cfcb3df8efdd579da1d4a.jpeg",
      "price": 1820,
      "menuName": "Icecream Cakes",
      "categoryName": "Big 1l",
      "slugs": [
        "veg",
        "goods",
        "sf-no-onion",
        "sf-no-garlic",
        "sf-kid-friendly",
        "delivery-enabled",
        "delivery-enabled",
        "veg",
        "goods",
        "sf-no-onion",
        "sf-no-garlic",
        "sf-kid-friendly",
        "veg"
      ]
    },
    {
      "name": "Mawa Icecream Cake + Free Coco Tube",
      "description": "A sweet treat that will melt in your mouth, our mawa cake with a free coco tube is the perfect dessert to satisfy your sweet tooth.",
      "media": "https://b.zmtcdn.com/data/dish_photos/6fe/0f2e51e9a9447fc35e8d3efbe80da6fe.jpeg",
      "price": 1400,
      "menuName": "Icecream Cakes",
      "categoryName": "Big 1l",
      "slugs": [
        "veg",
        "goods",
        "sf-no-onion",
        "sf-no-garlic",
        "sf-kid-friendly",
        "delivery-enabled",
        "delivery-enabled",
        "veg",
        "goods",
        "sf-no-onion",
        "sf-no-garlic",
        "sf-kid-friendly",
        "veg"
      ]
    },
    {
      "name": "New York Ice Cream Cheese Cake + Free Coco Tube",
      "description": "New York Ice Cream Cheese Cake",
      "media": "https://b.zmtcdn.com/data/dish_photos/214/204dba295dbfc9ff24a337c483e6f214.jpeg",
      "price": 1820,
      "menuName": "Icecream Cakes",
      "categoryName": "Big 1l",
      "slugs": [
        "veg",
        "goods",
        "sf-no-onion",
        "sf-no-garlic",
        "sf-kid-friendly",
        "delivery-enabled",
        "delivery-enabled",
        "veg",
        "goods",
        "sf-no-onion",
        "sf-no-garlic",
        "sf-kid-friendly",
        "veg"
      ]
    },
    {
      "name": "Ro. Almond Truffle Cake 1l + Free Coco Tube",
      "description": "Eggless Ice-cream Cake Layered With Chocolate Sponge And Creamy Chocolate Ice-cream, Topped With Roasted And Crunchy Almonds.",
      "media": "https://b.zmtcdn.com/data/dish_photos/5f4/214cd7579b09bca586f9f73c25b735f4.jpeg",
      "price": 1820,
      "menuName": "Icecream Cakes",
      "categoryName": "Big 1l",
      "slugs": [
        "veg",
        "goods",
        "sf-no-onion",
        "sf-no-garlic",
        "sf-kid-friendly",
        "sf-cake",
        "sf-not-vegan",
        "delivery-enabled",
        "delivery-enabled",
        "veg",
        "goods",
        "sf-no-onion",
        "sf-no-garlic",
        "sf-kid-friendly",
        "sf-cake",
        "sf-not-vegan",
        "veg"
      ]
    },
    {
      "name": "Rose Pistachio Necklace",
      "description": "",
      "media": "https://b.zmtcdn.com/data/dish_photos/ae0/3eff8f7dea82db0b5f124d3c8587eae0.jpeg",
      "price": 2095,
      "menuName": "Icecream Cakes",
      "categoryName": "Big 1l",
      "slugs": [
        "veg",
        "goods",
        "sf-no-onion",
        "sf-no-garlic",
        "sf-kid-friendly",
        "delivery-enabled",
        "delivery-enabled",
        "veg",
        "goods",
        "sf-no-onion",
        "sf-no-garlic",
        "sf-kid-friendly",
        "veg"
      ]
    },
    {
      "name": "Strawberry Ice Cream Cheesecake + Free Coco Tube",
      "description": "Eggless Ice-cream Cake Layered With Vanilla Sponge And Creamy Strawberry Gelato With A Hint Of Cheese.",
      "media": null,
      "price": 1820,
      "menuName": "Icecream Cakes",
      "categoryName": "Big 1l",
      "slugs": [
        "veg",
        "goods",
        "sf-no-onion",
        "sf-no-garlic",
        "sf-kid-friendly",
        "sf-not-vegan",
        "delivery-enabled",
        "delivery-enabled",
        "veg",
        "goods",
        "sf-no-onion",
        "sf-no-garlic",
        "sf-kid-friendly",
        "sf-not-vegan",
        "veg"
      ]
    },
    {
      "name": "Chocolate Chips Cake",
      "description": "Eggless Ice-cream Cake Layered With Chocolate Sponge And Creamy Chocolate Ice-cream Topped With Chocolate Chips, Blended With Love!",
      "media": "https://b.zmtcdn.com/data/dish_photos/315/07ea376d5680e8a22d454c0f46b23315.png",
      "price": 699,
      "menuName": "Icecream Cakes",
      "categoryName": "Mini 500ml",
      "slugs": [
        "veg",
        "goods",
        "sf-no-onion",
        "sf-no-garlic",
        "sf-kid-friendly",
        "sf-not-vegan",
        "delivery-enabled",
        "delivery-enabled",
        "veg",
        "goods",
        "sf-no-onion",
        "sf-no-garlic",
        "sf-kid-friendly",
        "sf-not-vegan",
        "veg"
      ]
    },
    {
      "name": "Ro. Almond Truffle Cake 500ml + Free Coco Tube",
      "description": "Eggless Ice-cream Cake Layered With Chocolate Sponge And Creamy Chocolate Ice-cream, Topped With Roasted And Crunchy Almonds.",
      "media": "https://b.zmtcdn.com/data/dish_photos/649/c19a1aee825027c0c0c1d47d7a2d6649.png",
      "price": 910,
      "menuName": "Icecream Cakes",
      "categoryName": "Mini 500ml",
      "slugs": [
        "veg",
        "goods",
        "sf-no-onion",
        "sf-no-garlic",
        "sf-kid-friendly",
        "sf-cake",
        "sf-not-vegan",
        "delivery-enabled",
        "delivery-enabled",
        "veg",
        "goods",
        "sf-no-onion",
        "sf-no-garlic",
        "sf-kid-friendly",
        "sf-cake",
        "sf-not-vegan",
        "veg"
      ]
    },
    {
      "name": "Biscoff Pastry",
      "description": "312.10 Kcal (165ml)",
      "media": "https://b.zmtcdn.com/data/dish_photos/41f/23bc69b0ecdd92471b6ee59fc847741f.jpeg",
      "price": 421,
      "menuName": "Icecream Pastries",
      "categoryName": "",
      "slugs": [
        "veg",
        "goods",
        "sf-no-onion",
        "sf-no-garlic",
        "sf-kid-friendly",
        "delivery-enabled",
        "delivery-enabled",
        "veg",
        "goods",
        "sf-no-onion",
        "sf-no-garlic",
        "sf-kid-friendly",
        "veg"
      ]
    },
    {
      "name": "Black Forest Pastry",
      "description": "Eggless Ice-cream Cake With Perfect Amalgamation Of Chocolate Sponge Layer And Creamy Vanilla Ice-cream.",
      "media": "https://b.zmtcdn.com/data/dish_photos/124/cc29ac4dc1a1819084ca8c26dfb57124.jpeg",
      "price": 180,
      "menuName": "Icecream Pastries",
      "categoryName": "",
      "slugs": [
        "veg",
        "goods",
        "sf-no-onion",
        "sf-no-garlic",
        "sf-kid-friendly",
        "sf-not-vegan",
        "delivery-enabled",
        "delivery-enabled",
        "veg",
        "goods",
        "sf-no-onion",
        "sf-no-garlic",
        "sf-kid-friendly",
        "sf-not-vegan",
        "veg"
      ]
    },
    {
      "name": "Golden Fantasy Pastry",
      "description": "Eggless Ice-cream Cake Layered With Vanilla Sponge And Creamy Vanilla Ice-cream, Topped With Praline And Cashew Nuts.",
      "media": "https://b.zmtcdn.com/data/dish_photos/eef/0071533aa1d40d694397a32a37814eef.jpeg",
      "price": 210,
      "menuName": "Icecream Pastries",
      "categoryName": "",
      "slugs": [
        "veg",
        "goods",
        "sf-no-onion",
        "sf-no-garlic",
        "sf-kid-friendly",
        "sf-not-vegan",
        "delivery-enabled",
        "delivery-enabled",
        "veg",
        "goods",
        "sf-no-onion",
        "sf-no-garlic",
        "sf-kid-friendly",
        "sf-not-vegan",
        "veg"
      ]
    },
    {
      "name": "Kaju Gulkand Pastry",
      "description": "A pastry made with a creamy blend of kaju and gulkand, topped with an assortment of fresh fruits.",
      "media": "https://b.zmtcdn.com/data/dish_photos/5a7/66a5bfd5d3ad6393afa5850200a8e5a7.jpeg",
      "price": 350,
      "menuName": "Icecream Pastries",
      "categoryName": "",
      "slugs": [
        "veg",
        "goods",
        "sf-no-onion",
        "sf-no-garlic",
        "sf-kid-friendly",
        "delivery-enabled",
        "delivery-enabled",
        "veg",
        "goods",
        "sf-no-onion",
        "sf-no-garlic",
        "sf-kid-friendly",
        "veg"
      ]
    },
    {
      "name": "Mawa Pastry",
      "description": "",
      "media": null,
      "price": 280,
      "menuName": "Icecream Pastries",
      "categoryName": "",
      "slugs": [
        "veg",
        "goods",
        "sf-no-onion",
        "sf-no-garlic",
        "sf-kid-friendly",
        "delivery-enabled",
        "delivery-enabled",
        "veg",
        "goods",
        "sf-no-onion",
        "sf-no-garlic",
        "sf-kid-friendly",
        "veg"
      ]
    },
    {
      "name": "New York Ice Cream Pastry",
      "description": "",
      "media": "https://b.zmtcdn.com/data/dish_photos/f57/1744375f062b72964795e92bdc452f57.jpeg",
      "price": 350,
      "menuName": "Icecream Pastries",
      "categoryName": "",
      "slugs": [
        "veg",
        "goods",
        "sf-no-onion",
        "sf-no-garlic",
        "sf-kid-friendly",
        "delivery-enabled",
        "delivery-enabled",
        "veg",
        "goods",
        "sf-no-onion",
        "sf-no-garlic",
        "sf-kid-friendly",
        "veg"
      ]
    },
    {
      "name": "Strawberry Ice Cream Cheesecake Pastry",
      "description": "Eggless Ice-cream Cake Layered With Vanilla Sponge And Creamy Strawberry Gelato With A Hint Of Cheese.",
      "media": "https://b.zmtcdn.com/data/dish_photos/1e2/3932971e1cd9a5e044b0b06ba4c521e2.jpeg",
      "price": 350,
      "menuName": "Icecream Pastries",
      "categoryName": "",
      "slugs": [
        "veg",
        "goods",
        "sf-no-onion",
        "sf-no-garlic",
        "sf-kid-friendly",
        "sf-not-vegan",
        "delivery-enabled",
        "delivery-enabled",
        "veg",
        "goods",
        "sf-no-onion",
        "sf-no-garlic",
        "sf-kid-friendly",
        "sf-not-vegan",
        "veg"
      ]
    },
    {
      "name": "Badam Anjeer Milk Shake",
      "description": "Nutritious Milkshake Prepared With Choiciest Anjeer And Almonds , 240 Ml - 536.95 Kcal",
      "media": "https://b.zmtcdn.com/data/dish_photos/e27/2baab5857da4133dcbf7589265a42e27.jpeg",
      "price": 210,
      "menuName": "Milkshake",
      "categoryName": "",
      "slugs": [
        "veg",
        "goods",
        "sf-not-vegan",
        "delivery-enabled",
        "delivery-enabled",
        "veg",
        "goods",
        "sf-not-vegan",
        "veg"
      ]
    },
    {
      "name": "Chickoo Milk Shake",
      "description": "Refreshing And Healthy Chickoo Milk Shake , 240 Ml - 443.95 Kcal",
      "media": "https://b.zmtcdn.com/data/dish_photos/9fe/61f5c6caa23dd97173a5b80c853869fe.jpeg",
      "price": 170,
      "menuName": "Milkshake",
      "categoryName": "",
      "slugs": [
        "veg",
        "goods",
        "sf-not-vegan",
        "delivery-enabled",
        "delivery-enabled",
        "veg",
        "goods",
        "sf-not-vegan",
        "veg"
      ]
    },
    {
      "name": "Dry Fruit Milk Shake",
      "description": "Nutritious Milkshake Topped With Crunchy Dryfruits , 240 Ml - 730.00 Kcal",
      "media": "https://b.zmtcdn.com/data/dish_photos/cf7/8bd6125b2c2fc0c020359e7c960ffcf7.jpeg",
      "price": 260,
      "menuName": "Milkshake",
      "categoryName": "",
      "slugs": [
        "veg",
        "goods",
        "sf-not-vegan",
        "delivery-enabled",
        "delivery-enabled",
        "veg",
        "goods",
        "sf-not-vegan",
        "veg"
      ]
    },
    {
      "name": "Kaju Anjeer Milk Shake",
      "description": "Healthy And Nutritious Kaju Anjeer Milk Shake , 240 Ml - 530.05 Kcal",
      "media": "https://b.zmtcdn.com/data/dish_photos/f29/1a67d11ee4b8ba16a36ff25599f28f29.jpeg",
      "price": 210,
      "menuName": "Milkshake",
      "categoryName": "",
      "slugs": [
        "veg",
        "restaurant-recommended",
        "goods",
        "sf-not-vegan",
        "delivery-enabled",
        "delivery-enabled",
        "veg",
        "restaurant-recommended",
        "goods",
        "sf-not-vegan",
        "veg"
      ]
    },
    {
      "name": "Kaju Badam Milk Shake",
      "description": "Healthy And Nutritious Kaju Badam Milkshake , 240 Ml - 680.65 Kcal",
      "media": "https://b.zmtcdn.com/data/dish_photos/e27/2baab5857da4133dcbf7589265a42e27.jpeg",
      "price": 210,
      "menuName": "Milkshake",
      "categoryName": "",
      "slugs": [
        "veg",
        "goods",
        "sf-not-vegan",
        "delivery-enabled",
        "delivery-enabled",
        "veg",
        "goods",
        "sf-not-vegan",
        "veg"
      ]
    },
    {
      "name": "Kaju Chocolate Milk Shake",
      "description": "A Delicious And Mood Busting Kaju Chocolate Milkshake , 240 Ml - 777.35 Kcal",
      "media": "https://b.zmtcdn.com/data/dish_photos/256/eb411f418cbfc335ccd67a6dab759256.jpeg",
      "price": 210,
      "menuName": "Milkshake",
      "categoryName": "",
      "slugs": [
        "veg",
        "goods",
        "sf-not-vegan",
        "delivery-enabled",
        "delivery-enabled",
        "veg",
        "goods",
        "sf-not-vegan",
        "veg"
      ]
    },
    {
      "name": "Kaju Gulkand Milk Shake",
      "description": "Refreshing Kaju Gulkand Milk Shake , 240 Ml - 753.63 Kcal",
      "media": "https://b.zmtcdn.com/data/dish_photos/e27/2baab5857da4133dcbf7589265a42e27.jpeg",
      "price": 210,
      "menuName": "Milkshake",
      "categoryName": "",
      "slugs": [
        "veg",
        "goods",
        "sf-not-vegan",
        "delivery-enabled",
        "delivery-enabled",
        "veg",
        "goods",
        "sf-not-vegan",
        "veg"
      ]
    },
    {
      "name": "Special Don Milk Shake",
      "description": "Nutritious Dryfruit Milkshake Topped With Icecream , 240 Ml - 790.00 Kcal",
      "media": null,
      "price": 280,
      "menuName": "Milkshake",
      "categoryName": "",
      "slugs": [
        "veg",
        "goods",
        "sf-not-vegan",
        "delivery-enabled",
        "delivery-enabled",
        "veg",
        "goods",
        "sf-not-vegan",
        "veg"
      ]
    },
    {
      "name": "Anjeer Thick Shake",
      "description": "Feel Good With Anjeer Thick Shake , 240 Ml - 281.28 Kcal",
      "media": "https://b.zmtcdn.com/data/dish_photos/252/57d550658571d436e29b701723e34252.jpeg",
      "price": 155,
      "menuName": "Thickshake",
      "categoryName": "Regular",
      "slugs": [
        "veg",
        "goods",
        "delivery-enabled",
        "delivery-enabled",
        "veg",
        "goods",
        "veg"
      ]
    },
    {
      "name": "Black Current Thick Shake",
      "description": "Enjoy A Change With A Blast Of Black Currant Thickshake , 240 Ml - 257.28 Kcal",
      "media": "https://b.zmtcdn.com/data/dish_photos/afb/9066ad2204f67fbe55262f2d01fe5afb.jpeg",
      "price": 155,
      "menuName": "Thickshake",
      "categoryName": "Regular",
      "slugs": [
        "veg",
        "goods",
        "delivery-enabled",
        "delivery-enabled",
        "veg",
        "goods",
        "veg"
      ]
    },
    {
      "name": "Choco Chips Thick Shake",
      "description": "All Time Delicacy Chocolate Thick Shake Topped With Chocolate Chips , 240 Ml - 277.68 Kcal",
      "media": "https://b.zmtcdn.com/data/dish_photos/886/2540c907ee5eee36cadf38f021fa4886.jpg",
      "price": 196,
      "menuName": "Thickshake",
      "categoryName": "Regular",
      "slugs": [
        "veg",
        "goods",
        "delivery-enabled",
        "delivery-enabled",
        "veg",
        "goods",
        "veg"
      ]
    },
    {
      "name": "Chocolate Thick Shake",
      "description": "Creamy Flavorful Chocolate Thick Shake , 240 Ml - 308.40 Kcal",
      "media": "https://b.zmtcdn.com/data/dish_photos/e58/27b6478104dc7d7f9017de209b758e58.jpg",
      "price": 155,
      "menuName": "Thickshake",
      "categoryName": "Regular",
      "slugs": [
        "veg",
        "goods",
        "delivery-enabled",
        "delivery-enabled",
        "veg",
        "goods",
        "veg"
      ]
    },
    {
      "name": "Kaju Anjeer Thick Shake",
      "description": "Rich And Creamy Anjeer Thickshake Blended With Nutty Kaju! , 240 Ml - 280.80 Kcal",
      "media": "https://b.zmtcdn.com/data/dish_photos/a70/fc050f2a6535d770ee39632ea70a0a70.jpeg",
      "price": 196,
      "menuName": "Thickshake",
      "categoryName": "Regular",
      "slugs": [
        "veg",
        "goods",
        "delivery-enabled",
        "delivery-enabled",
        "veg",
        "goods",
        "veg"
      ]
    },
    {
      "name": "Kaju Badam Thick Shake",
      "description": "Enjoy The Nutrients With Kaju Badam Thickshake , 240 Ml - 257.76 Kcal",
      "media": "https://b.zmtcdn.com/data/dish_photos/17b/00ff7648b0e3b5f1b310e41e803e217b.jpg",
      "price": 196,
      "menuName": "Thickshake",
      "categoryName": "Regular",
      "slugs": [
        "veg",
        "goods",
        "delivery-enabled",
        "delivery-enabled",
        "veg",
        "goods",
        "veg"
      ]
    },
    {
      "name": "Kaju Gulkand Thick Shake",
      "description": "Enjoy The Twist Of Nutty Kaju With Gulkand In A Shake , 240 Ml - 263.76 Kcal",
      "media": "https://b.zmtcdn.com/data/dish_photos/57a/e416f1f56a8d6a2280b870320508057a.jpeg",
      "price": 196,
      "menuName": "Thickshake",
      "categoryName": "Regular",
      "slugs": [
        "veg",
        "goods",
        "delivery-enabled",
        "delivery-enabled",
        "veg",
        "goods",
        "veg"
      ]
    },
    {
      "name": "Kesar Elaichi Thick Shake",
      "description": "Creamy Thick Shake With Richness Of Saffron And Cardamom , 240 Ml - 268.08 Kcal",
      "media": "https://b.zmtcdn.com/data/dish_photos/481/6b49a84745581764e9a5bfea17bbe481.jpg",
      "price": 140,
      "menuName": "Thickshake",
      "categoryName": "Regular",
      "slugs": [
        "veg",
        "goods",
        "delivery-enabled",
        "delivery-enabled",
        "veg",
        "goods",
        "veg"
      ]
    },
    {
      "name": "Kesar Pista Thick Shake",
      "description": "Creamy Thick Shake With Richness Of Saffron Blended With Pistachio , 240 Ml - 244.56 Kcal",
      "media": "https://b.zmtcdn.com/data/dish_photos/e0c/2f2af940230db8b1dd90f4b26b441e0c.jpeg",
      "price": 196,
      "menuName": "Thickshake",
      "categoryName": "Regular",
      "slugs": [
        "veg",
        "goods",
        "delivery-enabled",
        "delivery-enabled",
        "veg",
        "goods",
        "veg"
      ]
    },
    {
      "name": "Kitkat Thick Shake",
      "description": "Enjoy Your Break With Kitkat Thickshake , 240 Ml - 266.64 Kcal",
      "media": "https://b.zmtcdn.com/data/dish_photos/687/32a3c4ced97df5f9c6a6ef655b77a687.jpg",
      "price": 196,
      "menuName": "Thickshake",
      "categoryName": "Regular",
      "slugs": [
        "veg",
        "goods",
        "delivery-enabled",
        "delivery-enabled",
        "veg",
        "goods",
        "veg"
      ]
    },
    {
      "name": "Mango Thick Shake",
      "description": "Delightful Mango Thick Shake , 240 Ml - 249.60 Kcal",
      "media": "https://b.zmtcdn.com/data/dish_photos/0ea/17040b015c19a4396d293e1c867240ea.jpeg",
      "price": 155,
      "menuName": "Thickshake",
      "categoryName": "Regular",
      "slugs": [
        "veg",
        "goods",
        "delivery-enabled",
        "delivery-enabled",
        "veg",
        "goods",
        "veg"
      ]
    },
    {
      "name": "Oreo Thick Shake",
      "description": "The Delicious Cookies Thick Shake , 240 Ml - 265.44 Kcal",
      "media": "https://b.zmtcdn.com/data/dish_photos/7a5/313f9ddbfd68ae7c91d20a00d53af7a5.png",
      "price": 196,
      "menuName": "Thickshake",
      "categoryName": "Regular",
      "slugs": [
        "veg",
        "goods",
        "delivery-enabled",
        "delivery-enabled",
        "veg",
        "goods",
        "veg"
      ]
    },
    {
      "name": "Pineapple Fresh Thick Shake",
      "description": "Enjoy The Freshness With Pineapple Thick Shake , 240 Ml - 247.92 Kcal",
      "media": "https://b.zmtcdn.com/data/dish_photos/f51/901150db1a4d339e1d77ddd2a14eef51.jpeg",
      "price": 140,
      "menuName": "Thickshake",
      "categoryName": "Regular",
      "slugs": [
        "veg",
        "goods",
        "delivery-enabled",
        "delivery-enabled",
        "veg",
        "goods",
        "veg"
      ]
    },
    {
      "name": "Ro Al Anjeer Thick Shake",
      "description": "Creamy Thick Shake With Goodness Of Roasted Almonds And Choiciest Anjeer , 240 Ml - 281.28 Kcal",
      "media": "https://b.zmtcdn.com/data/dish_photos/80e/f5eb389e0be4f2689780d3f06732980e.jpeg",
      "price": 196,
      "menuName": "Thickshake",
      "categoryName": "Regular",
      "slugs": [
        "veg",
        "goods",
        "delivery-enabled",
        "delivery-enabled",
        "veg",
        "goods",
        "veg"
      ]
    },
    {
      "name": "Ro Almond Thick Shake",
      "description": "240 Ml - 262.56 Kcal",
      "media": null,
      "price": 196,
      "menuName": "Thickshake",
      "categoryName": "Regular",
      "slugs": [
        "veg",
        "goods",
        "delivery-enabled",
        "delivery-enabled",
        "veg",
        "goods",
        "veg"
      ]
    },
    {
      "name": "Shahi Gulab Thick Shake",
      "description": "Cool Rose Flavoured Thick Shake , 240 Ml - 258.00 Kcal",
      "media": "https://b.zmtcdn.com/data/dish_photos/cb9/2252296cd0cfdf5caeb02aa872e1ecb9.jpeg",
      "price": 140,
      "menuName": "Thickshake",
      "categoryName": "Regular",
      "slugs": [
        "veg",
        "goods",
        "delivery-enabled",
        "delivery-enabled",
        "veg",
        "goods",
        "veg"
      ]
    },
    {
      "name": "Strawberry Nuts Thick Shake",
      "description": "Rich And Creamy Strawberry Thick Shake Blended With Crunchy Nuts",
      "media": "https://b.zmtcdn.com/data/dish_photos/831/f13c439af4c2eb1c5dc5b858a2867831.jpeg",
      "price": 196,
      "menuName": "Thickshake",
      "categoryName": "Regular",
      "slugs": [
        "veg",
        "goods",
        "delivery-enabled",
        "delivery-enabled",
        "veg",
        "goods",
        "veg"
      ]
    },
    {
      "name": "Strawberry Thick Shake",
      "description": "Satisfy Your Sweettooth With Strawberry Thick Shake , 240 Ml - 243.36 Kcal",
      "media": "https://b.zmtcdn.com/data/dish_photos/a41/1a6c9da6f89e7e2a2847c3f37424aa41.jpeg",
      "price": 155,
      "menuName": "Thickshake",
      "categoryName": "Regular",
      "slugs": [
        "veg",
        "goods",
        "delivery-enabled",
        "delivery-enabled",
        "veg",
        "goods",
        "veg"
      ]
    },
    {
      "name": "Tender Coconut Thickshake",
      "description": "240 Ml - 269.28 Kcal",
      "media": "https://b.zmtcdn.com/data/dish_photos/8f1/687a8de70e7886007cc0193b1a3008f1.jpeg",
      "price": 290,
      "menuName": "Thickshake",
      "categoryName": "Regular",
      "slugs": [
        "veg",
        "goods",
        "delivery-enabled",
        "delivery-enabled",
        "veg",
        "goods",
        "veg"
      ]
    },
    {
      "name": "Vanilla Thick Shake",
      "description": "Rich And Creamy Vanilla Flavoured Thick Shake , 240 Ml - 247.92 Kcal",
      "media": "https://b.zmtcdn.com/data/dish_photos/7d6/80a34609346b6ddeaf56279290e2f7d6.jpg",
      "price": 140,
      "menuName": "Thickshake",
      "categoryName": "Regular",
      "slugs": [
        "veg",
        "goods",
        "delivery-enabled",
        "delivery-enabled",
        "veg",
        "goods",
        "veg"
      ]
    },
    {
      "name": "Anjeer Ts With Vanicream",
      "description": "Feel Good With Anjeer Thickshake With Vanilla Beans Icecream",
      "media": "https://b.zmtcdn.com/data/dish_photos/ac3/728ee804d62ed34ef79082a491506ac3.jpeg",
      "price": 225,
      "menuName": "Thickshake With Vanicream",
      "categoryName": "",
      "slugs": [
        "veg",
        "goods",
        "delivery-enabled",
        "delivery-enabled",
        "veg",
        "goods",
        "veg"
      ]
    },
    {
      "name": "Black Current Ts With Vanicream",
      "description": "Enjoy A Change Blackcurrant Thickshake With Vanilla Beans Icecream",
      "media": "https://b.zmtcdn.com/data/dish_photos/f0a/7fc1a15a0cf6b891122f3b2a3f29df0a.jpeg",
      "price": 225,
      "menuName": "Thickshake With Vanicream",
      "categoryName": "",
      "slugs": [
        "veg",
        "goods",
        "delivery-enabled",
        "delivery-enabled",
        "veg",
        "goods",
        "veg"
      ]
    },
    {
      "name": "Choco Chips Ts With Vanicream",
      "description": "All Time Delicacy - Chocolate Thickshake With Vanilla Beans Icecream",
      "media": "https://b.zmtcdn.com/data/dish_photos/2a1/94755f1dfd3b9ac3250abeaa6a55f2a1.jpeg",
      "price": 265,
      "menuName": "Thickshake With Vanicream",
      "categoryName": "",
      "slugs": [
        "veg",
        "goods",
        "delivery-enabled",
        "delivery-enabled",
        "veg",
        "goods",
        "veg"
      ]
    },
    {
      "name": "Chocolate Ts With Vanicream",
      "description": "All Time Favorite - Chocolate Thickshake With Vanilla Beans Icecream",
      "media": "https://b.zmtcdn.com/data/dish_photos/0d9/f75afa57b1e57fc63a2930bc3adea0d9.jpeg",
      "price": 225,
      "menuName": "Thickshake With Vanicream",
      "categoryName": "",
      "slugs": [
        "veg",
        "goods",
        "delivery-enabled",
        "delivery-enabled",
        "veg",
        "goods",
        "veg"
      ]
    },
    {
      "name": "Kaju Anjeer Ts With Vanicream",
      "description": "A Healthy Beverage - Kaju Anjeer Thickshake With Vanilla Beans Icecream",
      "media": "https://b.zmtcdn.com/data/dish_photos/d9b/1b09e57bde43d3d48f5bdc0ba7addd9b.jpeg",
      "price": 265,
      "menuName": "Thickshake With Vanicream",
      "categoryName": "",
      "slugs": [
        "veg",
        "restaurant-recommended",
        "goods",
        "delivery-enabled",
        "delivery-enabled",
        "veg",
        "restaurant-recommended",
        "goods",
        "veg"
      ]
    },
    {
      "name": "Kaju Badam Ts With Vanicream",
      "description": "Enjoy The Nutrients With Kaju Badam Thickshake With Vanilla Beans Icecream",
      "media": "https://b.zmtcdn.com/data/dish_photos/e49/d49a06dfce7c0d8b2f77f40f73d28e49.jpeg",
      "price": 265,
      "menuName": "Thickshake With Vanicream",
      "categoryName": "",
      "slugs": [
        "veg",
        "goods",
        "delivery-enabled",
        "delivery-enabled",
        "veg",
        "goods",
        "veg"
      ]
    },
    {
      "name": "Kaju Gulkand Ts With Vanicream",
      "description": "Enjoy The Twist - Kaju Gulkand Thickshake With Vanilla Beans Icecream",
      "media": "https://b.zmtcdn.com/data/dish_photos/9a1/6ae0a37fbafec69f4cd0b82eca74b9a1.jpeg",
      "price": 265,
      "menuName": "Thickshake With Vanicream",
      "categoryName": "",
      "slugs": [
        "veg",
        "goods",
        "delivery-enabled",
        "delivery-enabled",
        "veg",
        "goods",
        "veg"
      ]
    },
    {
      "name": "Kesar Elaichi With Vanicream",
      "description": "The Cooler - Kesar Elaichi Thickshake With Vanilla Beans Icecream",
      "media": "https://b.zmtcdn.com/data/dish_photos/4ea/768408d01489baf4767d5dca0ab5e4ea.jpeg",
      "price": 210,
      "menuName": "Thickshake With Vanicream",
      "categoryName": "",
      "slugs": [
        "veg",
        "goods",
        "delivery-enabled",
        "delivery-enabled",
        "veg",
        "goods",
        "veg"
      ]
    },
    {
      "name": "Kit Kat Ts With Vanicream",
      "description": "Enjoy Your Break - Kitkat Thickshake With Vanilla Beans Icecream",
      "media": "https://b.zmtcdn.com/data/dish_photos/8a6/373bb168f052ff11afc278556ebda8a6.jpeg",
      "price": 265,
      "menuName": "Thickshake With Vanicream",
      "categoryName": "",
      "slugs": [
        "veg",
        "goods",
        "delivery-enabled",
        "delivery-enabled",
        "veg",
        "goods",
        "veg"
      ]
    },
    {
      "name": "Oreo Ts With Vanicream",
      "description": "The Delicious Chocolaty - Oreo Thickshake With Vanilla Beans Icecream",
      "media": "https://b.zmtcdn.com/data/dish_photos/1ef/b97dff4834394ba291c0e538d94631ef.jpeg",
      "price": 265,
      "menuName": "Thickshake With Vanicream",
      "categoryName": "",
      "slugs": [
        "veg",
        "goods",
        "delivery-enabled",
        "delivery-enabled",
        "veg",
        "goods",
        "veg"
      ]
    },
    {
      "name": "Pineapple Fresh Ts With Vanicream",
      "description": "Enjoy The Freshness With Pineapple Thickshake With Vanilla Beans Icecream",
      "media": "https://b.zmtcdn.com/data/dish_photos/2e4/ddcbc6d5524929890d47e67904bbc2e4.jpeg",
      "price": 210,
      "menuName": "Thickshake With Vanicream",
      "categoryName": "",
      "slugs": [
        "veg",
        "goods",
        "delivery-enabled",
        "delivery-enabled",
        "veg",
        "goods",
        "veg"
      ]
    },
    {
      "name": "Mango With Vanicream",
      "description": "The Goodness Of Mango Thickshake With Vanilla Beans Icecream",
      "media": "https://b.zmtcdn.com/data/dish_photos/964/d902e32f6ce747b89258503a3a32a964.jpeg",
      "price": 225,
      "menuName": "Thickshake With Vanicream",
      "categoryName": "",
      "slugs": [
        "veg",
        "goods",
        "delivery-enabled",
        "delivery-enabled",
        "veg",
        "goods",
        "veg"
      ]
    },
    {
      "name": "Roasted Almond Anjeer Ts With Vanicream",
      "description": "Blend Of Taste & Health - Roasted Almond Anjeer Thickshake With Vanilla Beans Icecream",
      "media": "https://b.zmtcdn.com/data/dish_photos/7cb/3c535ac5c1be7ab1aa5bfca60021d7cb.jpeg",
      "price": 265,
      "menuName": "Thickshake With Vanicream",
      "categoryName": "",
      "slugs": [
        "veg",
        "goods",
        "delivery-enabled",
        "delivery-enabled",
        "veg",
        "goods",
        "veg"
      ]
    },
    {
      "name": "Royal Kesar Pista Ts With Vanicream",
      "description": "Our Best Seller - Royal Kesar Pista Thickshake With Vanilla Beans Icecream",
      "media": "https://b.zmtcdn.com/data/dish_photos/791/cd6ed6675e228321d43bc9aa67402791.jpeg",
      "price": 265,
      "menuName": "Thickshake With Vanicream",
      "categoryName": "",
      "slugs": [
        "veg",
        "goods",
        "delivery-enabled",
        "delivery-enabled",
        "veg",
        "goods",
        "veg"
      ]
    },
    {
      "name": "Shahi Gulab With Vanicream",
      "description": "The Cool - Shahi Gulab Thickshake With Vanilla Beans Icecream",
      "media": "https://b.zmtcdn.com/data/dish_photos/a99/5095c121a0a0b6ed810c855793adea99.jpeg",
      "price": 210,
      "menuName": "Thickshake With Vanicream",
      "categoryName": "",
      "slugs": [
        "veg",
        "goods",
        "delivery-enabled",
        "delivery-enabled",
        "veg",
        "goods",
        "veg"
      ]
    },
    {
      "name": "Strawberry Nuts Ts With Vanicream",
      "description": "Enjoy The Taste With Strawberry Nuts Thickshake With Vanilla Beans Icecream",
      "media": "https://b.zmtcdn.com/data/dish_photos/2af/429edc97b2d18f62f85ca2fdc6bb32af.jpeg",
      "price": 265,
      "menuName": "Thickshake With Vanicream",
      "categoryName": "",
      "slugs": [
        "veg",
        "goods",
        "delivery-enabled",
        "delivery-enabled",
        "veg",
        "goods",
        "veg"
      ]
    },
    {
      "name": "Strawberry Ts With Vanicream",
      "description": "Quench The Thirst - Strawberry Thickshake With Vanilla Beans Icecream",
      "media": "https://b.zmtcdn.com/data/dish_photos/670/c180a3e07074a5a8424a297827083670.jpeg",
      "price": 225,
      "menuName": "Thickshake With Vanicream",
      "categoryName": "",
      "slugs": [
        "veg",
        "goods",
        "delivery-enabled",
        "delivery-enabled",
        "veg",
        "goods",
        "veg"
      ]
    },
    {
      "name": "Vanila With Vanicream",
      "description": "Enjoy Delicious - Vanilla Thickshake With Vanilla Beans Icecream",
      "media": "https://b.zmtcdn.com/data/dish_photos/466/1773df8aae21da0b66c019295dc67466.jpeg",
      "price": 210,
      "menuName": "Thickshake With Vanicream",
      "categoryName": "",
      "slugs": [
        "veg",
        "goods",
        "delivery-enabled",
        "delivery-enabled",
        "veg",
        "goods",
        "veg"
      ]
    },
    {
      "name": "American Nuts Slice",
      "description": "Creamy Ice-cream Blended With Jelly And Nuts , 125 Ml - 377.60 Kcal",
      "media": "https://b.zmtcdn.com/data/dish_photos/4b1/d9958c45a718ce438e64efea56f504b1.png",
      "price": 85,
      "menuName": "Icecreams",
      "categoryName": "Slice",
      "slugs": [
        "veg",
        "goods",
        "sf-no-onion",
        "sf-no-garlic",
        "sf-kid-friendly",
        "sf-not-vegan",
        "delivery-enabled",
        "delivery-enabled",
        "veg",
        "goods",
        "sf-no-onion",
        "sf-no-garlic",
        "sf-kid-friendly",
        "sf-not-vegan",
        "veg"
      ]
    },
    {
      "name": "Butter Scotch Slice",
      "description": "Smooth Butterscotch Ice-cream , 125 Ml - 305.00 Kcal",
      "media": "https://b.zmtcdn.com/data/dish_photos/9d0/8a037818038563a3a05fcf28d34929d0.png",
      "price": 85,
      "menuName": "Icecreams",
      "categoryName": "Slice",
      "slugs": [
        "veg",
        "goods",
        "sf-no-onion",
        "sf-no-garlic",
        "sf-kid-friendly",
        "sf-not-vegan",
        "delivery-enabled",
        "delivery-enabled",
        "veg",
        "goods",
        "sf-no-onion",
        "sf-no-garlic",
        "sf-kid-friendly",
        "sf-not-vegan",
        "veg"
      ]
    },
    {
      "name": "Chocolate Chips Slice",
      "description": "Premium Chocolate Icecream Blended With Chocolate Chips , 125 Ml - 296.20 Kcal",
      "media": "https://b.zmtcdn.com/data/dish_photos/0ac/c78afd58aa621ea76785850ac6b390ac.jpeg",
      "price": 85,
      "menuName": "Icecreams",
      "categoryName": "Slice",
      "slugs": [
        "veg",
        "goods",
        "sf-no-onion",
        "sf-no-garlic",
        "sf-kid-friendly",
        "delivery-enabled",
        "delivery-enabled",
        "veg",
        "goods",
        "sf-no-onion",
        "sf-no-garlic",
        "sf-kid-friendly",
        "veg"
      ]
    },
    {
      "name": "Cream N Cookies Slice",
      "description": "Premium Icecream With Cookies , 125 Ml - 337.50 Kcal",
      "media": "https://b.zmtcdn.com/data/dish_photos/25f/dcc9ad6081e89622775ab7976167e25f.png",
      "price": 125,
      "menuName": "Icecreams",
      "categoryName": "Slice",
      "slugs": [
        "veg",
        "goods",
        "sf-no-onion",
        "sf-no-garlic",
        "sf-kid-friendly",
        "sf-not-vegan",
        "delivery-enabled",
        "delivery-enabled",
        "veg",
        "goods",
        "sf-no-onion",
        "sf-no-garlic",
        "sf-kid-friendly",
        "sf-not-vegan",
        "veg"
      ]
    },
    {
      "name": "Dark Chocolate Slice",
      "description": "Premium Dark Chocolate Ice-cream , 125 Ml - 270.00 Kcal",
      "media": "https://b.zmtcdn.com/data/dish_photos/3fb/a988d7335a18134382dd675f89dac3fb.png",
      "price": 99,
      "menuName": "Icecreams",
      "categoryName": "Slice",
      "slugs": [
        "veg",
        "goods",
        "sf-no-onion",
        "sf-no-garlic",
        "sf-kid-friendly",
        "sf-not-vegan",
        "delivery-enabled",
        "delivery-enabled",
        "veg",
        "goods",
        "sf-no-onion",
        "sf-no-garlic",
        "sf-kid-friendly",
        "sf-not-vegan",
        "veg"
      ]
    },
    {
      "name": "Dry Fruits Slice",
      "description": "Tasty And Nutty Dry Fruit Ice-cream , 125 Ml - 359.00 Kcal",
      "media": "https://b.zmtcdn.com/data/dish_photos/e3b/5e0c87dd3696b4b8dd717958141a7e3b.png",
      "price": 99,
      "menuName": "Icecreams",
      "categoryName": "Slice",
      "slugs": [
        "veg",
        "goods",
        "sf-no-onion",
        "sf-no-garlic",
        "sf-kid-friendly",
        "sf-not-vegan",
        "delivery-enabled",
        "delivery-enabled",
        "veg",
        "goods",
        "sf-no-onion",
        "sf-no-garlic",
        "sf-kid-friendly",
        "sf-not-vegan",
        "veg"
      ]
    },
    {
      "name": "Kaju Anjeer Slice",
      "description": "Rich Kaju Anjeer Ice-cream , 125 Ml - 310.00 Kcal",
      "media": "https://b.zmtcdn.com/data/dish_photos/280/957cd154b813a67b11ba71e820e49280.png",
      "price": 99,
      "menuName": "Icecreams",
      "categoryName": "Slice",
      "slugs": [
        "veg",
        "goods",
        "sf-no-onion",
        "sf-no-garlic",
        "sf-kid-friendly",
        "sf-not-vegan",
        "delivery-enabled",
        "delivery-enabled",
        "veg",
        "goods",
        "sf-no-onion",
        "sf-no-garlic",
        "sf-kid-friendly",
        "sf-not-vegan",
        "veg"
      ]
    },
    {
      "name": "Kaju Gulkand Slice",
      "description": "The Cool Kaju Gulkand Ice-cream , 125 Ml - 295.00 Kcal",
      "media": "https://b.zmtcdn.com/data/dish_photos/ee9/69a785d2312b8c2a0c9dc2415d300ee9.png",
      "price": 85,
      "menuName": "Icecreams",
      "categoryName": "Slice",
      "slugs": [
        "veg",
        "goods",
        "sf-no-onion",
        "sf-no-garlic",
        "sf-kid-friendly",
        "sf-not-vegan",
        "delivery-enabled",
        "delivery-enabled",
        "veg",
        "goods",
        "sf-no-onion",
        "sf-no-garlic",
        "sf-kid-friendly",
        "sf-not-vegan",
        "veg"
      ]
    },
    {
      "name": "Kesar Rajbhog Slice",
      "description": "Premium Rajbhog Ice-cream With Kesar And Nuts , 125 Ml - 311.45 Kcal",
      "media": "https://b.zmtcdn.com/data/dish_photos/acd/d539ae9061512cc1fab10e704bd74acd.png",
      "price": 99,
      "menuName": "Icecreams",
      "categoryName": "Slice",
      "slugs": [
        "veg",
        "goods",
        "sf-no-onion",
        "sf-no-garlic",
        "sf-kid-friendly",
        "sf-mithai",
        "sf-not-vegan",
        "delivery-enabled",
        "delivery-enabled",
        "veg",
        "goods",
        "sf-no-onion",
        "sf-no-garlic",
        "sf-kid-friendly",
        "sf-mithai",
        "sf-not-vegan",
        "veg"
      ]
    },
    {
      "name": "Mango Slice",
      "description": "Taste The Goodness Mango Ice-cream , 125 Ml - 270.00 Kcal",
      "media": "https://b.zmtcdn.com/data/dish_photos/a70/f3496984bf7040f165564325aea39a70.png",
      "price": 99,
      "menuName": "Icecreams",
      "categoryName": "Slice",
      "slugs": [
        "veg",
        "goods",
        "sf-no-onion",
        "sf-no-garlic",
        "sf-kid-friendly",
        "sf-not-vegan",
        "delivery-enabled",
        "delivery-enabled",
        "veg",
        "goods",
        "sf-no-onion",
        "sf-no-garlic",
        "sf-kid-friendly",
        "sf-not-vegan",
        "veg"
      ]
    },
    {
      "name": "Roasted Almond Chocolate Slice",
      "description": "Premium Roasted Almond Chocolate Ice-cream , 125 Ml - 327.50 Kcal",
      "media": "https://b.zmtcdn.com/data/dish_photos/f42/f3dd2fdaa3ec34b208653aeaa33e6f42.png",
      "price": 99,
      "menuName": "Icecreams",
      "categoryName": "Slice",
      "slugs": [
        "veg",
        "goods",
        "sf-no-onion",
        "sf-no-garlic",
        "sf-kid-friendly",
        "sf-not-vegan",
        "delivery-enabled",
        "delivery-enabled",
        "veg",
        "goods",
        "sf-no-onion",
        "sf-no-garlic",
        "sf-kid-friendly",
        "sf-not-vegan",
        "veg"
      ]
    },
    {
      "name": "Shahi Gulab Slice",
      "description": "Fresh Rose Ice-cream , 125 Ml - 220.00 Kcal",
      "media": "https://b.zmtcdn.com/data/dish_photos/76b/1a39ec4db51c5dcc48c1dd7b75a9d76b.png",
      "price": 70,
      "menuName": "Icecreams",
      "categoryName": "Slice",
      "slugs": [
        "veg",
        "goods",
        "sf-no-onion",
        "sf-no-garlic",
        "sf-kid-friendly",
        "sf-not-vegan",
        "delivery-enabled",
        "delivery-enabled",
        "veg",
        "goods",
        "sf-no-onion",
        "sf-no-garlic",
        "sf-kid-friendly",
        "sf-not-vegan",
        "veg"
      ]
    },
    {
      "name": "Strawberry Slice",
      "description": "Sweet Strawberry Ice-cream , 125 Ml - 270.00 Kcal",
      "media": "https://b.zmtcdn.com/data/dish_photos/2b2/7b31eb2b44455ed8ea6b1a7d2dc6d2b2.jpeg",
      "price": 370,
      "menuName": "Icecreams",
      "categoryName": "Slice",
      "slugs": [
        "veg",
        "goods",
        "sf-no-onion",
        "sf-no-garlic",
        "sf-kid-friendly",
        "sf-not-vegan",
        "delivery-enabled",
        "delivery-enabled",
        "veg",
        "goods",
        "sf-no-onion",
        "sf-no-garlic",
        "sf-kid-friendly",
        "sf-not-vegan",
        "veg"
      ]
    },
    {
      "name": "Sugar Free Anjeer Slice",
      "description": "Sugarfree Anjeer Ice-cream , 125 Ml - 205.47 Kcal",
      "media": "https://b.zmtcdn.com/data/dish_photos/150/529e8d256b2085bbdc3f32708dcfd150.png",
      "price": 99,
      "menuName": "Icecreams",
      "categoryName": "Slice",
      "slugs": [
        "veg",
        "goods",
        "sf-no-onion",
        "sf-no-garlic",
        "sf-kid-friendly",
        "sf-not-vegan",
        "delivery-enabled",
        "delivery-enabled",
        "veg",
        "goods",
        "sf-no-onion",
        "sf-no-garlic",
        "sf-kid-friendly",
        "sf-not-vegan",
        "veg"
      ]
    },
    {
      "name": "Sugar Free Kaju Khajur Slice",
      "description": "Sugarfree Kaju Khajur Ice-cream , 125 Ml - 254.72 Kcal",
      "media": "https://b.zmtcdn.com/data/dish_photos/156/8ad503e3ca0bb0caa8c101adfa8db156.png",
      "price": 99,
      "menuName": "Icecreams",
      "categoryName": "Slice",
      "slugs": [
        "veg",
        "goods",
        "sf-no-onion",
        "sf-no-garlic",
        "sf-kid-friendly",
        "sf-not-vegan",
        "delivery-enabled",
        "delivery-enabled",
        "veg",
        "goods",
        "sf-no-onion",
        "sf-no-garlic",
        "sf-kid-friendly",
        "sf-not-vegan",
        "veg"
      ]
    },
    {
      "name": "Sugar Free Roasted Almond Slice",
      "description": "Sugarfree Roasted Almond Ice-cream , 125 Ml - 227.51 Kcal",
      "media": "https://b.zmtcdn.com/data/dish_photos/81e/ffcefe725b77abfd7ea3cff6c507981e.png",
      "price": 99,
      "menuName": "Icecreams",
      "categoryName": "Slice",
      "slugs": [
        "veg",
        "goods",
        "sf-no-onion",
        "sf-no-garlic",
        "sf-kid-friendly",
        "sf-not-vegan",
        "delivery-enabled",
        "delivery-enabled",
        "veg",
        "goods",
        "sf-no-onion",
        "sf-no-garlic",
        "sf-kid-friendly",
        "sf-not-vegan",
        "veg"
      ]
    },
    {
      "name": "Swiss Cake Slice",
      "description": "Soulful Combination Of Praline, Cake Bits, Black Currant With A Hint Of Chocolate , 125 Ml - 326.00 Kcal",
      "media": "https://b.zmtcdn.com/data/dish_photos/1a5/012e9bc89da20f9efc099b03b09581a5.png",
      "price": 85,
      "menuName": "Icecreams",
      "categoryName": "Slice",
      "slugs": [
        "veg",
        "goods",
        "sf-no-onion",
        "sf-no-garlic",
        "sf-kid-friendly",
        "delivery-enabled",
        "delivery-enabled",
        "veg",
        "goods",
        "sf-no-onion",
        "sf-no-garlic",
        "sf-kid-friendly",
        "veg"
      ]
    },
    {
      "name": "Vanilla Slice",
      "description": "Premium Vanilla Ice-cream , 125 Ml - 252.00 Kcal",
      "media": "https://b.zmtcdn.com/data/dish_photos/41c/d695a016ecfcae2cacffca47c029541c.png",
      "price": 70,
      "menuName": "Icecreams",
      "categoryName": "Slice",
      "slugs": [
        "veg",
        "goods",
        "sf-no-onion",
        "sf-no-garlic",
        "sf-kid-friendly",
        "sf-not-vegan",
        "delivery-enabled",
        "delivery-enabled",
        "veg",
        "goods",
        "sf-no-onion",
        "sf-no-garlic",
        "sf-kid-friendly",
        "sf-not-vegan",
        "veg"
      ]
    },
    {
      "name": "Gulaabri Slice",
      "description": "",
      "media": "https://b.zmtcdn.com/data/dish_photos/6c5/c9cb8fcf1f9201fc75c40472d25116c5.png",
      "price": 65,
      "menuName": "Ice Mithai",
      "categoryName": "",
      "slugs": [
        "veg",
        "goods",
        "sf-mithai",
        "delivery-enabled",
        "delivery-enabled",
        "veg",
        "goods",
        "sf-mithai",
        "veg"
      ]
    },
    {
      "name": "Coco Crunch",
      "description": "Coco Topped With Chocolate Chips , 240 Ml - 411.69 Kcal",
      "media": "https://b.zmtcdn.com/data/dish_photos/470/99f43e5d40b56482783b4b2e1cc8c470.jpeg",
      "price": 170,
      "menuName": "Coco",
      "categoryName": "Rich Coco",
      "slugs": [
        "veg",
        "goods",
        "delivery-enabled",
        "delivery-enabled",
        "veg",
        "goods",
        "veg"
      ]
    },
    {
      "name": "Dnd Coco",
      "description": "Creamy Coco Drink, Comes In A Sipper Bottle , 475 Ml - 608.00 Kcal",
      "media": "https://b.zmtcdn.com/data/dish_photos/35a/8b84b203b1e791b984a7d8e537f1535a.jpeg",
      "price": 240,
      "menuName": "Coco",
      "categoryName": "Rich Coco",
      "slugs": [
        "veg",
        "restaurant-recommended",
        "goods",
        "delivery-enabled",
        "delivery-enabled",
        "veg",
        "restaurant-recommended",
        "goods",
        "veg"
      ]
    },
    {
      "name": "Kaju Coco",
      "description": "Coco Topped With Cashew Nuts , 240 Ml - 417.80 Kcal",
      "media": "https://b.zmtcdn.com/data/dish_photos/6c7/ba241f95757681500c9e11ca9115b6c7.jpeg",
      "price": 170,
      "menuName": "Coco",
      "categoryName": "Rich Coco",
      "slugs": [
        "veg",
        "goods",
        "delivery-enabled",
        "delivery-enabled",
        "veg",
        "goods",
        "veg"
      ]
    },
    {
      "name": "Kitkat Coco",
      "description": "Coco Topped With Kitkat , 240 Ml - 407.60 Kcal",
      "media": null,
      "price": 170,
      "menuName": "Coco",
      "categoryName": "Rich Coco",
      "slugs": [
        "veg",
        "restaurant-recommended",
        "goods",
        "delivery-enabled",
        "delivery-enabled",
        "veg",
        "restaurant-recommended",
        "goods",
        "veg"
      ]
    },
    {
      "name": "Rich Coco",
      "description": "Smooth Creamy Coco , 240ml - 307.20 Kcal",
      "media": "https://b.zmtcdn.com/data/dish_photos/b4e/a3939ab0622f6b412196af5dfce0bb4e.jpeg",
      "price": 120,
      "menuName": "Coco",
      "categoryName": "Rich Coco",
      "slugs": [
        "veg",
        "goods",
        "delivery-enabled",
        "delivery-enabled",
        "veg",
        "goods",
        "veg"
      ]
    },
    {
      "name": "Anjeer Scoop",
      "description": "Flavourful Anjeer Scoop , 80g - 112.80 Kcal",
      "media": "https://b.zmtcdn.com/data/dish_photos/b62/0bbf68da52f745ae4f0582bb2bdbdb62.png",
      "price": 110,
      "menuName": "Gelato",
      "categoryName": "Scoop",
      "slugs": [
        "veg",
        "goods",
        "sf-no-onion",
        "sf-no-garlic",
        "sf-kid-friendly",
        "delivery-enabled",
        "delivery-enabled",
        "veg",
        "goods",
        "sf-no-onion",
        "sf-no-garlic",
        "sf-kid-friendly",
        "veg"
      ]
    },
    {
      "name": "Belgium Chocolate Scoop",
      "description": "Sinful Chocolate Gelato Scoop80g - 120.00 Kcal",
      "media": "https://b.zmtcdn.com/data/dish_photos/696/6de1e74c05f595ad4b98f9635ed02696.png",
      "price": 110,
      "menuName": "Gelato",
      "categoryName": "Scoop",
      "slugs": [
        "veg",
        "goods",
        "sf-no-onion",
        "sf-no-garlic",
        "sf-kid-friendly",
        "delivery-enabled",
        "delivery-enabled",
        "veg",
        "goods",
        "sf-no-onion",
        "sf-no-garlic",
        "sf-kid-friendly",
        "veg"
      ]
    },
    {
      "name": "Bubbly Scoop",
      "description": "Taste Nostalgia With Bubblegum Gelato Scoop80g - 116.80 Kcal",
      "media": null,
      "price": 125,
      "menuName": "Gelato",
      "categoryName": "Scoop",
      "slugs": [
        "veg",
        "goods",
        "sf-no-onion",
        "sf-no-garlic",
        "sf-kid-friendly",
        "delivery-enabled",
        "delivery-enabled",
        "veg",
        "goods",
        "sf-no-onion",
        "sf-no-garlic",
        "sf-kid-friendly",
        "veg"
      ]
    },
    {
      "name": "Strawberry Scoop",
      "description": "Luscious Strawberry Scoop80g - 109.60 Kcal",
      "media": null,
      "price": 125,
      "menuName": "Gelato",
      "categoryName": "Scoop",
      "slugs": [
        "veg",
        "goods",
        "sf-no-onion",
        "sf-no-garlic",
        "sf-kid-friendly",
        "delivery-enabled",
        "delivery-enabled",
        "veg",
        "goods",
        "sf-no-onion",
        "sf-no-garlic",
        "sf-kid-friendly",
        "veg"
      ]
    },
    {
      "name": "Caramel Walnut Scoop",
      "description": "Caramel Icecream Blended With Walnuts80g - 126.40 Kcal",
      "media": "https://b.zmtcdn.com/data/dish_photos/fc0/ae2f5c1d8335d66db8a2ac5593894fc0.png",
      "price": 140,
      "menuName": "Gelato",
      "categoryName": "Scoop",
      "slugs": [
        "veg",
        "goods",
        "sf-no-onion",
        "sf-no-garlic",
        "sf-kid-friendly",
        "delivery-enabled",
        "delivery-enabled",
        "veg",
        "goods",
        "sf-no-onion",
        "sf-no-garlic",
        "sf-kid-friendly",
        "veg"
      ]
    },
    {
      "name": "Chocolate Fudge Brownie Scoop",
      "description": "Creamy Chocolate Blended With Bits Of Brownie80g - 129.60 Kcal",
      "media": "https://b.zmtcdn.com/data/dish_photos/0e9/2ca1391e33c257818176342d007f70e9.png",
      "price": 140,
      "menuName": "Gelato",
      "categoryName": "Scoop",
      "slugs": [
        "veg",
        "restaurant-recommended",
        "goods",
        "sf-no-onion",
        "sf-no-garlic",
        "sf-kid-friendly",
        "delivery-enabled",
        "delivery-enabled",
        "veg",
        "restaurant-recommended",
        "goods",
        "sf-no-onion",
        "sf-no-garlic",
        "sf-kid-friendly",
        "veg"
      ]
    },
    {
      "name": "Extra Dark Scoop",
      "description": "Irresistible Extra Dark Scoop80g - 131.20 Kcal",
      "media": "https://b.zmtcdn.com/data/dish_photos/462/989466167bfaf08cf4fd99e113a76462.jpeg",
      "price": 170,
      "menuName": "Gelato",
      "categoryName": "Scoop",
      "slugs": [
        "veg",
        "goods",
        "sf-no-onion",
        "sf-no-garlic",
        "sf-kid-friendly",
        "delivery-enabled",
        "delivery-enabled",
        "veg",
        "goods",
        "sf-no-onion",
        "sf-no-garlic",
        "sf-kid-friendly",
        "veg"
      ]
    },
    {
      "name": "French Vanilla Scoop",
      "description": "Iconic French Vanilla Made With Vanilla Beans! , 80g - 112.80 Kcal",
      "media": "https://b.zmtcdn.com/data/dish_photos/f7f/80911beafc3c23b250deb1811fda0f7f.jpeg",
      "price": 110,
      "menuName": "Gelato",
      "categoryName": "Scoop",
      "slugs": [
        "veg",
        "goods",
        "sf-no-onion",
        "sf-no-garlic",
        "sf-kid-friendly",
        "delivery-enabled",
        "delivery-enabled",
        "veg",
        "goods",
        "sf-no-onion",
        "sf-no-garlic",
        "sf-kid-friendly",
        "veg"
      ]
    },
    {
      "name": "Mango N Strawberry Scoop",
      "description": "Savoring The Droolworthy Combination Of Mango And Strawberry , 80g - 105.60 Kcal",
      "media": "https://b.zmtcdn.com/data/dish_photos/8dd/a2e404bab8c8cefb5eb17a91a23518dd.png",
      "price": 125,
      "menuName": "Gelato",
      "categoryName": "Scoop",
      "slugs": [
        "veg",
        "goods",
        "sf-no-onion",
        "sf-no-garlic",
        "sf-kid-friendly",
        "delivery-enabled",
        "delivery-enabled",
        "veg",
        "goods",
        "sf-no-onion",
        "sf-no-garlic",
        "sf-kid-friendly",
        "veg"
      ]
    },
    {
      "name": "Mango Scoop",
      "description": "Luscious Mango Scoop , 80g - 109.60 Kcal",
      "media": "https://b.zmtcdn.com/data/dish_photos/ea7/cec4432876726a7ab974c2d7fd21cea7.jpg",
      "price": 110,
      "menuName": "Gelato",
      "categoryName": "Scoop",
      "slugs": [
        "veg",
        "goods",
        "sf-no-onion",
        "sf-no-garlic",
        "sf-kid-friendly",
        "delivery-enabled",
        "delivery-enabled",
        "veg",
        "goods",
        "sf-no-onion",
        "sf-no-garlic",
        "sf-kid-friendly",
        "veg"
      ]
    },
    {
      "name": "Naariyal Paani Scoop",
      "description": "Vegan And Healthy Sorbet Made With Coconut Water And Coconut Malai80g - 164.00 Kcal",
      "media": null,
      "price": 170,
      "menuName": "Gelato",
      "categoryName": "Scoop",
      "slugs": [
        "veg",
        "goods",
        "sf-vegan",
        "sf-no-onion",
        "sf-no-garlic",
        "sf-kid-friendly",
        "delivery-enabled",
        "delivery-enabled",
        "veg",
        "goods",
        "sf-vegan",
        "sf-no-onion",
        "sf-no-garlic",
        "sf-kid-friendly",
        "veg"
      ]
    },
    {
      "name": "New York Cheesecake Scoop",
      "description": "An English Retreat With A Hint Of Cheese Blended With Wildberry Paste80g - 200.00 Kcal",
      "media": null,
      "price": 170,
      "menuName": "Gelato",
      "categoryName": "Scoop",
      "slugs": [
        "veg",
        "goods",
        "sf-no-onion",
        "sf-no-garlic",
        "sf-kid-friendly",
        "sf-not-vegan",
        "delivery-enabled",
        "delivery-enabled",
        "veg",
        "goods",
        "sf-no-onion",
        "sf-no-garlic",
        "sf-kid-friendly",
        "sf-not-vegan",
        "veg"
      ]
    },
    {
      "name": "Paan Masala Scoop",
      "description": "The Indian Treat - Paan Masala With A Smooth Mouthfeel! , 80g - 117.60 Kcal",
      "media": null,
      "price": 110,
      "menuName": "Gelato",
      "categoryName": "Scoop",
      "slugs": [
        "veg",
        "goods",
        "sf-no-onion",
        "sf-no-garlic",
        "sf-kid-friendly",
        "delivery-enabled",
        "delivery-enabled",
        "veg",
        "goods",
        "sf-no-onion",
        "sf-no-garlic",
        "sf-kid-friendly",
        "veg"
      ]
    },
    {
      "name": "Strawberry Cheesecake Scoop",
      "description": "Strawberry Gelato Blended With Cake Bits With A Hint Of Cheese80g - 200.00 Kcal",
      "media": null,
      "price": 170,
      "menuName": "Gelato",
      "categoryName": "Scoop",
      "slugs": [
        "veg",
        "goods",
        "sf-no-onion",
        "sf-no-garlic",
        "sf-kid-friendly",
        "delivery-enabled",
        "delivery-enabled",
        "veg",
        "goods",
        "sf-no-onion",
        "sf-no-garlic",
        "sf-kid-friendly",
        "veg"
      ]
    },
    {
      "name": "Tender Coconut Scoop",
      "description": "Experience The Freshness Of Nature With Tender Coconut , 80g - 113.60 Kcal",
      "media": "https://b.zmtcdn.com/data/dish_photos/d52/24ce8b059db254d462bcdcc642707d52.jpeg",
      "price": 125,
      "menuName": "Gelato",
      "categoryName": "Scoop",
      "slugs": [
        "veg",
        "goods",
        "sf-no-onion",
        "sf-no-garlic",
        "sf-kid-friendly",
        "delivery-enabled",
        "delivery-enabled",
        "veg",
        "goods",
        "sf-no-onion",
        "sf-no-garlic",
        "sf-kid-friendly",
        "veg"
      ]
    },
    {
      "name": "Watermelon Sorbet Scoop",
      "description": "Vegan And Healthy Watermelon Sorbet80g - 152.00 Kcal",
      "media": "https://b.zmtcdn.com/data/dish_photos/7c4/e2803247af2684e575ea10aab98537c4.jpeg",
      "price": 125,
      "menuName": "Gelato",
      "categoryName": "Scoop",
      "slugs": [
        "veg",
        "restaurant-recommended",
        "goods",
        "sf-vegan",
        "sf-no-onion",
        "sf-no-garlic",
        "sf-kid-friendly",
        "delivery-enabled",
        "delivery-enabled",
        "veg",
        "restaurant-recommended",
        "goods",
        "sf-vegan",
        "sf-no-onion",
        "sf-no-garlic",
        "sf-kid-friendly",
        "veg"
      ]
    },
    {
      "name": "Chocolate Mastani",
      "description": "Premium And Creamy Chocolate Thickshake Topped With A Scoop Of Chocolate Gelato , 240 Ml - 401.95 Kcal",
      "media": null,
      "price": 240,
      "menuName": "Mastani",
      "categoryName": "",
      "slugs": [
        "veg",
        "goods",
        "delivery-enabled",
        "delivery-enabled",
        "veg",
        "goods",
        "veg"
      ]
    },
    {
      "name": "Mango Mastani",
      "description": "Premium And Creamy Mango Thickshake Topped With A Scoop Of Mango Gelato , 240 Ml - 396.75 Kcal",
      "media": "https://b.zmtcdn.com/data/dish_photos/e47/8fd3df0b713a392b021baf56d701be47.jpeg",
      "price": 240,
      "menuName": "Mastani",
      "categoryName": "",
      "slugs": [
        "veg",
        "goods",
        "delivery-enabled",
        "delivery-enabled",
        "veg",
        "goods",
        "veg"
      ]
    },
    {
      "name": "Strawberry Mastani",
      "description": "240 Ml - 396.75 Kcal",
      "media": "https://b.zmtcdn.com/data/dish_photos/16a/eb7878c399dcd2582f44df6b0d71016a.png",
      "price": 240,
      "menuName": "Mastani",
      "categoryName": "",
      "slugs": [
        "veg",
        "goods",
        "delivery-enabled",
        "delivery-enabled",
        "veg",
        "goods",
        "veg"
      ]
    },
    {
      "name": "Vanilla Mastani",
      "description": "Premium And Creamy Vanilla Thickshake Topped With A Scoop Of Vanila Gelato , 240 Ml - 398.35 Kcal",
      "media": "https://b.zmtcdn.com/data/dish_photos/cb8/978bc7ad261586af922dcd0f2e0f3cb8.png",
      "price": 210,
      "menuName": "Mastani",
      "categoryName": "",
      "slugs": [
        "veg",
        "goods",
        "delivery-enabled",
        "delivery-enabled",
        "veg",
        "goods",
        "veg"
      ]
    },
    {
      "name": "Mawa Malai Slice",
      "description": "Rich Mawa Malai Roll Slice , 125 Ml - 370.00 Kcal",
      "media": "https://b.zmtcdn.com/data/dish_photos/1b9/9a01126011e0270fc8f53ca0e8d101b9.png",
      "price": 100,
      "menuName": "Roll Cut",
      "categoryName": "",
      "slugs": [
        "veg",
        "goods",
        "sf-not-vegan",
        "delivery-enabled",
        "delivery-enabled",
        "veg",
        "goods",
        "sf-not-vegan",
        "veg"
      ]
    },
    {
      "name": "Rich Almond Roll Slice",
      "description": "Premium Rich Almond Roll Slice , 125 Ml - 343.75 Kcal",
      "media": "https://b.zmtcdn.com/data/dish_photos/34b/be261e0673ab519addafbd618d2d034b.jpeg",
      "price": 100,
      "menuName": "Roll Cut",
      "categoryName": "",
      "slugs": [
        "veg",
        "goods",
        "delivery-enabled",
        "delivery-enabled",
        "veg",
        "goods",
        "veg"
      ]
    },
    {
      "name": "Tambul Roll Slice",
      "description": "Authentic Indian Tambul Roll Slice , 125 Ml - 341.25 Kcal",
      "media": "https://b.zmtcdn.com/data/dish_photos/ffe/d4b13fb739282797946cf3c7a01f4ffe.png",
      "price": 100,
      "menuName": "Roll Cut",
      "categoryName": "",
      "slugs": [
        "veg",
        "goods",
        "delivery-enabled",
        "delivery-enabled",
        "veg",
        "goods",
        "veg"
      ]
    }
  ]
}