{
  "basicInfo": {
    "name": "Darshan Restaurant",
    "cuisine_string": "North Indian, Chinese, Fast Food, Ice Cream",
    "canonicalUrl": "https://www.zomato.com/surat/darshan-restaurant-katargam/order"
  },
  "ratings": {
    "DINING": {
      "rating_type": "DINING",
      "rating": "4.1",
      "reviewCount": "155",
      "reviewTextSmall": "155 Reviews",
      "subtext": "155 Dining Reviews",
      "color": "#1C1C1C",
      "ratingV2": "4.1",
      "subtitle": "DINING",
      "sideSubTitle": "Dining Ratings",
      "bgColorV2": {
        "type": "green",
        "tint": "700"
      },
      "newOnDining": false
    },
    "DELIVERY": {
      "rating_type": "DELIVERY",
      "rating": "4.2",
      "reviewCount": "3,098",
      "reviewTextSmall": "3,098 Reviews",
      "subtext": "3,098 Delivery Reviews",
      "color": "#E23744",
      "ratingV2": "4.2",
      "subtitle": "DELIVERY",
      "sideSubTitle": "Delivery Ratings",
      "bgColorV2": {
        "type": "green",
        "tint": "700"
      },
      "newOnDelivery": false
    }
  },
  "establishment": {
    "city_id": 38,
    "city_name": "Surat",
    "country_id": 1,
    "country_name": "India",
    "zipcode": "",
    "is_dark_kitchen": false,
    "locality_verbose": "Katargam, Surat",
    "latitude": "21.2257792041",
    "longitude": "72.8380958363",
    "static_map_url": "https://maps.zomato.com/php/staticmap?center=21.2257792041,72.8380958363&maptype=zomato&markers=21.2257792041,72.8380958363,pin_res32&sensor=false&scale=2&zoom=16&language=en&size=240x150&size=400x240",
    "address": "Opposite Lake Garden, Lake Garden Road, Faliya, Minaxi Wadi, Katargam, Surat",
    "is_phone_available": 1,
    "phoneDetails": {
      "title": "Phone Numbers",
      "phoneStr": "+919979911010"
    },
    "res_chain_text": "",
    "res_group_text": "",
    "res_chain_url": "",
    "res_group_url": "",
    "show_res_map": true
  },
  "items": [
    {
      "name": "Lemon Coriandar Soup",
      "description": "",
      "media": null,
      "price": 156,
      "menuName": "Soups",
      "categoryName": "",
      "slugs": [
        "veg",
        "services",
        "delivery-enabled",
        "delivery-enabled",
        "veg",
        "services",
        "veg"
      ]
    },
    {
      "name": "Lemon Coriander Soup",
      "description": "",
      "media": null,
      "price": 156,
      "menuName": "Soups",
      "categoryName": "",
      "slugs": [
        "veg",
        "services",
        "delivery-enabled",
        "delivery-enabled",
        "veg",
        "services",
        "veg"
      ]
    },
    {
      "name": "Minestrone Soup",
      "description": "",
      "media": null,
      "price": 156,
      "menuName": "Soups",
      "categoryName": "",
      "slugs": [
        "veg",
        "services",
        "delivery-enabled",
        "delivery-enabled",
        "veg",
        "services",
        "veg"
      ]
    },
    {
      "name": "Mushroom Soup",
      "description": "",
      "media": null,
      "price": 169,
      "menuName": "Soups",
      "categoryName": "",
      "slugs": [
        "veg",
        "services",
        "delivery-enabled",
        "delivery-enabled",
        "veg",
        "services",
        "veg"
      ]
    },
    {
      "name": "Tomato Soup",
      "description": "",
      "media": null,
      "price": 143,
      "menuName": "Soups",
      "categoryName": "",
      "slugs": [
        "veg",
        "services",
        "delivery-enabled",
        "delivery-enabled",
        "veg",
        "services",
        "veg"
      ]
    },
    {
      "name": "Veg Hot And Sour Soup",
      "description": "",
      "media": null,
      "price": 156,
      "menuName": "Soups",
      "categoryName": "",
      "slugs": [
        "veg",
        "services",
        "delivery-enabled",
        "delivery-enabled",
        "veg",
        "services",
        "veg"
      ]
    },
    {
      "name": "Veg Manchow Soup",
      "description": "",
      "media": null,
      "price": 156,
      "menuName": "Soups",
      "categoryName": "",
      "slugs": [
        "veg",
        "services",
        "delivery-enabled",
        "delivery-enabled",
        "veg",
        "services",
        "veg"
      ]
    },
    {
      "name": "Aloo Mutter",
      "description": "",
      "media": null,
      "price": 199,
      "menuName": "Main Course",
      "categoryName": "Veg Main Course",
      "slugs": [
        "veg",
        "home-style-meal",
        "services",
        "delivery-enabled",
        "delivery-enabled",
        "veg",
        "home-style-meal",
        "services",
        "veg"
      ]
    },
    {
      "name": "Aloo Palak",
      "description": "",
      "media": null,
      "price": 199,
      "menuName": "Main Course",
      "categoryName": "Veg Main Course",
      "slugs": [
        "veg",
        "home-style-meal",
        "services",
        "delivery-enabled",
        "delivery-enabled",
        "veg",
        "home-style-meal",
        "services",
        "veg"
      ]
    },
    {
      "name": "Bhindi Fry",
      "description": "",
      "media": null,
      "price": 208,
      "menuName": "Main Course",
      "categoryName": "Veg Main Course",
      "slugs": [
        "veg",
        "services",
        "delivery-enabled",
        "delivery-enabled",
        "veg",
        "services",
        "veg"
      ]
    },
    {
      "name": "Bhindi Masala",
      "description": "",
      "media": null,
      "price": 199,
      "menuName": "Main Course",
      "categoryName": "Veg Main Course",
      "slugs": [
        "veg",
        "services",
        "delivery-enabled",
        "delivery-enabled",
        "veg",
        "services",
        "veg"
      ]
    },
    {
      "name": "Chana Masala",
      "description": "",
      "media": null,
      "price": 199,
      "menuName": "Main Course",
      "categoryName": "Veg Main Course",
      "slugs": [
        "veg",
        "services",
        "delivery-enabled",
        "delivery-enabled",
        "veg",
        "services",
        "veg"
      ]
    },
    {
      "name": "Dal Fry",
      "description": "",
      "media": null,
      "price": 156,
      "menuName": "Main Course",
      "categoryName": "Veg Main Course",
      "slugs": [
        "veg",
        "services",
        "delivery-enabled",
        "delivery-enabled",
        "veg",
        "services",
        "veg"
      ]
    },
    {
      "name": "Dal Fry Butter",
      "description": "",
      "media": null,
      "price": 169,
      "menuName": "Main Course",
      "categoryName": "Veg Main Course",
      "slugs": [
        "veg",
        "services",
        "delivery-enabled",
        "delivery-enabled",
        "veg",
        "services",
        "veg"
      ]
    },
    {
      "name": "Dal Palak",
      "description": "",
      "media": null,
      "price": 182,
      "menuName": "Main Course",
      "categoryName": "Veg Main Course",
      "slugs": [
        "veg",
        "services",
        "delivery-enabled",
        "delivery-enabled",
        "veg",
        "services",
        "veg"
      ]
    },
    {
      "name": "Dal Tadka",
      "description": "",
      "media": null,
      "price": 169,
      "menuName": "Main Course",
      "categoryName": "Veg Main Course",
      "slugs": [
        "veg",
        "services",
        "delivery-enabled",
        "delivery-enabled",
        "veg",
        "services",
        "veg"
      ]
    },
    {
      "name": "Darshan Special Veg",
      "description": "[Chef's Special]",
      "media": null,
      "price": 234,
      "menuName": "Main Course",
      "categoryName": "Veg Main Course",
      "slugs": [
        "veg",
        "services",
        "delivery-enabled",
        "delivery-enabled",
        "veg",
        "services",
        "veg"
      ]
    },
    {
      "name": "Dum Aloo Punjabi",
      "description": "",
      "media": null,
      "price": 208,
      "menuName": "Main Course",
      "categoryName": "Veg Main Course",
      "slugs": [
        "veg",
        "services",
        "delivery-enabled",
        "delivery-enabled",
        "veg",
        "services",
        "veg"
      ]
    },
    {
      "name": "Jeera Aloo",
      "description": "",
      "media": null,
      "price": 199,
      "menuName": "Main Course",
      "categoryName": "Veg Main Course",
      "slugs": [
        "veg",
        "home-style-meal",
        "services",
        "delivery-enabled",
        "delivery-enabled",
        "veg",
        "home-style-meal",
        "services",
        "veg"
      ]
    },
    {
      "name": "Mix Vegetable",
      "description": "",
      "media": null,
      "price": 199,
      "menuName": "Main Course",
      "categoryName": "Veg Main Course",
      "slugs": [
        "veg",
        "services",
        "delivery-enabled",
        "delivery-enabled",
        "veg",
        "services",
        "veg"
      ]
    },
    {
      "name": "Mushroom Masala",
      "description": "",
      "media": null,
      "price": 260,
      "menuName": "Main Course",
      "categoryName": "Veg Main Course",
      "slugs": [
        "veg",
        "services",
        "delivery-enabled",
        "delivery-enabled",
        "veg",
        "services",
        "veg"
      ]
    },
    {
      "name": "Navratan Korma",
      "description": "",
      "media": null,
      "price": 234,
      "menuName": "Main Course",
      "categoryName": "Veg Main Course",
      "slugs": [
        "veg",
        "services",
        "delivery-enabled",
        "delivery-enabled",
        "veg",
        "services",
        "veg"
      ]
    },
    {
      "name": "Plain Palak",
      "description": "",
      "media": null,
      "price": 199,
      "menuName": "Main Course",
      "categoryName": "Veg Main Course",
      "slugs": [
        "veg",
        "services",
        "delivery-enabled",
        "delivery-enabled",
        "veg",
        "services",
        "veg"
      ]
    },
    {
      "name": "Stuff Tomato",
      "description": "",
      "media": null,
      "price": 208,
      "menuName": "Main Course",
      "categoryName": "Veg Main Course",
      "slugs": [
        "veg",
        "services",
        "delivery-enabled",
        "delivery-enabled",
        "veg",
        "services",
        "veg"
      ]
    },
    {
      "name": "Veg Balti",
      "description": "",
      "media": null,
      "price": 221,
      "menuName": "Main Course",
      "categoryName": "Veg Main Course",
      "slugs": [
        "veg",
        "services",
        "delivery-enabled",
        "delivery-enabled",
        "veg",
        "services",
        "veg"
      ]
    },
    {
      "name": "Veg Deewani Handi",
      "description": "",
      "media": null,
      "price": 221,
      "menuName": "Main Course",
      "categoryName": "Veg Main Course",
      "slugs": [
        "veg",
        "services",
        "delivery-enabled",
        "delivery-enabled",
        "veg",
        "services",
        "veg"
      ]
    },
    {
      "name": "Veg Handi",
      "description": "",
      "media": null,
      "price": 221,
      "menuName": "Main Course",
      "categoryName": "Veg Main Course",
      "slugs": [
        "veg",
        "services",
        "delivery-enabled",
        "delivery-enabled",
        "veg",
        "services",
        "veg"
      ]
    },
    {
      "name": "Veg Hydrabadi",
      "description": "",
      "media": null,
      "price": 221,
      "menuName": "Main Course",
      "categoryName": "Veg Main Course",
      "slugs": [
        "veg",
        "services",
        "delivery-enabled",
        "delivery-enabled",
        "veg",
        "services",
        "veg"
      ]
    },
    {
      "name": "Veg Jaipuri",
      "description": "",
      "media": null,
      "price": 221,
      "menuName": "Main Course",
      "categoryName": "Veg Main Course",
      "slugs": [
        "veg",
        "services",
        "delivery-enabled",
        "delivery-enabled",
        "veg",
        "services",
        "veg"
      ]
    },
    {
      "name": "Veg Kadai",
      "description": "",
      "media": null,
      "price": 221,
      "menuName": "Main Course",
      "categoryName": "Veg Main Course",
      "slugs": [
        "veg",
        "services",
        "delivery-enabled",
        "delivery-enabled",
        "veg",
        "services",
        "veg"
      ]
    },
    {
      "name": "Veg Kolhpuri",
      "description": "",
      "media": null,
      "price": 221,
      "menuName": "Main Course",
      "categoryName": "Veg Main Course",
      "slugs": [
        "veg",
        "services",
        "delivery-enabled",
        "delivery-enabled",
        "veg",
        "services",
        "veg"
      ]
    },
    {
      "name": "Veg Makhkhanwala",
      "description": "",
      "media": null,
      "price": 221,
      "menuName": "Main Course",
      "categoryName": "Veg Main Course",
      "slugs": [
        "veg",
        "services",
        "delivery-enabled",
        "delivery-enabled",
        "veg",
        "services",
        "veg"
      ]
    },
    {
      "name": "Veg Tawa",
      "description": "",
      "media": null,
      "price": 221,
      "menuName": "Main Course",
      "categoryName": "Veg Main Course",
      "slugs": [
        "veg",
        "services",
        "delivery-enabled",
        "delivery-enabled",
        "veg",
        "services",
        "veg"
      ]
    },
    {
      "name": "Veg Tufani",
      "description": "",
      "media": null,
      "price": 221,
      "menuName": "Main Course",
      "categoryName": "Veg Main Course",
      "slugs": [
        "veg",
        "services",
        "delivery-enabled",
        "delivery-enabled",
        "veg",
        "services",
        "veg"
      ]
    },
    {
      "name": "Vegetable Angara",
      "description": "",
      "media": null,
      "price": 221,
      "menuName": "Main Course",
      "categoryName": "Veg Main Course",
      "slugs": [
        "veg",
        "services",
        "delivery-enabled",
        "delivery-enabled",
        "veg",
        "services",
        "veg"
      ]
    },
    {
      "name": "Cheese Kofta",
      "description": "",
      "media": null,
      "price": 234,
      "menuName": "Main Course",
      "categoryName": "Kofta Main Course",
      "slugs": [
        "veg",
        "services",
        "delivery-enabled",
        "delivery-enabled",
        "veg",
        "services",
        "veg"
      ]
    },
    {
      "name": "Kaju Kofta",
      "description": "",
      "media": null,
      "price": 247,
      "menuName": "Main Course",
      "categoryName": "Kofta Main Course",
      "slugs": [
        "veg",
        "services",
        "delivery-enabled",
        "delivery-enabled",
        "veg",
        "services",
        "veg"
      ]
    },
    {
      "name": "Nargishi Kofta",
      "description": "",
      "media": null,
      "price": 221,
      "menuName": "Main Course",
      "categoryName": "Kofta Main Course",
      "slugs": [
        "veg",
        "services",
        "delivery-enabled",
        "delivery-enabled",
        "veg",
        "services",
        "veg"
      ]
    },
    {
      "name": "Paneer Kofta",
      "description": "",
      "media": null,
      "price": 221,
      "menuName": "Main Course",
      "categoryName": "Kofta Main Course",
      "slugs": [
        "veg",
        "services",
        "delivery-enabled",
        "delivery-enabled",
        "veg",
        "services",
        "veg"
      ]
    },
    {
      "name": "Sweet Malai Kofta",
      "description": "",
      "media": null,
      "price": 221,
      "menuName": "Main Course",
      "categoryName": "Kofta Main Course",
      "slugs": [
        "veg",
        "services",
        "delivery-enabled",
        "delivery-enabled",
        "veg",
        "services",
        "veg"
      ]
    },
    {
      "name": "Chana Paneer",
      "description": "",
      "media": null,
      "price": 234,
      "menuName": "Main Course",
      "categoryName": "Paneer Main Course",
      "slugs": [
        "veg",
        "services",
        "delivery-enabled",
        "delivery-enabled",
        "veg",
        "services",
        "veg"
      ]
    },
    {
      "name": "Cheese Butter Masala",
      "description": "",
      "media": null,
      "price": 273,
      "menuName": "Main Course",
      "categoryName": "Paneer Main Course",
      "slugs": [
        "veg",
        "services",
        "delivery-enabled",
        "delivery-enabled",
        "veg",
        "services",
        "veg"
      ]
    },
    {
      "name": "Darshan Special Paneer",
      "description": "[Chef's Special]",
      "media": null,
      "price": 258,
      "menuName": "Main Course",
      "categoryName": "Paneer Main Course",
      "slugs": [
        "veg",
        "services",
        "delivery-enabled",
        "delivery-enabled",
        "veg",
        "services",
        "veg"
      ]
    },
    {
      "name": "Mutter Paneer",
      "description": "",
      "media": null,
      "price": 234,
      "menuName": "Main Course",
      "categoryName": "Paneer Main Course",
      "slugs": [
        "veg",
        "services",
        "delivery-enabled",
        "delivery-enabled",
        "veg",
        "services",
        "veg"
      ]
    },
    {
      "name": "Palak Paneer",
      "description": "",
      "media": "https://b.zmtcdn.com/data/dish_photos/719/f9c9b55bfc04a770f696077bce226719.jpg",
      "price": 234,
      "menuName": "Main Course",
      "categoryName": "Paneer Main Course",
      "slugs": [
        "veg",
        "services",
        "delivery-enabled",
        "delivery-enabled",
        "veg",
        "services",
        "veg"
      ]
    },
    {
      "name": "Paneer Angara",
      "description": "",
      "media": null,
      "price": 247,
      "menuName": "Main Course",
      "categoryName": "Paneer Main Course",
      "slugs": [
        "veg",
        "services",
        "delivery-enabled",
        "delivery-enabled",
        "veg",
        "services",
        "veg"
      ]
    },
    {
      "name": "Paneer Balti",
      "description": "",
      "media": null,
      "price": 247,
      "menuName": "Main Course",
      "categoryName": "Paneer Main Course",
      "slugs": [
        "veg",
        "services",
        "delivery-enabled",
        "delivery-enabled",
        "veg",
        "services",
        "veg"
      ]
    },
    {
      "name": "Paneer Bhurji",
      "description": "",
      "media": null,
      "price": 258,
      "menuName": "Main Course",
      "categoryName": "Paneer Main Course",
      "slugs": [
        "veg",
        "services",
        "delivery-enabled",
        "delivery-enabled",
        "veg",
        "services",
        "veg"
      ]
    },
    {
      "name": "Paneer Butter Masala",
      "description": "",
      "media": "https://b.zmtcdn.com/data/dish_photos/01e/323e3682e49c500b34643c714cf5701e.jpg",
      "price": 247,
      "menuName": "Main Course",
      "categoryName": "Paneer Main Course",
      "slugs": [
        "veg",
        "services",
        "delivery-enabled",
        "delivery-enabled",
        "veg",
        "services",
        "veg"
      ]
    },
    {
      "name": "Paneer Chatpata",
      "description": "",
      "media": null,
      "price": 247,
      "menuName": "Main Course",
      "categoryName": "Paneer Main Course",
      "slugs": [
        "veg",
        "services",
        "delivery-enabled",
        "delivery-enabled",
        "veg",
        "services",
        "veg"
      ]
    },
    {
      "name": "Paneer Cheese Masala",
      "description": "",
      "media": null,
      "price": 258,
      "menuName": "Main Course",
      "categoryName": "Paneer Main Course",
      "slugs": [
        "veg",
        "services",
        "delivery-enabled",
        "delivery-enabled",
        "veg",
        "services",
        "veg"
      ]
    },
    {
      "name": "Paneer Handi",
      "description": "",
      "media": "https://b.zmtcdn.com/data/dish_photos/155/5de2714b4c092b74ca8aa76b9a10b155.jpg",
      "price": 247,
      "menuName": "Main Course",
      "categoryName": "Paneer Main Course",
      "slugs": [
        "veg",
        "services",
        "delivery-enabled",
        "delivery-enabled",
        "veg",
        "services",
        "veg"
      ]
    },
    {
      "name": "Paneer Hydrabadi",
      "description": "",
      "media": null,
      "price": 247,
      "menuName": "Main Course",
      "categoryName": "Paneer Main Course",
      "slugs": [
        "veg",
        "services",
        "delivery-enabled",
        "delivery-enabled",
        "veg",
        "services",
        "veg"
      ]
    },
    {
      "name": "Paneer Kadai Masala",
      "description": "",
      "media": null,
      "price": 247,
      "menuName": "Main Course",
      "categoryName": "Paneer Main Course",
      "slugs": [
        "veg",
        "services",
        "delivery-enabled",
        "delivery-enabled",
        "veg",
        "services",
        "veg"
      ]
    },
    {
      "name": "Paneer Masala",
      "description": "",
      "media": null,
      "price": 258,
      "menuName": "Main Course",
      "categoryName": "Paneer Main Course",
      "slugs": [
        "veg",
        "services",
        "delivery-enabled",
        "delivery-enabled",
        "veg",
        "services",
        "veg"
      ]
    },
    {
      "name": "Paneer Mushroom Masala",
      "description": "",
      "media": null,
      "price": 258,
      "menuName": "Main Course",
      "categoryName": "Paneer Main Course",
      "slugs": [
        "veg",
        "services",
        "delivery-enabled",
        "delivery-enabled",
        "veg",
        "services",
        "veg"
      ]
    },
    {
      "name": "Paneer Pasanda",
      "description": "",
      "media": null,
      "price": 258,
      "menuName": "Main Course",
      "categoryName": "Paneer Main Course",
      "slugs": [
        "veg",
        "services",
        "delivery-enabled",
        "delivery-enabled",
        "veg",
        "services",
        "veg"
      ]
    },
    {
      "name": "Paneer Shahi Korma",
      "description": "",
      "media": null,
      "price": 247,
      "menuName": "Main Course",
      "categoryName": "Paneer Main Course",
      "slugs": [
        "veg",
        "services",
        "delivery-enabled",
        "delivery-enabled",
        "veg",
        "services",
        "veg"
      ]
    },
    {
      "name": "Paneer Tawa",
      "description": "",
      "media": null,
      "price": 247,
      "menuName": "Main Course",
      "categoryName": "Paneer Main Course",
      "slugs": [
        "veg",
        "services",
        "delivery-enabled",
        "delivery-enabled",
        "veg",
        "services",
        "veg"
      ]
    },
    {
      "name": "Paneer Tikka Masala",
      "description": "",
      "media": "https://b.zmtcdn.com/data/dish_photos/67e/6ff97ee4ca8be80d314dc8dbf731567e.jpg",
      "price": 247,
      "menuName": "Main Course",
      "categoryName": "Paneer Main Course",
      "slugs": [
        "veg",
        "services",
        "delivery-enabled",
        "delivery-enabled",
        "veg",
        "services",
        "veg"
      ]
    },
    {
      "name": "Paneer Tufani",
      "description": "",
      "media": null,
      "price": 247,
      "menuName": "Main Course",
      "categoryName": "Paneer Main Course",
      "slugs": [
        "veg",
        "services",
        "delivery-enabled",
        "delivery-enabled",
        "veg",
        "services",
        "veg"
      ]
    },
    {
      "name": "Today Sp Cheese",
      "description": "",
      "media": null,
      "price": 299,
      "menuName": "Main Course",
      "categoryName": "Paneer Main Course",
      "slugs": [
        "veg",
        "services",
        "delivery-enabled",
        "delivery-enabled",
        "veg",
        "services",
        "veg"
      ]
    },
    {
      "name": "Kaju Badam Masala",
      "description": "",
      "media": null,
      "price": 325,
      "menuName": "Main Course",
      "categoryName": "Kamal Ke Kaju Main Course",
      "slugs": [
        "veg",
        "services",
        "delivery-enabled",
        "delivery-enabled",
        "veg",
        "services",
        "veg"
      ]
    },
    {
      "name": "Kaju Butter Masala",
      "description": "",
      "media": null,
      "price": 299,
      "menuName": "Main Course",
      "categoryName": "Kamal Ke Kaju Main Course",
      "slugs": [
        "veg",
        "services",
        "delivery-enabled",
        "delivery-enabled",
        "veg",
        "services",
        "veg"
      ]
    },
    {
      "name": "Kaju Curry",
      "description": "",
      "media": "https://b.zmtcdn.com/data/dish_photos/3fc/1fcc99e47496073c2b7bcbabdc8b23fc.jpg",
      "price": 266,
      "menuName": "Main Course",
      "categoryName": "Kamal Ke Kaju Main Course",
      "slugs": [
        "veg",
        "services",
        "delivery-enabled",
        "delivery-enabled",
        "veg",
        "services",
        "veg"
      ]
    },
    {
      "name": "Kaju Kadai Masala",
      "description": "",
      "media": null,
      "price": 266,
      "menuName": "Main Course",
      "categoryName": "Kamal Ke Kaju Main Course",
      "slugs": [
        "veg",
        "services",
        "delivery-enabled",
        "delivery-enabled",
        "veg",
        "services",
        "veg"
      ]
    },
    {
      "name": "Kaju Masala",
      "description": "",
      "media": null,
      "price": 286,
      "menuName": "Main Course",
      "categoryName": "Kamal Ke Kaju Main Course",
      "slugs": [
        "veg",
        "services",
        "delivery-enabled",
        "delivery-enabled",
        "veg",
        "services",
        "veg"
      ]
    },
    {
      "name": "Kaju Paneer Masala",
      "description": "",
      "media": null,
      "price": 260,
      "menuName": "Main Course",
      "categoryName": "Kamal Ke Kaju Main Course",
      "slugs": [
        "veg",
        "services",
        "delivery-enabled",
        "delivery-enabled",
        "veg",
        "services",
        "veg"
      ]
    },
    {
      "name": "Sweet Khoya Kaju",
      "description": "",
      "media": null,
      "price": 266,
      "menuName": "Main Course",
      "categoryName": "Kamal Ke Kaju Main Course",
      "slugs": [
        "veg",
        "services",
        "delivery-enabled",
        "delivery-enabled",
        "veg",
        "services",
        "veg"
      ]
    },
    {
      "name": "To.sp.cheese",
      "description": "",
      "media": null,
      "price": 325,
      "menuName": "Main Course",
      "categoryName": "Kamal Ke Kaju Main Course",
      "slugs": [
        "veg",
        "services",
        "delivery-enabled",
        "delivery-enabled",
        "veg",
        "services",
        "veg"
      ]
    },
    {
      "name": "Aloo Paratha",
      "description": "",
      "media": null,
      "price": 91,
      "menuName": "Breads",
      "categoryName": "",
      "slugs": [
        "veg",
        "home-style-meal",
        "services",
        "delivery-enabled",
        "delivery-enabled",
        "veg",
        "home-style-meal",
        "services",
        "veg"
      ]
    },
    {
      "name": "Butter Kulcha",
      "description": "",
      "media": null,
      "price": 52,
      "menuName": "Breads",
      "categoryName": "",
      "slugs": [
        "veg",
        "services",
        "delivery-enabled",
        "delivery-enabled",
        "veg",
        "services",
        "veg"
      ]
    },
    {
      "name": "Butter Naan",
      "description": "",
      "media": null,
      "price": 52,
      "menuName": "Breads",
      "categoryName": "",
      "slugs": [
        "veg",
        "services",
        "delivery-enabled",
        "delivery-enabled",
        "veg",
        "services",
        "veg"
      ]
    },
    {
      "name": "Butter Paratha",
      "description": "",
      "media": null,
      "price": 52,
      "menuName": "Breads",
      "categoryName": "",
      "slugs": [
        "veg",
        "services",
        "delivery-enabled",
        "delivery-enabled",
        "veg",
        "services",
        "veg"
      ]
    },
    {
      "name": "Butter Roti",
      "description": "",
      "media": "https://b.zmtcdn.com/data/dish_photos/eae/842d3ea5831cbe2482315d9915770eae.jpg",
      "price": 32,
      "menuName": "Breads",
      "categoryName": "",
      "slugs": [
        "veg",
        "home-style-meal",
        "services",
        "delivery-enabled",
        "delivery-enabled",
        "veg",
        "home-style-meal",
        "services",
        "veg"
      ]
    },
    {
      "name": "Cheese Garlic Naan",
      "description": "",
      "media": null,
      "price": 130,
      "menuName": "Breads",
      "categoryName": "",
      "slugs": [
        "veg",
        "services",
        "delivery-enabled",
        "delivery-enabled",
        "veg",
        "services",
        "veg"
      ]
    },
    {
      "name": "Cheese Naan",
      "description": "",
      "media": null,
      "price": 123,
      "menuName": "Breads",
      "categoryName": "",
      "slugs": [
        "veg",
        "services",
        "delivery-enabled",
        "delivery-enabled",
        "veg",
        "services",
        "veg"
      ]
    },
    {
      "name": "Garlic Naan",
      "description": "",
      "media": null,
      "price": 120,
      "menuName": "Breads",
      "categoryName": "",
      "slugs": [
        "veg",
        "services",
        "delivery-enabled",
        "delivery-enabled",
        "veg",
        "services",
        "veg"
      ]
    },
    {
      "name": "Plain Kulcha",
      "description": "",
      "media": null,
      "price": 52,
      "menuName": "Breads",
      "categoryName": "",
      "slugs": [
        "veg",
        "services",
        "delivery-enabled",
        "delivery-enabled",
        "veg",
        "services",
        "veg"
      ]
    },
    {
      "name": "Plain Naan",
      "description": "",
      "media": null,
      "price": 52,
      "menuName": "Breads",
      "categoryName": "",
      "slugs": [
        "veg",
        "services",
        "delivery-enabled",
        "delivery-enabled",
        "veg",
        "services",
        "veg"
      ]
    },
    {
      "name": "Plain Paratha",
      "description": "",
      "media": null,
      "price": 52,
      "menuName": "Breads",
      "categoryName": "",
      "slugs": [
        "veg",
        "services",
        "delivery-enabled",
        "delivery-enabled",
        "veg",
        "services",
        "veg"
      ]
    },
    {
      "name": "Plain Roti",
      "description": "",
      "media": null,
      "price": 32,
      "menuName": "Breads",
      "categoryName": "",
      "slugs": [
        "veg",
        "home-style-meal",
        "services",
        "delivery-enabled",
        "delivery-enabled",
        "veg",
        "home-style-meal",
        "services",
        "veg"
      ]
    },
    {
      "name": "Stuff Kulcha",
      "description": "",
      "media": null,
      "price": 104,
      "menuName": "Breads",
      "categoryName": "",
      "slugs": [
        "veg",
        "services",
        "delivery-enabled",
        "delivery-enabled",
        "veg",
        "services",
        "veg"
      ]
    },
    {
      "name": "Stuff Naan",
      "description": "",
      "media": null,
      "price": 128,
      "menuName": "Breads",
      "categoryName": "",
      "slugs": [
        "veg",
        "services",
        "delivery-enabled",
        "delivery-enabled",
        "veg",
        "services",
        "veg"
      ]
    },
    {
      "name": "Stuff Parotha",
      "description": "",
      "media": null,
      "price": 104,
      "menuName": "Breads",
      "categoryName": "",
      "slugs": [
        "veg",
        "services",
        "delivery-enabled",
        "delivery-enabled",
        "veg",
        "services",
        "veg"
      ]
    },
    {
      "name": "P Zulubar",
      "description": "",
      "media": null,
      "price": 221,
      "menuName": "Rice And Biryani",
      "categoryName": "",
      "slugs": [
        "veg",
        "services",
        "delivery-enabled",
        "delivery-enabled",
        "veg",
        "services",
        "veg"
      ]
    },
    {
      "name": "Hydrabadi Biriyani",
      "description": "",
      "media": null,
      "price": 221,
      "menuName": "Rice And Biryani",
      "categoryName": "",
      "slugs": [
        "veg",
        "services",
        "delivery-enabled",
        "delivery-enabled",
        "veg",
        "services",
        "veg"
      ]
    },
    {
      "name": "Jeera Rice",
      "description": "",
      "media": "https://b.zmtcdn.com/data/dish_photos/a6f/169c8833d5eb67df4647ced132bb7a6f.jpg",
      "price": 169,
      "menuName": "Rice And Biryani",
      "categoryName": "",
      "slugs": [
        "veg",
        "services",
        "delivery-enabled",
        "delivery-enabled",
        "veg",
        "services",
        "veg"
      ]
    },
    {
      "name": "Kashmiri Pulao (sweet)",
      "description": "",
      "media": null,
      "price": 234,
      "menuName": "Rice And Biryani",
      "categoryName": "",
      "slugs": [
        "veg",
        "services",
        "delivery-enabled",
        "delivery-enabled",
        "veg",
        "services",
        "veg"
      ]
    },
    {
      "name": "Plain Rice",
      "description": "",
      "media": null,
      "price": 143,
      "menuName": "Rice And Biryani",
      "categoryName": "",
      "slugs": [
        "veg",
        "services",
        "delivery-enabled",
        "delivery-enabled",
        "veg",
        "services",
        "veg"
      ]
    },
    {
      "name": "Special Darshan Pulao",
      "description": "[Chef's Special]",
      "media": null,
      "price": 221,
      "menuName": "Rice And Biryani",
      "categoryName": "",
      "slugs": [
        "veg",
        "services",
        "delivery-enabled",
        "delivery-enabled",
        "veg",
        "services",
        "veg"
      ]
    },
    {
      "name": "Special Dum Biryani",
      "description": "",
      "media": null,
      "price": 247,
      "menuName": "Rice And Biryani",
      "categoryName": "",
      "slugs": [
        "veg",
        "services",
        "delivery-enabled",
        "delivery-enabled",
        "veg",
        "services",
        "veg"
      ]
    },
    {
      "name": "Special Kaju Pulao",
      "description": "",
      "media": null,
      "price": 247,
      "menuName": "Rice And Biryani",
      "categoryName": "",
      "slugs": [
        "veg",
        "services",
        "delivery-enabled",
        "delivery-enabled",
        "veg",
        "services",
        "veg"
      ]
    },
    {
      "name": "Steam Rice",
      "description": "",
      "media": null,
      "price": 156,
      "menuName": "Rice And Biryani",
      "categoryName": "",
      "slugs": [
        "veg",
        "services",
        "delivery-enabled",
        "delivery-enabled",
        "veg",
        "services",
        "veg"
      ]
    },
    {
      "name": "Veg Biryani",
      "description": "",
      "media": null,
      "price": 221,
      "menuName": "Rice And Biryani",
      "categoryName": "",
      "slugs": [
        "veg",
        "services",
        "delivery-enabled",
        "delivery-enabled",
        "veg",
        "services",
        "veg"
      ]
    },
    {
      "name": "Veg Pulao",
      "description": "",
      "media": null,
      "price": 208,
      "menuName": "Rice And Biryani",
      "categoryName": "",
      "slugs": [
        "veg",
        "services",
        "delivery-enabled",
        "delivery-enabled",
        "veg",
        "services",
        "veg"
      ]
    },
    {
      "name": "Chinese Bhel",
      "description": "",
      "media": null,
      "price": 208,
      "menuName": "Fried Rice And Noodles",
      "categoryName": "",
      "slugs": [
        "veg",
        "services",
        "delivery-enabled",
        "delivery-enabled",
        "veg",
        "services",
        "veg"
      ]
    },
    {
      "name": "Mushroom Fried Rice",
      "description": "",
      "media": null,
      "price": 221,
      "menuName": "Fried Rice And Noodles",
      "categoryName": "",
      "slugs": [
        "veg",
        "services",
        "delivery-enabled",
        "delivery-enabled",
        "veg",
        "services",
        "veg"
      ]
    },
    {
      "name": "Paneer 65",
      "description": "",
      "media": null,
      "price": 258,
      "menuName": "Fried Rice And Noodles",
      "categoryName": "",
      "slugs": [
        "veg",
        "services",
        "delivery-enabled",
        "delivery-enabled",
        "veg",
        "services",
        "veg"
      ]
    },
    {
      "name": "Paneer Chilli Gravy",
      "description": "",
      "media": null,
      "price": 260,
      "menuName": "Fried Rice And Noodles",
      "categoryName": "",
      "slugs": [
        "veg",
        "services",
        "sf-spicy",
        "delivery-enabled",
        "delivery-enabled",
        "veg",
        "services",
        "sf-spicy",
        "veg"
      ]
    },
    {
      "name": "Paneer Chilly",
      "description": "",
      "media": null,
      "price": 258,
      "menuName": "Fried Rice And Noodles",
      "categoryName": "",
      "slugs": [
        "veg",
        "services",
        "sf-spicy",
        "delivery-enabled",
        "delivery-enabled",
        "veg",
        "services",
        "sf-spicy",
        "veg"
      ]
    },
    {
      "name": "Paneer Manchurian",
      "description": "",
      "media": null,
      "price": 247,
      "menuName": "Fried Rice And Noodles",
      "categoryName": "",
      "slugs": [
        "veg",
        "services",
        "delivery-enabled",
        "delivery-enabled",
        "veg",
        "services",
        "veg"
      ]
    },
    {
      "name": "Paneer Manchurian Gravy",
      "description": "",
      "media": null,
      "price": 247,
      "menuName": "Fried Rice And Noodles",
      "categoryName": "",
      "slugs": [
        "veg",
        "services",
        "delivery-enabled",
        "delivery-enabled",
        "veg",
        "services",
        "veg"
      ]
    },
    {
      "name": "Paneer Schezwan",
      "description": "",
      "media": null,
      "price": 258,
      "menuName": "Fried Rice And Noodles",
      "categoryName": "",
      "slugs": [
        "veg",
        "services",
        "sf-spicy",
        "sf-extra-spicy",
        "delivery-enabled",
        "delivery-enabled",
        "veg",
        "services",
        "sf-spicy",
        "sf-extra-spicy",
        "veg"
      ]
    },
    {
      "name": "Paneer Schezwan Gravy",
      "description": "",
      "media": null,
      "price": 258,
      "menuName": "Fried Rice And Noodles",
      "categoryName": "",
      "slugs": [
        "veg",
        "services",
        "sf-spicy",
        "sf-extra-spicy",
        "delivery-enabled",
        "delivery-enabled",
        "veg",
        "services",
        "sf-spicy",
        "sf-extra-spicy",
        "veg"
      ]
    },
    {
      "name": "Paneer Tikka Dry",
      "description": "",
      "media": null,
      "price": 286,
      "menuName": "Fried Rice And Noodles",
      "categoryName": "",
      "slugs": [
        "veg",
        "services",
        "delivery-enabled",
        "delivery-enabled",
        "veg",
        "services",
        "veg"
      ]
    },
    {
      "name": "Schezwan Fried Rice",
      "description": "",
      "media": null,
      "price": 208,
      "menuName": "Fried Rice And Noodles",
      "categoryName": "",
      "slugs": [
        "veg",
        "services",
        "sf-spicy",
        "sf-extra-spicy",
        "delivery-enabled",
        "delivery-enabled",
        "veg",
        "services",
        "sf-spicy",
        "sf-extra-spicy",
        "veg"
      ]
    },
    {
      "name": "Veg Fried Rice",
      "description": "",
      "media": null,
      "price": 199,
      "menuName": "Fried Rice And Noodles",
      "categoryName": "",
      "slugs": [
        "veg",
        "services",
        "delivery-enabled",
        "delivery-enabled",
        "veg",
        "services",
        "veg"
      ]
    },
    {
      "name": "Veg Hakka Noodles",
      "description": "",
      "media": null,
      "price": 199,
      "menuName": "Fried Rice And Noodles",
      "categoryName": "",
      "slugs": [
        "veg",
        "services",
        "delivery-enabled",
        "delivery-enabled",
        "veg",
        "services",
        "veg"
      ]
    },
    {
      "name": "Veg Schezwan Noodles",
      "description": "",
      "media": null,
      "price": 208,
      "menuName": "Fried Rice And Noodles",
      "categoryName": "",
      "slugs": [
        "veg",
        "services",
        "sf-spicy",
        "sf-extra-spicy",
        "delivery-enabled",
        "delivery-enabled",
        "veg",
        "services",
        "sf-spicy",
        "sf-extra-spicy",
        "veg"
      ]
    },
    {
      "name": "Veg Spring Rol",
      "description": "",
      "media": null,
      "price": 221,
      "menuName": "Fried Rice And Noodles",
      "categoryName": "",
      "slugs": [
        "veg",
        "services",
        "delivery-enabled",
        "delivery-enabled",
        "veg",
        "services",
        "veg"
      ]
    },
    {
      "name": "Veg Spring Roll",
      "description": "",
      "media": null,
      "price": 221,
      "menuName": "Fried Rice And Noodles",
      "categoryName": "",
      "slugs": [
        "veg",
        "services",
        "delivery-enabled",
        "delivery-enabled",
        "veg",
        "services",
        "veg"
      ]
    },
    {
      "name": "Vegetable 65",
      "description": "",
      "media": null,
      "price": 208,
      "menuName": "Fried Rice And Noodles",
      "categoryName": "",
      "slugs": [
        "veg",
        "services",
        "delivery-enabled",
        "delivery-enabled",
        "veg",
        "services",
        "veg"
      ]
    },
    {
      "name": "Vegetable Crispy",
      "description": "",
      "media": null,
      "price": 208,
      "menuName": "Fried Rice And Noodles",
      "categoryName": "",
      "slugs": [
        "veg",
        "services",
        "delivery-enabled",
        "delivery-enabled",
        "veg",
        "services",
        "veg"
      ]
    },
    {
      "name": "Vegetable Lollypop",
      "description": "",
      "media": null,
      "price": 247,
      "menuName": "Fried Rice And Noodles",
      "categoryName": "",
      "slugs": [
        "veg",
        "services",
        "delivery-enabled",
        "delivery-enabled",
        "veg",
        "services",
        "veg"
      ]
    },
    {
      "name": "Vegetable Manchurian Gravy",
      "description": "",
      "media": null,
      "price": 199,
      "menuName": "Fried Rice And Noodles",
      "categoryName": "",
      "slugs": [
        "veg",
        "services",
        "delivery-enabled",
        "delivery-enabled",
        "veg",
        "services",
        "veg"
      ]
    },
    {
      "name": "Italian Pizza",
      "description": "",
      "media": null,
      "price": 247,
      "menuName": "Pizza",
      "categoryName": "",
      "slugs": [
        "veg",
        "services",
        "sf-kid-friendly",
        "delivery-enabled",
        "delivery-enabled",
        "veg",
        "services",
        "sf-kid-friendly",
        "veg"
      ]
    },
    {
      "name": "Mushroom Pizza",
      "description": "",
      "media": null,
      "price": 260,
      "menuName": "Pizza",
      "categoryName": "",
      "slugs": [
        "veg",
        "services",
        "sf-kid-friendly",
        "delivery-enabled",
        "delivery-enabled",
        "veg",
        "services",
        "sf-kid-friendly",
        "veg"
      ]
    },
    {
      "name": "Pineapple Pizza",
      "description": "",
      "media": null,
      "price": 260,
      "menuName": "Pizza",
      "categoryName": "",
      "slugs": [
        "veg",
        "services",
        "sf-kid-friendly",
        "delivery-enabled",
        "delivery-enabled",
        "veg",
        "services",
        "sf-kid-friendly",
        "veg"
      ]
    },
    {
      "name": "Vegetable Cheese Pizza",
      "description": "",
      "media": null,
      "price": 247,
      "menuName": "Pizza",
      "categoryName": "",
      "slugs": [
        "veg",
        "services",
        "sf-kid-friendly",
        "delivery-enabled",
        "delivery-enabled",
        "veg",
        "services",
        "sf-kid-friendly",
        "veg"
      ]
    },
    {
      "name": "Bread Butter",
      "description": "",
      "media": null,
      "price": 71,
      "menuName": "Sandwiches",
      "categoryName": "",
      "slugs": [
        "veg",
        "services",
        "delivery-enabled",
        "delivery-enabled",
        "veg",
        "services",
        "veg"
      ]
    },
    {
      "name": "Cheese Sandwich",
      "description": "",
      "media": null,
      "price": 117,
      "menuName": "Sandwiches",
      "categoryName": "",
      "slugs": [
        "veg",
        "services",
        "delivery-enabled",
        "delivery-enabled",
        "veg",
        "services",
        "veg"
      ]
    },
    {
      "name": "Potato Chips",
      "description": "",
      "media": null,
      "price": 130,
      "menuName": "Sandwiches",
      "categoryName": "",
      "slugs": [
        "veg",
        "services",
        "delivery-enabled",
        "delivery-enabled",
        "veg",
        "services",
        "veg"
      ]
    },
    {
      "name": "Vegetable Cheese Sandwich",
      "description": "",
      "media": null,
      "price": 130,
      "menuName": "Sandwiches",
      "categoryName": "",
      "slugs": [
        "veg",
        "services",
        "delivery-enabled",
        "delivery-enabled",
        "veg",
        "services",
        "veg"
      ]
    },
    {
      "name": "Vegetable Sandwich",
      "description": "",
      "media": null,
      "price": 91,
      "menuName": "Sandwiches",
      "categoryName": "",
      "slugs": [
        "veg",
        "services",
        "delivery-enabled",
        "delivery-enabled",
        "veg",
        "services",
        "veg"
      ]
    },
    {
      "name": "Boondi Raita",
      "description": "",
      "media": null,
      "price": 86,
      "menuName": "Accompaniments",
      "categoryName": "",
      "slugs": [
        "veg",
        "services",
        "delivery-enabled",
        "delivery-enabled",
        "veg",
        "services",
        "veg"
      ]
    },
    {
      "name": "Cheese Masala Papad",
      "description": "",
      "media": null,
      "price": 70,
      "menuName": "Accompaniments",
      "categoryName": "",
      "slugs": [
        "veg",
        "services",
        "delivery-enabled",
        "delivery-enabled",
        "veg",
        "services",
        "veg"
      ]
    },
    {
      "name": "Extra Itam",
      "description": "",
      "media": null,
      "price": 26,
      "menuName": "Accompaniments",
      "categoryName": "",
      "slugs": [
        "veg",
        "services",
        "delivery-enabled",
        "delivery-enabled",
        "veg",
        "services",
        "veg"
      ]
    },
    {
      "name": "Fried Papad",
      "description": "",
      "media": null,
      "price": 40,
      "menuName": "Accompaniments",
      "categoryName": "",
      "slugs": [
        "veg",
        "services",
        "delivery-enabled",
        "delivery-enabled",
        "veg",
        "services",
        "veg"
      ]
    },
    {
      "name": "Green Salad",
      "description": "",
      "media": null,
      "price": 66,
      "menuName": "Accompaniments",
      "categoryName": "",
      "slugs": [
        "veg",
        "services",
        "delivery-enabled",
        "delivery-enabled",
        "veg",
        "services",
        "veg"
      ]
    },
    {
      "name": "Masala Papad",
      "description": "",
      "media": null,
      "price": 50,
      "menuName": "Accompaniments",
      "categoryName": "",
      "slugs": [
        "veg",
        "services",
        "delivery-enabled",
        "delivery-enabled",
        "veg",
        "services",
        "veg"
      ]
    },
    {
      "name": "Pineapple Rita",
      "description": "",
      "media": null,
      "price": 99,
      "menuName": "Accompaniments",
      "categoryName": "",
      "slugs": [
        "veg",
        "services",
        "delivery-enabled",
        "delivery-enabled",
        "veg",
        "services",
        "veg"
      ]
    },
    {
      "name": "Plain Curd",
      "description": "",
      "media": null,
      "price": 75,
      "menuName": "Accompaniments",
      "categoryName": "",
      "slugs": [
        "veg",
        "services",
        "delivery-enabled",
        "delivery-enabled",
        "veg",
        "services",
        "veg"
      ]
    },
    {
      "name": "Roasted Papad",
      "description": "",
      "media": null,
      "price": 26,
      "menuName": "Accompaniments",
      "categoryName": "",
      "slugs": [
        "veg",
        "services",
        "delivery-enabled",
        "delivery-enabled",
        "veg",
        "services",
        "veg"
      ]
    },
    {
      "name": "Tomato Salad",
      "description": "",
      "media": null,
      "price": 75,
      "menuName": "Accompaniments",
      "categoryName": "",
      "slugs": [
        "veg",
        "services",
        "delivery-enabled",
        "delivery-enabled",
        "veg",
        "services",
        "veg"
      ]
    },
    {
      "name": "Vegtable Raita",
      "description": "",
      "media": null,
      "price": 80,
      "menuName": "Accompaniments",
      "categoryName": "",
      "slugs": [
        "veg",
        "services",
        "delivery-enabled",
        "delivery-enabled",
        "veg",
        "services",
        "veg"
      ]
    },
    {
      "name": "Butter Milk",
      "description": "",
      "media": null,
      "price": 32,
      "menuName": "Khoob Surat Shuruat",
      "categoryName": "",
      "slugs": [
        "veg",
        "services",
        "delivery-enabled",
        "delivery-enabled",
        "veg",
        "services",
        "veg"
      ]
    },
    {
      "name": "Buttr Milk",
      "description": "",
      "media": null,
      "price": 32,
      "menuName": "Khoob Surat Shuruat",
      "categoryName": "",
      "slugs": [
        "veg",
        "services",
        "delivery-enabled",
        "delivery-enabled",
        "veg",
        "services",
        "veg"
      ]
    },
    {
      "name": "Lassi",
      "description": "",
      "media": null,
      "price": 110,
      "menuName": "Khoob Surat Shuruat",
      "categoryName": "",
      "slugs": [
        "veg",
        "services",
        "delivery-enabled",
        "delivery-enabled",
        "veg",
        "services",
        "veg"
      ]
    },
    {
      "name": "Mineral Water",
      "description": "",
      "media": null,
      "price": 25,
      "menuName": "Khoob Surat Shuruat",
      "categoryName": "",
      "slugs": [
        "veg",
        "mrp-item",
        "non-gold",
        "non-promo",
        "packaged",
        "non-refundable",
        "services",
        "mrp-commission",
        "delivery-enabled",
        "delivery-enabled",
        "veg",
        "mrp-item",
        "non-gold",
        "non-promo",
        "packaged",
        "non-refundable",
        "services",
        "mrp-commission",
        "veg"
      ]
    },
    {
      "name": "Special Lassi",
      "description": "",
      "media": null,
      "price": 130,
      "menuName": "Khoob Surat Shuruat",
      "categoryName": "",
      "slugs": [
        "veg",
        "services",
        "delivery-enabled",
        "delivery-enabled",
        "veg",
        "services",
        "veg"
      ]
    }
  ]
}