{
  "basicInfo": {
    "name": "Ekta Chinese",
    "cuisine_string": "Chinese",
    "canonicalUrl": "https://www.zomato.com/surat/ekta-chinese-shahpore/order"
  },
  "ratings": {
    "DINING": {
      "rating_type": "DINING",
      "rating": "3.7",
      "reviewCount": "19",
      "reviewTextSmall": "19 Reviews",
      "subtext": "19 Dining Reviews",
      "color": "#1C1C1C",
      "ratingV2": "3.7",
      "subtitle": "DINING",
      "sideSubTitle": "Dining Ratings",
      "bgColorV2": {
        "type": "green",
        "tint": "600"
      },
      "newOnDining": false
    },
    "DELIVERY": {
      "rating_type": "DELIVERY",
      "rating": "4.3",
      "reviewCount": "189",
      "reviewTextSmall": "189 Reviews",
      "subtext": "189 Delivery Reviews",
      "color": "#E23744",
      "ratingV2": "4.3",
      "subtitle": "DELIVERY",
      "sideSubTitle": "Delivery Ratings",
      "bgColorV2": {
        "type": "green",
        "tint": "700"
      },
      "newOnDelivery": false
    }
  },
  "establishment": {
    "city_id": 38,
    "city_name": "Surat",
    "country_id": 1,
    "country_name": "India",
    "zipcode": "",
    "is_dark_kitchen": false,
    "locality_verbose": "Shahpore, Surat",
    "latitude": "21.1997464864",
    "longitude": "72.8294229135",
    "static_map_url": "https://maps.zomato.com/php/staticmap?center=21.1997464864,72.8294229135&maptype=zomato&markers=21.1997464864,72.8294229135,pin_res32&sensor=false&scale=2&zoom=16&language=en&size=240x150&size=400x240",
    "address": "Branpuri Bhagal, Bhajivali POL, Near R.K. Dryfruit Opposite Ridham Plaza, Shahpore, Surat",
    "is_phone_available": 1,
    "phoneDetails": {
      "title": "Phone Numbers",
      "phoneStr": "+919227938703"
    },
    "res_chain_text": "",
    "res_group_text": "",
    "res_chain_url": "",
    "res_group_url": "",
    "show_res_map": true
  },
  "items": [
    {
      "name": "Chicken Biryani Rice with Gravy",
      "description": "",
      "media": null,
      "price": 200,
      "menuName": "Combos",
      "categoryName": "",
      "slugs": [
        "non-veg",
        "combo-item",
        "zpl-combo",
        "services",
        "delivery-enabled",
        "delivery-enabled",
        "non-veg",
        "combo-item",
        "zpl-combo",
        "services",
        "non-veg"
      ]
    },
    {
      "name": "Chicken Triple Rice with Gravy",
      "description": "",
      "media": null,
      "price": 0,
      "menuName": "Combos",
      "categoryName": "",
      "slugs": [
        "non-veg",
        "bestseller-dinner",
        "bestseller-late-night",
        "combo-item",
        "zpl-combo",
        "services",
        "delivery-enabled",
        "delivery-enabled",
        "non-veg",
        "bestseller-dinner",
        "bestseller-late-night",
        "combo-item",
        "zpl-combo",
        "services",
        "non-veg"
      ]
    },
    {
      "name": "Special Chicken Rice with Gravy",
      "description": "",
      "media": null,
      "price": 0,
      "menuName": "Combos",
      "categoryName": "",
      "slugs": [
        "non-veg",
        "bestseller-dinner",
        "bestseller-late-night",
        "combo-item",
        "zpl-combo",
        "services",
        "delivery-enabled",
        "delivery-enabled",
        "non-veg",
        "bestseller-dinner",
        "bestseller-late-night",
        "combo-item",
        "zpl-combo",
        "services",
        "non-veg"
      ]
    },
    {
      "name": "Chicken Noodles Rice with Gravy",
      "description": "",
      "media": null,
      "price": 0,
      "menuName": "Combos",
      "categoryName": "",
      "slugs": [
        "non-veg",
        "bestseller-dinner",
        "combo-item",
        "services",
        "delivery-enabled",
        "delivery-enabled",
        "non-veg",
        "bestseller-dinner",
        "combo-item",
        "services",
        "non-veg"
      ]
    },
    {
      "name": "Golden Special Chicken Rice with Gravy",
      "description": "",
      "media": null,
      "price": 0,
      "menuName": "Combos",
      "categoryName": "",
      "slugs": [
        "non-veg",
        "bestseller-dinner",
        "bestseller-late-night",
        "combo-item",
        "zpl-combo",
        "services",
        "delivery-enabled",
        "delivery-enabled",
        "non-veg",
        "bestseller-dinner",
        "bestseller-late-night",
        "combo-item",
        "zpl-combo",
        "services",
        "non-veg"
      ]
    },
    {
      "name": "Garden Special Chicken Rice with Gravy",
      "description": "",
      "media": null,
      "price": 0,
      "menuName": "Combos",
      "categoryName": "",
      "slugs": [
        "non-veg",
        "bestseller-late-night",
        "combo-item",
        "services",
        "delivery-enabled",
        "delivery-enabled",
        "non-veg",
        "bestseller-late-night",
        "combo-item",
        "services",
        "non-veg"
      ]
    },
    {
      "name": "Mongolian Special Chicken Rice with Gravy",
      "description": "",
      "media": null,
      "price": 0,
      "menuName": "Combos",
      "categoryName": "",
      "slugs": [
        "non-veg",
        "bestseller-late-night",
        "combo-item",
        "zpl-combo",
        "services",
        "delivery-enabled",
        "delivery-enabled",
        "non-veg",
        "bestseller-late-night",
        "combo-item",
        "zpl-combo",
        "services",
        "non-veg"
      ]
    },
    {
      "name": "American Special Chicken Rice with Gravy",
      "description": "",
      "media": null,
      "price": 0,
      "menuName": "Combos",
      "categoryName": "",
      "slugs": [
        "non-veg",
        "combo-item",
        "services",
        "delivery-enabled",
        "delivery-enabled",
        "non-veg",
        "combo-item",
        "services",
        "non-veg"
      ]
    },
    {
      "name": "Traffic Jam Chicken Rice with Gravy",
      "description": "",
      "media": null,
      "price": 0,
      "menuName": "Combos",
      "categoryName": "",
      "slugs": [
        "non-veg",
        "bestseller-evening",
        "bestseller-dinner",
        "services",
        "delivery-enabled",
        "delivery-enabled",
        "non-veg",
        "bestseller-evening",
        "bestseller-dinner",
        "services",
        "non-veg"
      ]
    },
    {
      "name": "Najomati Chicken Rice with Gravy",
      "description": "",
      "media": "https://b.zmtcdn.com/data/dish_photos/464/c86260d001f70488e3498c83e480b464.jpg",
      "price": 0,
      "menuName": "Combos",
      "categoryName": "",
      "slugs": [
        "non-veg",
        "bestseller-dinner",
        "combo-item",
        "services",
        "delivery-enabled",
        "delivery-enabled",
        "non-veg",
        "bestseller-dinner",
        "combo-item",
        "services",
        "non-veg"
      ]
    },
    {
      "name": "Gotala Chicken Rice with Gravy",
      "description": "",
      "media": "https://b.zmtcdn.com/data/dish_photos/464/c86260d001f70488e3498c83e480b464.jpg",
      "price": 0,
      "menuName": "Combos",
      "categoryName": "",
      "slugs": [
        "non-veg",
        "bestseller-dinner",
        "combo-item",
        "services",
        "delivery-enabled",
        "delivery-enabled",
        "non-veg",
        "bestseller-dinner",
        "combo-item",
        "services",
        "non-veg"
      ]
    },
    {
      "name": "Malaysian Chicken Rice with Gravy",
      "description": "",
      "media": null,
      "price": 0,
      "menuName": "Combos",
      "categoryName": "",
      "slugs": [
        "non-veg",
        "non-promo",
        "packaged",
        "non-refundable",
        "combo-item",
        "services",
        "delivery-enabled",
        "delivery-enabled",
        "non-veg",
        "non-promo",
        "packaged",
        "non-refundable",
        "combo-item",
        "services",
        "non-veg"
      ]
    },
    {
      "name": "Chicken Cake Rice with Gravy",
      "description": "",
      "media": null,
      "price": 0,
      "menuName": "Combos",
      "categoryName": "",
      "slugs": [
        "non-veg",
        "bestseller-evening",
        "combo-item",
        "services",
        "delivery-enabled",
        "delivery-enabled",
        "non-veg",
        "bestseller-evening",
        "combo-item",
        "services",
        "non-veg"
      ]
    },
    {
      "name": "Chicken Pizza Rice with Gravy",
      "description": "",
      "media": null,
      "price": 200,
      "menuName": "Combos",
      "categoryName": "",
      "slugs": [
        "non-veg",
        "bestseller-dinner",
        "bestseller-late-night",
        "combo-item",
        "services",
        "delivery-enabled",
        "delivery-enabled",
        "non-veg",
        "bestseller-dinner",
        "bestseller-late-night",
        "combo-item",
        "services",
        "non-veg"
      ]
    },
    {
      "name": "Chicken Ulta Pulta Rice with Gravy",
      "description": "",
      "media": null,
      "price": 0,
      "menuName": "Combos",
      "categoryName": "",
      "slugs": [
        "non-veg",
        "combo-item",
        "services",
        "delivery-enabled",
        "delivery-enabled",
        "non-veg",
        "combo-item",
        "services",
        "non-veg"
      ]
    },
    {
      "name": "Chicken Hungama Rice with Gravy",
      "description": "",
      "media": null,
      "price": 240,
      "menuName": "Combos",
      "categoryName": "",
      "slugs": [
        "non-veg",
        "combo-item",
        "services",
        "delivery-enabled",
        "delivery-enabled",
        "non-veg",
        "combo-item",
        "services",
        "non-veg"
      ]
    },
    {
      "name": "Chicken Hong Kong Special with Gravy",
      "description": "",
      "media": null,
      "price": 240,
      "menuName": "Combos",
      "categoryName": "",
      "slugs": [
        "non-veg",
        "combo-item",
        "services",
        "delivery-enabled",
        "delivery-enabled",
        "non-veg",
        "combo-item",
        "services",
        "non-veg"
      ]
    },
    {
      "name": "Chicken Korean Special Rice with Gravy",
      "description": "",
      "media": null,
      "price": 240,
      "menuName": "Combos",
      "categoryName": "",
      "slugs": [
        "non-veg",
        "combo-item",
        "services",
        "delivery-enabled",
        "delivery-enabled",
        "non-veg",
        "combo-item",
        "services",
        "non-veg"
      ]
    },
    {
      "name": "Chicken Todfod Rice with Gravy",
      "description": "",
      "media": null,
      "price": 240,
      "menuName": "Combos",
      "categoryName": "",
      "slugs": [
        "non-veg",
        "bestseller-dinner",
        "combo-item",
        "services",
        "delivery-enabled",
        "delivery-enabled",
        "non-veg",
        "bestseller-dinner",
        "combo-item",
        "services",
        "non-veg"
      ]
    },
    {
      "name": "Chicken Manchow Soup",
      "description": "",
      "media": null,
      "price": 80,
      "menuName": "Soups",
      "categoryName": "",
      "slugs": [
        "non-veg",
        "services",
        "delivery-enabled",
        "delivery-enabled",
        "non-veg",
        "services",
        "non-veg"
      ]
    },
    {
      "name": "Chicken Hot and Sour Soup",
      "description": "",
      "media": null,
      "price": 80,
      "menuName": "Soups",
      "categoryName": "",
      "slugs": [
        "non-veg",
        "services",
        "delivery-enabled",
        "delivery-enabled",
        "non-veg",
        "services",
        "non-veg"
      ]
    },
    {
      "name": "Chicken Schezwan Soup",
      "description": "",
      "media": null,
      "price": 80,
      "menuName": "Soups",
      "categoryName": "",
      "slugs": [
        "non-veg",
        "services",
        "sf-spicy",
        "delivery-enabled",
        "delivery-enabled",
        "non-veg",
        "services",
        "sf-spicy",
        "non-veg"
      ]
    },
    {
      "name": "Chicken Garlic Soup",
      "description": "",
      "media": null,
      "price": 80,
      "menuName": "Soups",
      "categoryName": "",
      "slugs": [
        "non-veg",
        "services",
        "delivery-enabled",
        "delivery-enabled",
        "non-veg",
        "services",
        "non-veg"
      ]
    },
    {
      "name": "Chicken Lung Fung Soup",
      "description": "",
      "media": null,
      "price": 80,
      "menuName": "Soups",
      "categoryName": "",
      "slugs": [
        "non-veg",
        "services",
        "delivery-enabled",
        "delivery-enabled",
        "non-veg",
        "services",
        "non-veg"
      ]
    },
    {
      "name": "Chicken Singapuri Soup",
      "description": "",
      "media": null,
      "price": 80,
      "menuName": "Soups",
      "categoryName": "",
      "slugs": [
        "non-veg",
        "services",
        "delivery-enabled",
        "delivery-enabled",
        "non-veg",
        "services",
        "non-veg"
      ]
    },
    {
      "name": "Chicken Silver Soup",
      "description": "",
      "media": null,
      "price": 80,
      "menuName": "Soups",
      "categoryName": "",
      "slugs": [
        "non-veg",
        "services",
        "delivery-enabled",
        "delivery-enabled",
        "non-veg",
        "services",
        "non-veg"
      ]
    },
    {
      "name": "Chicken Manchurian",
      "description": "",
      "media": null,
      "price": 0,
      "menuName": "Starters",
      "categoryName": "",
      "slugs": [
        "non-veg",
        "bestseller-late-night",
        "services",
        "delivery-enabled",
        "delivery-enabled",
        "non-veg",
        "bestseller-late-night",
        "services",
        "non-veg"
      ]
    },
    {
      "name": "Chicken Chilli",
      "description": "",
      "media": null,
      "price": 0,
      "menuName": "Starters",
      "categoryName": "",
      "slugs": [
        "non-veg",
        "services",
        "delivery-enabled",
        "delivery-enabled",
        "non-veg",
        "services",
        "non-veg"
      ]
    },
    {
      "name": "Chicken 65",
      "description": "",
      "media": null,
      "price": 0,
      "menuName": "Starters",
      "categoryName": "",
      "slugs": [
        "non-veg",
        "services",
        "delivery-enabled",
        "delivery-enabled",
        "non-veg",
        "services",
        "non-veg"
      ]
    },
    {
      "name": "Chicken Lollipop",
      "description": "",
      "media": "https://b.zmtcdn.com/data/dish_photos/501/013b1d9eff0897031036bb09cc2ba501.jpg",
      "price": 0,
      "menuName": "Starters",
      "categoryName": "",
      "slugs": [
        "non-veg",
        "bestseller-evening",
        "bestseller-dinner",
        "bestseller-late-night",
        "services",
        "delivery-enabled",
        "delivery-enabled",
        "non-veg",
        "bestseller-evening",
        "bestseller-dinner",
        "bestseller-late-night",
        "services",
        "non-veg"
      ]
    },
    {
      "name": "Chicken Garden Lollipop",
      "description": "",
      "media": "https://b.zmtcdn.com/data/dish_photos/eb8/a2c0614c94d5e842168ae0a0a3532eb8.jpg",
      "price": 0,
      "menuName": "Starters",
      "categoryName": "",
      "slugs": [
        "non-veg",
        "services",
        "delivery-enabled",
        "delivery-enabled",
        "non-veg",
        "services",
        "non-veg"
      ]
    },
    {
      "name": "Golden Chicken Lollipop",
      "description": "",
      "media": "https://b.zmtcdn.com/data/dish_photos/8fc/214e1c81903172bea8e45233d8f388fc.jpg",
      "price": 0,
      "menuName": "Starters",
      "categoryName": "",
      "slugs": [
        "non-veg",
        "services",
        "delivery-enabled",
        "delivery-enabled",
        "non-veg",
        "services",
        "non-veg"
      ]
    },
    {
      "name": "Golden Chicken Chilli",
      "description": "",
      "media": null,
      "price": 0,
      "menuName": "Starters",
      "categoryName": "",
      "slugs": [
        "non-veg",
        "bestseller-evening",
        "services",
        "delivery-enabled",
        "delivery-enabled",
        "non-veg",
        "bestseller-evening",
        "services",
        "non-veg"
      ]
    },
    {
      "name": "Chicken Garden Chilli",
      "description": "",
      "media": null,
      "price": 0,
      "menuName": "Starters",
      "categoryName": "",
      "slugs": [
        "non-veg",
        "services",
        "delivery-enabled",
        "delivery-enabled",
        "non-veg",
        "services",
        "non-veg"
      ]
    },
    {
      "name": "Chicken Mongolian Chilli",
      "description": "",
      "media": null,
      "price": 0,
      "menuName": "Starters",
      "categoryName": "",
      "slugs": [
        "non-veg",
        "services",
        "delivery-enabled",
        "delivery-enabled",
        "non-veg",
        "services",
        "non-veg"
      ]
    },
    {
      "name": "Chicken Yellow Dragon",
      "description": "",
      "media": null,
      "price": 0,
      "menuName": "Starters",
      "categoryName": "",
      "slugs": [
        "non-veg",
        "bestseller-late-night",
        "services",
        "delivery-enabled",
        "delivery-enabled",
        "non-veg",
        "bestseller-late-night",
        "services",
        "non-veg"
      ]
    },
    {
      "name": "Chicken Oil Fry Chilli",
      "description": "",
      "media": null,
      "price": 0,
      "menuName": "Starters",
      "categoryName": "",
      "slugs": [
        "non-veg",
        "services",
        "delivery-enabled",
        "delivery-enabled",
        "non-veg",
        "services",
        "non-veg"
      ]
    },
    {
      "name": "Chinese Chicken Khichdi",
      "description": "",
      "media": null,
      "price": 0,
      "menuName": "Rice",
      "categoryName": "",
      "slugs": [
        "non-veg",
        "home-style-meal",
        "services",
        "delivery-enabled",
        "delivery-enabled",
        "non-veg",
        "home-style-meal",
        "services",
        "non-veg"
      ]
    },
    {
      "name": "Egg Drops Fried Rice",
      "description": "",
      "media": null,
      "price": 0,
      "menuName": "Fried Rice",
      "categoryName": "",
      "slugs": [
        "egg",
        "services",
        "delivery-enabled",
        "delivery-enabled",
        "egg",
        "services",
        "egg"
      ]
    },
    {
      "name": "Chicken Manchurian Fried Rice",
      "description": "",
      "media": null,
      "price": 0,
      "menuName": "Fried Rice",
      "categoryName": "",
      "slugs": [
        "non-veg",
        "services",
        "delivery-enabled",
        "delivery-enabled",
        "non-veg",
        "services",
        "non-veg"
      ]
    },
    {
      "name": "Chicken Mixed Fried Rice",
      "description": "",
      "media": null,
      "price": 0,
      "menuName": "Fried Rice",
      "categoryName": "",
      "slugs": [
        "non-veg",
        "rice",
        "services",
        "delivery-enabled",
        "delivery-enabled",
        "non-veg",
        "rice",
        "services",
        "non-veg"
      ]
    },
    {
      "name": "Chicken Fried Rice",
      "description": "",
      "media": "https://b.zmtcdn.com/data/dish_photos/0c3/5d16eb2f1c0c1c61fc7dc5d77c3d90c3.jpg",
      "price": 0,
      "menuName": "Fried Rice",
      "categoryName": "",
      "slugs": [
        "non-veg",
        "bestseller-dinner",
        "bestseller-late-night",
        "services",
        "delivery-enabled",
        "delivery-enabled",
        "non-veg",
        "bestseller-dinner",
        "bestseller-late-night",
        "services",
        "non-veg"
      ]
    },
    {
      "name": "Chicken Schezwan Fried Rice",
      "description": "",
      "media": null,
      "price": 0,
      "menuName": "Fried Rice",
      "categoryName": "",
      "slugs": [
        "non-veg",
        "rice",
        "services",
        "sf-spicy",
        "delivery-enabled",
        "delivery-enabled",
        "non-veg",
        "rice",
        "services",
        "sf-spicy",
        "non-veg"
      ]
    },
    {
      "name": "Chicken Singapuri Fried Rice",
      "description": "",
      "media": null,
      "price": 0,
      "menuName": "Fried Rice",
      "categoryName": "",
      "slugs": [
        "non-veg",
        "rice",
        "services",
        "delivery-enabled",
        "delivery-enabled",
        "non-veg",
        "rice",
        "services",
        "non-veg"
      ]
    },
    {
      "name": "Chicken Golden Fried Rice",
      "description": "",
      "media": null,
      "price": 0,
      "menuName": "Fried Rice",
      "categoryName": "",
      "slugs": [
        "non-veg",
        "services",
        "delivery-enabled",
        "delivery-enabled",
        "non-veg",
        "services",
        "non-veg"
      ]
    },
    {
      "name": "Chicken Garden Fried Rice",
      "description": "",
      "media": null,
      "price": 0,
      "menuName": "Fried Rice",
      "categoryName": "",
      "slugs": [
        "non-veg",
        "services",
        "delivery-enabled",
        "delivery-enabled",
        "non-veg",
        "services",
        "non-veg"
      ]
    },
    {
      "name": "Chicken Mongolian Fried Rice",
      "description": "",
      "media": null,
      "price": 0,
      "menuName": "Fried Rice",
      "categoryName": "",
      "slugs": [
        "non-veg",
        "rice",
        "services",
        "delivery-enabled",
        "delivery-enabled",
        "non-veg",
        "rice",
        "services",
        "non-veg"
      ]
    },
    {
      "name": "Chicken Chilli Fried Rice",
      "description": "",
      "media": null,
      "price": 0,
      "menuName": "Fried Rice",
      "categoryName": "",
      "slugs": [
        "non-veg",
        "rice",
        "services",
        "delivery-enabled",
        "delivery-enabled",
        "non-veg",
        "rice",
        "services",
        "non-veg"
      ]
    },
    {
      "name": "Chicken American Fried Rice",
      "description": "",
      "media": null,
      "price": 0,
      "menuName": "Fried Rice",
      "categoryName": "",
      "slugs": [
        "non-veg",
        "services",
        "delivery-enabled",
        "delivery-enabled",
        "non-veg",
        "services",
        "non-veg"
      ]
    },
    {
      "name": "Chicken Hakka Noodles",
      "description": "",
      "media": "https://b.zmtcdn.com/data/dish_photos/e6a/a8f08b046c73758174e3609054e00e6a.jpg",
      "price": 0,
      "menuName": "Noodles",
      "categoryName": "Chicken Noodles",
      "slugs": [
        "non-veg",
        "bestseller-evening",
        "bestseller-dinner",
        "bestseller-late-night",
        "noodle",
        "services",
        "delivery-enabled",
        "delivery-enabled",
        "non-veg",
        "bestseller-evening",
        "bestseller-dinner",
        "bestseller-late-night",
        "noodle",
        "services",
        "non-veg"
      ]
    },
    {
      "name": "Chicken Schezwan Noodles",
      "description": "",
      "media": null,
      "price": 0,
      "menuName": "Noodles",
      "categoryName": "Chicken Noodles",
      "slugs": [
        "non-veg",
        "noodle",
        "services",
        "sf-spicy",
        "delivery-enabled",
        "delivery-enabled",
        "non-veg",
        "noodle",
        "services",
        "sf-spicy",
        "non-veg"
      ]
    },
    {
      "name": "Chicken Singapuri Noodles",
      "description": "",
      "media": null,
      "price": 0,
      "menuName": "Noodles",
      "categoryName": "Chicken Noodles",
      "slugs": [
        "non-veg",
        "noodle",
        "services",
        "delivery-enabled",
        "delivery-enabled",
        "non-veg",
        "noodle",
        "services",
        "non-veg"
      ]
    },
    {
      "name": "Chicken Golden Noodles",
      "description": "",
      "media": null,
      "price": 0,
      "menuName": "Noodles",
      "categoryName": "Chicken Noodles",
      "slugs": [
        "non-veg",
        "services",
        "delivery-enabled",
        "delivery-enabled",
        "non-veg",
        "services",
        "non-veg"
      ]
    },
    {
      "name": "Chicken Garden Noodles",
      "description": "",
      "media": null,
      "price": 0,
      "menuName": "Noodles",
      "categoryName": "Chicken Noodles",
      "slugs": [
        "non-veg",
        "noodle",
        "services",
        "delivery-enabled",
        "delivery-enabled",
        "non-veg",
        "noodle",
        "services",
        "non-veg"
      ]
    },
    {
      "name": "Chicken Mongolian Noodles",
      "description": "",
      "media": null,
      "price": 0,
      "menuName": "Noodles",
      "categoryName": "Chicken Noodles",
      "slugs": [
        "non-veg",
        "services",
        "delivery-enabled",
        "delivery-enabled",
        "non-veg",
        "services",
        "non-veg"
      ]
    },
    {
      "name": "Chicken American Noodles",
      "description": "",
      "media": "https://b.zmtcdn.com/data/dish_photos/c0b/b3fc864e41f93b314efdfaed1f08bc0b.jpg",
      "price": 0,
      "menuName": "Noodles",
      "categoryName": "Chicken Noodles",
      "slugs": [
        "non-veg",
        "noodle",
        "services",
        "delivery-enabled",
        "delivery-enabled",
        "non-veg",
        "noodle",
        "services",
        "non-veg"
      ]
    },
    {
      "name": "Chicken Special Noodles",
      "description": "",
      "media": null,
      "price": 0,
      "menuName": "Noodles",
      "categoryName": "Chicken Noodles",
      "slugs": [
        "non-veg",
        "noodle",
        "services",
        "delivery-enabled",
        "delivery-enabled",
        "non-veg",
        "noodle",
        "services",
        "non-veg"
      ]
    },
    {
      "name": "Chicken Triple Noodles",
      "description": "",
      "media": null,
      "price": 0,
      "menuName": "Noodles",
      "categoryName": "Chicken Noodles",
      "slugs": [
        "non-veg",
        "bestseller-dinner",
        "bestseller-late-night",
        "noodle",
        "services",
        "delivery-enabled",
        "delivery-enabled",
        "non-veg",
        "bestseller-dinner",
        "bestseller-late-night",
        "noodle",
        "services",
        "non-veg"
      ]
    },
    {
      "name": "Chicken Chilli Noodles",
      "description": "",
      "media": null,
      "price": 0,
      "menuName": "Noodles",
      "categoryName": "Chicken Noodles",
      "slugs": [
        "non-veg",
        "noodle",
        "services",
        "delivery-enabled",
        "delivery-enabled",
        "non-veg",
        "noodle",
        "services",
        "non-veg"
      ]
    },
    {
      "name": "Chicken Manchurian Noodles",
      "description": "",
      "media": null,
      "price": 0,
      "menuName": "Noodles",
      "categoryName": "Chicken Noodles",
      "slugs": [
        "non-veg",
        "noodle",
        "services",
        "delivery-enabled",
        "delivery-enabled",
        "non-veg",
        "noodle",
        "services",
        "non-veg"
      ]
    },
    {
      "name": "American Chicken Chopsuey",
      "description": "",
      "media": null,
      "price": 180,
      "menuName": "Noodles",
      "categoryName": "Chicken Noodles",
      "slugs": [
        "non-veg",
        "noodle",
        "services",
        "delivery-enabled",
        "delivery-enabled",
        "non-veg",
        "noodle",
        "services",
        "non-veg"
      ]
    },
    {
      "name": "Chinese Chicken Chopsuey",
      "description": "",
      "media": null,
      "price": 180,
      "menuName": "Noodles",
      "categoryName": "Chicken Noodles",
      "slugs": [
        "non-veg",
        "noodle",
        "services",
        "delivery-enabled",
        "delivery-enabled",
        "non-veg",
        "noodle",
        "services",
        "non-veg"
      ]
    },
    {
      "name": "Chicken Manchurian Bhel",
      "description": "",
      "media": null,
      "price": 0,
      "menuName": "Bhel",
      "categoryName": "",
      "slugs": [
        "non-veg",
        "services",
        "delivery-enabled",
        "delivery-enabled",
        "non-veg",
        "services",
        "non-veg"
      ]
    },
    {
      "name": "Chicken Bhel",
      "description": "",
      "media": null,
      "price": 0,
      "menuName": "Bhel",
      "categoryName": "",
      "slugs": [
        "non-veg",
        "bestseller-evening",
        "bestseller-late-night",
        "services",
        "delivery-enabled",
        "delivery-enabled",
        "non-veg",
        "bestseller-evening",
        "bestseller-late-night",
        "services",
        "non-veg"
      ]
    },
    {
      "name": "Chicken Chilli Bhel",
      "description": "",
      "media": null,
      "price": 0,
      "menuName": "Bhel",
      "categoryName": "",
      "slugs": [
        "non-veg",
        "services",
        "delivery-enabled",
        "delivery-enabled",
        "non-veg",
        "services",
        "non-veg"
      ]
    },
    {
      "name": "Chicken Bombay Bhel",
      "description": "",
      "media": null,
      "price": 150,
      "menuName": "Bhel",
      "categoryName": "",
      "slugs": [
        "non-veg",
        "services",
        "delivery-enabled",
        "delivery-enabled",
        "non-veg",
        "services",
        "non-veg"
      ]
    },
    {
      "name": "Chicken Singapuri Bhel",
      "description": "",
      "media": null,
      "price": 0,
      "menuName": "Bhel",
      "categoryName": "",
      "slugs": [
        "non-veg",
        "services",
        "delivery-enabled",
        "delivery-enabled",
        "non-veg",
        "services",
        "non-veg"
      ]
    },
    {
      "name": "Chicken American Bhel",
      "description": "",
      "media": null,
      "price": 0,
      "menuName": "Bhel",
      "categoryName": "",
      "slugs": [
        "non-veg",
        "bestseller-late-night",
        "services",
        "delivery-enabled",
        "delivery-enabled",
        "non-veg",
        "bestseller-late-night",
        "services",
        "non-veg"
      ]
    },
    {
      "name": "Chicken Combination Bhel",
      "description": "",
      "media": null,
      "price": 0,
      "menuName": "Bhel",
      "categoryName": "",
      "slugs": [
        "non-veg",
        "services",
        "delivery-enabled",
        "delivery-enabled",
        "non-veg",
        "services",
        "non-veg"
      ]
    },
    {
      "name": "Chicken Mongolian Bhel",
      "description": "",
      "media": null,
      "price": 0,
      "menuName": "Bhel",
      "categoryName": "",
      "slugs": [
        "non-veg",
        "services",
        "delivery-enabled",
        "delivery-enabled",
        "non-veg",
        "services",
        "non-veg"
      ]
    }
  ]
}