{
  "basicInfo": {
    "name": "Favourite Pizza And Grill",
    "cuisine_string": "Pizza, Sandwich, Burger, Rolls, Fast Food",
    "canonicalUrl": "https://www.zomato.com/surat/favourite-pizza-and-grill-adajan-patiya/order"
  },
  "ratings": {
    "DINING": {
      "rating_type": "DINING",
      "rating": "3.9",
      "reviewCount": "62",
      "reviewTextSmall": "62 Reviews",
      "subtext": "62 Dining Reviews",
      "color": "#1C1C1C",
      "ratingV2": "3.9",
      "subtitle": "DINING",
      "sideSubTitle": "Dining Ratings",
      "bgColorV2": {
        "type": "green",
        "tint": "600"
      },
      "newOnDining": false
    },
    "DELIVERY": {
      "rating_type": "DELIVERY",
      "rating": "4.3",
      "reviewCount": "2,750",
      "reviewTextSmall": "2,750 Reviews",
      "subtext": "2,750 Delivery Reviews",
      "color": "#E23744",
      "ratingV2": "4.3",
      "subtitle": "DELIVERY",
      "sideSubTitle": "Delivery Ratings",
      "bgColorV2": {
        "type": "green",
        "tint": "700"
      },
      "newOnDelivery": false
    }
  },
  "establishment": {
    "city_id": 38,
    "city_name": "Surat",
    "country_id": 1,
    "country_name": "India",
    "zipcode": "",
    "is_dark_kitchen": false,
    "locality_verbose": "Adajan Patiya, Surat",
    "latitude": "21.2137453196",
    "longitude": "72.8005646914",
    "static_map_url": "https://maps.zomato.com/php/staticmap?center=21.2137453196,72.8005646914&maptype=zomato&markers=21.2137453196,72.8005646914,pin_res32&sensor=false&scale=2&zoom=16&language=en&size=240x150&size=400x240",
    "address": "Shop 7, Near Aamena Tower, New Rander Road, Adajan Patiya, Surat",
    "is_phone_available": 1,
    "phoneDetails": {
      "title": "Phone Numbers",
      "phoneStr": "+919099896624"
    },
    "res_chain_text": "See all 2 Favourite Pizza And Grill outlets in Surat",
    "res_group_text": "",
    "res_chain_url": "https://www.zomato.com/surat/restaurants/favourite-pizza-and-grill",
    "res_group_url": "",
    "show_res_map": true
  },
  "items": [
    {
      "name": "Veg Cheese Pizza [7 Inches]",
      "description": "",
      "media": null,
      "price": 220,
      "menuName": "Pizza",
      "categoryName": "Veg Pizza",
      "slugs": [
        "veg",
        "services",
        "sf-kid-friendly",
        "sf-not-vegan",
        "delivery-enabled",
        "delivery-enabled",
        "veg",
        "services",
        "sf-kid-friendly",
        "sf-not-vegan",
        "veg"
      ]
    },
    {
      "name": "Veg Chilli Cheese Pizza [7 Inches]",
      "description": "",
      "media": null,
      "price": 220,
      "menuName": "Pizza",
      "categoryName": "Veg Pizza",
      "slugs": [
        "veg",
        "services",
        "sf-kid-friendly",
        "sf-not-vegan",
        "delivery-enabled",
        "delivery-enabled",
        "veg",
        "services",
        "sf-kid-friendly",
        "sf-not-vegan",
        "veg"
      ]
    },
    {
      "name": "Plain Cheese Pizza [7 Inches]",
      "description": "",
      "media": null,
      "price": 220,
      "menuName": "Pizza",
      "categoryName": "Veg Pizza",
      "slugs": [
        "veg",
        "services",
        "sf-kid-friendly",
        "sf-not-vegan",
        "delivery-enabled",
        "delivery-enabled",
        "veg",
        "services",
        "sf-kid-friendly",
        "sf-not-vegan",
        "veg"
      ]
    },
    {
      "name": "Veg French Cheese Pizza [7 Inches]",
      "description": "",
      "media": null,
      "price": 220,
      "menuName": "Pizza",
      "categoryName": "Veg Pizza",
      "slugs": [
        "veg",
        "services",
        "sf-kid-friendly",
        "sf-not-vegan",
        "delivery-enabled",
        "delivery-enabled",
        "veg",
        "services",
        "sf-kid-friendly",
        "sf-not-vegan",
        "veg"
      ]
    },
    {
      "name": "Veg Special Cheese Pizza [7 inches]",
      "description": "",
      "media": null,
      "price": 240,
      "menuName": "Pizza",
      "categoryName": "Veg Pizza",
      "slugs": [
        "veg",
        "services",
        "sf-kid-friendly",
        "sf-not-vegan",
        "delivery-enabled",
        "delivery-enabled",
        "veg",
        "services",
        "sf-kid-friendly",
        "sf-not-vegan",
        "veg"
      ]
    },
    {
      "name": "Veg Olive Pizza [7 inches]",
      "description": "",
      "media": null,
      "price": 230,
      "menuName": "Pizza",
      "categoryName": "Veg Pizza",
      "slugs": [
        "veg",
        "services",
        "sf-kid-friendly",
        "delivery-enabled",
        "delivery-enabled",
        "veg",
        "services",
        "sf-kid-friendly",
        "veg"
      ]
    },
    {
      "name": "Special Chicken Pizza [7 Inches]",
      "description": "",
      "media": null,
      "price": 225,
      "menuName": "Pizza",
      "categoryName": "Chicken Special Pizza",
      "slugs": [
        "non-veg",
        "services",
        "sf-kid-friendly",
        "delivery-enabled",
        "delivery-enabled",
        "non-veg",
        "services",
        "sf-kid-friendly",
        "non-veg"
      ]
    },
    {
      "name": "Special Favourite Chicken Pizza [7 Inches]",
      "description": "",
      "media": "https://b.zmtcdn.com/data/dish_photos/90b/f9899a9ab696388a44aa12c37034290b.jpg",
      "price": 225,
      "menuName": "Pizza",
      "categoryName": "Chicken Special Pizza",
      "slugs": [
        "non-veg",
        "restaurant-recommended",
        "services",
        "sf-kid-friendly",
        "delivery-enabled",
        "delivery-enabled",
        "non-veg",
        "restaurant-recommended",
        "services",
        "sf-kid-friendly",
        "non-veg"
      ]
    },
    {
      "name": "Special Makhan Mari Chicken Pizza [7 Inches]",
      "description": "",
      "media": null,
      "price": 235,
      "menuName": "Pizza",
      "categoryName": "Chicken Special Pizza",
      "slugs": [
        "non-veg",
        "services",
        "sf-kid-friendly",
        "delivery-enabled",
        "delivery-enabled",
        "non-veg",
        "services",
        "sf-kid-friendly",
        "non-veg"
      ]
    },
    {
      "name": "Special Chicken Green Tikka Pizza [7 inches]",
      "description": "",
      "media": null,
      "price": 240,
      "menuName": "Pizza",
      "categoryName": "Chicken Special Pizza",
      "slugs": [
        "non-veg",
        "spicy",
        "services",
        "sf-kid-friendly",
        "delivery-enabled",
        "delivery-enabled",
        "non-veg",
        "spicy",
        "services",
        "sf-kid-friendly",
        "non-veg"
      ]
    },
    {
      "name": "Special Chicken Dominos Pizza [7 inches]",
      "description": "",
      "media": null,
      "price": 290,
      "menuName": "Pizza",
      "categoryName": "Chicken Special Pizza",
      "slugs": [
        "non-veg",
        "services",
        "sf-kid-friendly",
        "delivery-enabled",
        "delivery-enabled",
        "non-veg",
        "services",
        "sf-kid-friendly",
        "non-veg"
      ]
    },
    {
      "name": "Double Decker Chicken Pizza [7 Inches]",
      "description": "",
      "media": null,
      "price": 300,
      "menuName": "Pizza",
      "categoryName": "Chicken Special Pizza",
      "slugs": [
        "non-veg",
        "services",
        "sf-kid-friendly",
        "delivery-enabled",
        "delivery-enabled",
        "non-veg",
        "services",
        "sf-kid-friendly",
        "non-veg"
      ]
    },
    {
      "name": "Chicken Cheese Pizza [7 Inches]",
      "description": "",
      "media": null,
      "price": 205,
      "menuName": "Pizza",
      "categoryName": "Chicken Pizza",
      "slugs": [
        "non-veg",
        "services",
        "sf-kid-friendly",
        "delivery-enabled",
        "delivery-enabled",
        "non-veg",
        "services",
        "sf-kid-friendly",
        "non-veg"
      ]
    },
    {
      "name": "Chicken Chilli Garlic Pizza",
      "description": "",
      "media": null,
      "price": 200,
      "menuName": "Pizza",
      "categoryName": "Chicken Pizza",
      "slugs": [
        "non-veg",
        "services",
        "sf-kid-friendly",
        "delivery-enabled",
        "delivery-enabled",
        "non-veg",
        "services",
        "sf-kid-friendly",
        "non-veg"
      ]
    },
    {
      "name": "Chicken Manchurian Pizza [7 Inches]",
      "description": "",
      "media": null,
      "price": 205,
      "menuName": "Pizza",
      "categoryName": "Chicken Pizza",
      "slugs": [
        "non-veg",
        "services",
        "sf-kid-friendly",
        "delivery-enabled",
        "delivery-enabled",
        "non-veg",
        "services",
        "sf-kid-friendly",
        "non-veg"
      ]
    },
    {
      "name": "Chicken Kashmiri Pizza [7 Inches]",
      "description": "",
      "media": null,
      "price": 205,
      "menuName": "Pizza",
      "categoryName": "Chicken Pizza",
      "slugs": [
        "non-veg",
        "services",
        "sf-kid-friendly",
        "delivery-enabled",
        "delivery-enabled",
        "non-veg",
        "services",
        "sf-kid-friendly",
        "non-veg"
      ]
    },
    {
      "name": "Chicken Schezwan Pizza [7 Inches]",
      "description": "",
      "media": null,
      "price": 195,
      "menuName": "Pizza",
      "categoryName": "Chicken Pizza",
      "slugs": [
        "non-veg",
        "restaurant-recommended",
        "services",
        "sf-spicy",
        "delivery-enabled",
        "delivery-enabled",
        "non-veg",
        "restaurant-recommended",
        "services",
        "sf-spicy",
        "non-veg"
      ]
    },
    {
      "name": "Chicken Makhan Mari Pizza [7 Inches]",
      "description": "",
      "media": null,
      "price": 215,
      "menuName": "Pizza",
      "categoryName": "Chicken Pizza",
      "slugs": [
        "non-veg",
        "restaurant-recommended",
        "services",
        "sf-kid-friendly",
        "delivery-enabled",
        "delivery-enabled",
        "non-veg",
        "restaurant-recommended",
        "services",
        "sf-kid-friendly",
        "non-veg"
      ]
    },
    {
      "name": "Chicken Tandoori Pizza [7 Inches]",
      "description": "",
      "media": "https://b.zmtcdn.com/data/dish_photos/530/49cb8524fdc472d62b98fb70dc7d5530.jpg",
      "price": 205,
      "menuName": "Pizza",
      "categoryName": "Chicken Pizza",
      "slugs": [
        "non-veg",
        "restaurant-recommended",
        "hero-item",
        "services",
        "sf-kid-friendly",
        "delivery-enabled",
        "delivery-enabled",
        "non-veg",
        "restaurant-recommended",
        "hero-item",
        "services",
        "sf-kid-friendly",
        "non-veg"
      ]
    },
    {
      "name": "Chicken Arbi Pizza [7 Inches]",
      "description": "Full  crimi",
      "media": "https://b.zmtcdn.com/data/dish_photos/f43/268e829adab009a5750560a3b77b3f43.jpg",
      "price": 230,
      "menuName": "Pizza",
      "categoryName": "Chicken Pizza",
      "slugs": [
        "non-veg",
        "services",
        "sf-kid-friendly",
        "delivery-enabled",
        "delivery-enabled",
        "non-veg",
        "services",
        "sf-kid-friendly",
        "non-veg"
      ]
    },
    {
      "name": "Chicken Carunchi Pizza [Mayonnaise] [7 Inches]",
      "description": "",
      "media": "https://b.zmtcdn.com/data/dish_photos/01f/07b9bebc2bb4d3f25af173e06efa301f.jpg",
      "price": 230,
      "menuName": "Pizza",
      "categoryName": "Chicken Pizza",
      "slugs": [
        "non-veg",
        "restaurant-recommended",
        "services",
        "sf-kid-friendly",
        "delivery-enabled",
        "delivery-enabled",
        "non-veg",
        "restaurant-recommended",
        "services",
        "sf-kid-friendly",
        "non-veg"
      ]
    },
    {
      "name": "Spicy Chicken Green Tikka Pizza [7 Inches]",
      "description": "",
      "media": "https://b.zmtcdn.com/data/dish_photos/f64/182aba6d432466c7e55d821864a61f64.jpg",
      "price": 230,
      "menuName": "Pizza",
      "categoryName": "Chicken Pizza",
      "slugs": [
        "non-veg",
        "spicy",
        "restaurant-recommended",
        "services",
        "sf-spicy",
        "delivery-enabled",
        "delivery-enabled",
        "non-veg",
        "spicy",
        "restaurant-recommended",
        "services",
        "sf-spicy",
        "non-veg"
      ]
    },
    {
      "name": "Special Chicken Pizza [Tandoori] [7 Inches]",
      "description": "",
      "media": null,
      "price": 225,
      "menuName": "Pizza",
      "categoryName": "Chicken Pizza",
      "slugs": [
        "non-veg",
        "spicy",
        "restaurant-recommended",
        "services",
        "sf-kid-friendly",
        "delivery-enabled",
        "delivery-enabled",
        "non-veg",
        "spicy",
        "restaurant-recommended",
        "services",
        "sf-kid-friendly",
        "non-veg"
      ]
    },
    {
      "name": "Special Chicken Pizza [Manchurian] [7 Inches]",
      "description": "",
      "media": null,
      "price": 225,
      "menuName": "Pizza",
      "categoryName": "Chicken Pizza",
      "slugs": [
        "non-veg",
        "spicy",
        "restaurant-recommended",
        "services",
        "sf-kid-friendly",
        "delivery-enabled",
        "delivery-enabled",
        "non-veg",
        "spicy",
        "restaurant-recommended",
        "services",
        "sf-kid-friendly",
        "non-veg"
      ]
    },
    {
      "name": "Special Chicken Pizza [Kashmiri]",
      "description": "",
      "media": null,
      "price": 225,
      "menuName": "Pizza",
      "categoryName": "Chicken Pizza",
      "slugs": [
        "non-veg",
        "spicy",
        "restaurant-recommended",
        "services",
        "sf-kid-friendly",
        "delivery-enabled",
        "delivery-enabled",
        "non-veg",
        "spicy",
        "restaurant-recommended",
        "services",
        "sf-kid-friendly",
        "non-veg"
      ]
    },
    {
      "name": "Chicken Cheese Burger",
      "description": "Flavourful chicken patty cooked to perfection and stuffed between soft buns along with stringy cheese.",
      "media": "https://b.zmtcdn.com/data/dish_photos/fd6/71a9bd6511c34c47f81a163b5e413fd6.jpg",
      "price": 170,
      "menuName": "Burgers",
      "categoryName": "Chicken Burgers",
      "slugs": [
        "non-veg",
        "restaurant-recommended",
        "hero-item",
        "services",
        "delivery-enabled",
        "delivery-enabled",
        "non-veg",
        "restaurant-recommended",
        "hero-item",
        "services",
        "non-veg"
      ]
    },
    {
      "name": "Chicken French Burger",
      "description": "",
      "media": null,
      "price": 170,
      "menuName": "Burgers",
      "categoryName": "Chicken Burgers",
      "slugs": [
        "non-veg",
        "services",
        "delivery-enabled",
        "delivery-enabled",
        "non-veg",
        "services",
        "non-veg"
      ]
    },
    {
      "name": "Chicken Special Burger",
      "description": "",
      "media": null,
      "price": 180,
      "menuName": "Burgers",
      "categoryName": "Chicken Burgers",
      "slugs": [
        "non-veg",
        "services",
        "delivery-enabled",
        "delivery-enabled",
        "non-veg",
        "services",
        "non-veg"
      ]
    },
    {
      "name": "Chicken Grilled Burger",
      "description": "",
      "media": null,
      "price": 190,
      "menuName": "Burgers",
      "categoryName": "Chicken Burgers",
      "slugs": [
        "non-veg",
        "services",
        "delivery-enabled",
        "delivery-enabled",
        "non-veg",
        "services",
        "non-veg"
      ]
    },
    {
      "name": "Chicken Tandoori Grilled Burger",
      "description": "",
      "media": null,
      "price": 190,
      "menuName": "Burgers",
      "categoryName": "Chicken Burgers",
      "slugs": [
        "non-veg",
        "services",
        "delivery-enabled",
        "delivery-enabled",
        "non-veg",
        "services",
        "non-veg"
      ]
    },
    {
      "name": "Chicken Tikki Burger",
      "description": "Home made chicken pice and juicy mayonnaise",
      "media": "https://b.zmtcdn.com/data/dish_photos/d09/b93dee51fb5340c98bd9386a7d9dfd09.jpg",
      "price": 210,
      "menuName": "Burgers",
      "categoryName": "Chicken Burgers",
      "slugs": [
        "non-veg",
        "services",
        "delivery-enabled",
        "delivery-enabled",
        "non-veg",
        "services",
        "non-veg"
      ]
    },
    {
      "name": "Chicken Cheese Grilled Sandwich",
      "description": "Fresh chciken and seasoned crunchy vegetables stuffed with a hole lot of cheese between slices of bread and grilled to perfection.",
      "media": "https://b.zmtcdn.com/data/dish_photos/2c9/6f9af41cd4d83f304533afc85de9d2c9.jpg",
      "price": 230,
      "menuName": "Sandwiches",
      "categoryName": "Non Veg Grilled Sandwiches",
      "slugs": [
        "non-veg",
        "restaurant-recommended",
        "services",
        "delivery-enabled",
        "delivery-enabled",
        "non-veg",
        "restaurant-recommended",
        "services",
        "non-veg"
      ]
    },
    {
      "name": "Chicken Chilli / Garlic Grilled Sandwich",
      "description": "",
      "media": null,
      "price": 225,
      "menuName": "Sandwiches",
      "categoryName": "Non Veg Grilled Sandwiches",
      "slugs": [
        "non-veg",
        "services",
        "delivery-enabled",
        "delivery-enabled",
        "non-veg",
        "services",
        "non-veg"
      ]
    },
    {
      "name": "Chicken Tandoori Grilled Sandwich",
      "description": "",
      "media": null,
      "price": 225,
      "menuName": "Sandwiches",
      "categoryName": "Non Veg Grilled Sandwiches",
      "slugs": [
        "non-veg",
        "services",
        "delivery-enabled",
        "delivery-enabled",
        "non-veg",
        "services",
        "non-veg"
      ]
    },
    {
      "name": "Chicken Makhan Mari Grilled Sandwich",
      "description": "",
      "media": null,
      "price": 225,
      "menuName": "Sandwiches",
      "categoryName": "Non Veg Grilled Sandwiches",
      "slugs": [
        "non-veg",
        "services",
        "delivery-enabled",
        "delivery-enabled",
        "non-veg",
        "services",
        "non-veg"
      ]
    },
    {
      "name": "Veg Cheese Grilled Sandwich",
      "description": "",
      "media": null,
      "price": 240,
      "menuName": "Sandwiches",
      "categoryName": "Veg Grilled Sandwiches",
      "slugs": [
        "veg",
        "services",
        "sf-not-vegan",
        "delivery-enabled",
        "delivery-enabled",
        "veg",
        "services",
        "sf-not-vegan",
        "veg"
      ]
    },
    {
      "name": "Veg French Grilled Sandwich",
      "description": "A decadent french onion grilled cheese sandwich with caramelized onions, melty gruyere and toasty bread.",
      "media": null,
      "price": 240,
      "menuName": "Sandwiches",
      "categoryName": "Veg Grilled Sandwiches",
      "slugs": [
        "veg",
        "services",
        "sf-not-vegan",
        "delivery-enabled",
        "delivery-enabled",
        "veg",
        "services",
        "sf-not-vegan",
        "veg"
      ]
    },
    {
      "name": "Veg Special Grilled Sandwich",
      "description": "Seasoned crunchy vegetables stuffed with a hole lot of cheese between slices of bread and grilled to perfection.",
      "media": null,
      "price": 250,
      "menuName": "Sandwiches",
      "categoryName": "Veg Grilled Sandwiches",
      "slugs": [
        "veg",
        "services",
        "sf-not-vegan",
        "delivery-enabled",
        "delivery-enabled",
        "veg",
        "services",
        "sf-not-vegan",
        "veg"
      ]
    },
    {
      "name": "Veg Chilli with Garlic Grilled Sandwich",
      "description": "",
      "media": null,
      "price": 250,
      "menuName": "Sandwiches",
      "categoryName": "Veg Grilled Sandwiches",
      "slugs": [
        "veg",
        "services",
        "delivery-enabled",
        "delivery-enabled",
        "veg",
        "services",
        "veg"
      ]
    },
    {
      "name": "Chicken Cheese Roll",
      "description": "Juicy and golden rolls stuffed with seasoned chicken chunks tossed with assorted veggies.",
      "media": null,
      "price": 160,
      "menuName": "Rolls",
      "categoryName": "Chicken Rolls",
      "slugs": [
        "non-veg",
        "services",
        "delivery-enabled",
        "delivery-enabled",
        "non-veg",
        "services",
        "non-veg"
      ]
    },
    {
      "name": "Chicken French Cheese Roll",
      "description": "",
      "media": "https://b.zmtcdn.com/data/dish_photos/6d5/b4ea545473398aeba9751280f90f66d5.jpg",
      "price": 170,
      "menuName": "Rolls",
      "categoryName": "Chicken Rolls",
      "slugs": [
        "non-veg",
        "restaurant-recommended",
        "hero-item",
        "services",
        "delivery-enabled",
        "delivery-enabled",
        "non-veg",
        "restaurant-recommended",
        "hero-item",
        "services",
        "non-veg"
      ]
    },
    {
      "name": "Chicken Foot Long Roll",
      "description": "",
      "media": "https://b.zmtcdn.com/data/dish_photos/dc8/5a9911f903807ba63c54461042674dc8.jpg",
      "price": 220,
      "menuName": "Rolls",
      "categoryName": "Chicken Rolls",
      "slugs": [
        "non-veg",
        "restaurant-recommended",
        "services",
        "delivery-enabled",
        "delivery-enabled",
        "non-veg",
        "restaurant-recommended",
        "services",
        "non-veg"
      ]
    },
    {
      "name": "Chicken Nuggets [6 Pieces]",
      "description": "Home made no frozen.",
      "media": "https://b.zmtcdn.com/data/dish_photos/185/b039448bb5b4dfffe89e59c1f9d7d185.jpg",
      "price": 190,
      "menuName": "Snacks Special",
      "categoryName": "Homemade Snacks",
      "slugs": [
        "non-veg",
        "hero-item",
        "services",
        "delivery-enabled",
        "delivery-enabled",
        "non-veg",
        "hero-item",
        "services",
        "non-veg"
      ]
    }
  ]
}