{
  "basicInfo": {
    "name": "Healthy Eatzzz",
    "cuisine_string": "Healthy Food, Salad, Juices, Beverages",
    "canonicalUrl": "https://www.zomato.com/surat/healthy-eatzzz-city-light/order"
  },
  "ratings": {
    "DINING": {
      "rating_type": "DINING",
      "rating": "3.9",
      "reviewCount": "4",
      "reviewTextSmall": "4 Reviews",
      "subtext": "4 Dining Reviews",
      "color": "#1C1C1C",
      "ratingV2": "3.9",
      "subtitle": "DINING",
      "sideSubTitle": "Dining Ratings",
      "bgColorV2": {
        "type": "green",
        "tint": "600"
      },
      "newOnDining": false
    },
    "DELIVERY": {
      "rating_type": "DELIVERY",
      "rating": "4.0",
      "reviewCount": "11.5K",
      "reviewTextSmall": "11.5K Reviews",
      "subtext": "11.5K Delivery Reviews",
      "color": "#E23744",
      "ratingV2": "4.0",
      "subtitle": "DELIVERY",
      "sideSubTitle": "Delivery Ratings",
      "bgColorV2": {
        "type": "green",
        "tint": "700"
      },
      "newOnDelivery": false
    }
  },
  "establishment": {
    "city_id": 38,
    "city_name": "Surat",
    "country_id": 1,
    "country_name": "India",
    "zipcode": "395007",
    "is_dark_kitchen": false,
    "locality_verbose": "City Light, Surat",
    "latitude": "21.1728020000",
    "longitude": "72.7993770000",
    "static_map_url": "https://maps.zomato.com/php/staticmap?center=21.1728020000,72.7993770000&maptype=zomato&markers=21.1728020000,72.7993770000,pin_res32&sensor=false&scale=2&zoom=16&language=en&size=240x150&size=400x240",
    "address": "B 14, Gurukrupa Cooperative Housing Society, Ghod Dod Road, City Light, Surat",
    "is_phone_available": 1,
    "phoneDetails": {
      "title": "Phone Numbers",
      "phoneStr": "+917226091329"
    },
    "res_chain_text": "",
    "res_group_text": "",
    "res_chain_url": "",
    "res_group_url": "",
    "show_res_map": true
  },
  "items": [
    {
      "name": "Americano Cold",
      "description": "",
      "media": null,
      "price": 140,
      "menuName": "Coffee",
      "categoryName": "",
      "slugs": [
        "veg",
        "services",
        "delivery-enabled",
        "delivery-enabled",
        "veg",
        "services",
        "veg"
      ]
    },
    {
      "name": "Americano Hot",
      "description": "",
      "media": null,
      "price": 140,
      "menuName": "Coffee",
      "categoryName": "",
      "slugs": [
        "veg",
        "services",
        "delivery-enabled",
        "delivery-enabled",
        "veg",
        "services",
        "veg"
      ]
    },
    {
      "name": "Cappuccino",
      "description": "",
      "media": null,
      "price": 175,
      "menuName": "Coffee",
      "categoryName": "",
      "slugs": [
        "veg",
        "services",
        "delivery-enabled",
        "delivery-enabled",
        "veg",
        "services",
        "veg"
      ]
    },
    {
      "name": "Cold Brew",
      "description": "",
      "media": null,
      "price": 250,
      "menuName": "Coffee",
      "categoryName": "",
      "slugs": [
        "veg",
        "services",
        "delivery-enabled",
        "delivery-enabled",
        "veg",
        "services",
        "veg"
      ]
    },
    {
      "name": "Cold Brew With Tonic",
      "description": "",
      "media": null,
      "price": 300,
      "menuName": "Coffee",
      "categoryName": "",
      "slugs": [
        "veg",
        "services",
        "delivery-enabled",
        "delivery-enabled",
        "veg",
        "services",
        "veg"
      ]
    },
    {
      "name": "Asparagus And Waterchestnut",
      "description": "",
      "media": null,
      "price": 275,
      "menuName": "New @Healthy Eatzzz",
      "categoryName": "",
      "slugs": [
        "veg",
        "services",
        "delivery-enabled",
        "delivery-enabled",
        "veg",
        "services",
        "veg"
      ]
    },
    {
      "name": "Avocado Sushi",
      "description": "Avocado,cucumber, and Jalepinos",
      "media": null,
      "price": 495,
      "menuName": "New @Healthy Eatzzz",
      "categoryName": "",
      "slugs": [
        "veg",
        "services",
        "delivery-enabled",
        "delivery-enabled",
        "veg",
        "services",
        "veg"
      ]
    },
    {
      "name": "Broccoli Corn Dimsum",
      "description": "",
      "media": "https://b.zmtcdn.com/data/dish_photos/188/122253639bfb872f3617baa86cf94188.jpeg",
      "price": 275,
      "menuName": "New @Healthy Eatzzz",
      "categoryName": "",
      "slugs": [
        "veg",
        "services",
        "delivery-enabled",
        "delivery-enabled",
        "veg",
        "services",
        "veg"
      ]
    },
    {
      "name": "Broccoli Kulcha",
      "description": "Whole wheat kulcha stuffed with broccoli and served with chutney and raita",
      "media": null,
      "price": 250,
      "menuName": "New @Healthy Eatzzz",
      "categoryName": "",
      "slugs": [
        "veg",
        "services",
        "delivery-enabled",
        "delivery-enabled",
        "veg",
        "services",
        "veg"
      ]
    },
    {
      "name": "Broccoli Tikka",
      "description": "Broccoli Marinated in indian spices and cooked in tandoor",
      "media": null,
      "price": 450,
      "menuName": "New @Healthy Eatzzz",
      "categoryName": "",
      "slugs": [
        "veg",
        "services",
        "delivery-enabled",
        "delivery-enabled",
        "veg",
        "services",
        "veg"
      ]
    },
    {
      "name": "Crunchy Edamame & Quinoa Roll",
      "description": "",
      "media": null,
      "price": 495,
      "menuName": "New @Healthy Eatzzz",
      "categoryName": "",
      "slugs": [
        "veg",
        "services",
        "delivery-enabled",
        "delivery-enabled",
        "veg",
        "services",
        "veg"
      ]
    },
    {
      "name": "Healthy Tikka Biryani",
      "description": "Healthy brown rice biryan made with healthy vegetables and paneer tikka and served with raita",
      "media": "https://b.zmtcdn.com/data/dish_photos/0da/118743a6fa81cad34cb25ccf83b620da.png",
      "price": 0,
      "menuName": "New @Healthy Eatzzz",
      "categoryName": "",
      "slugs": [
        "veg",
        "services",
        "sf-not-vegan",
        "delivery-enabled",
        "delivery-enabled",
        "veg",
        "services",
        "sf-not-vegan",
        "veg"
      ]
    },
    {
      "name": "Mushroom Kulcha",
      "description": "Whole wheat kulcha stuffed with mushroom and served with raita and chutney",
      "media": null,
      "price": 250,
      "menuName": "New @Healthy Eatzzz",
      "categoryName": "",
      "slugs": [
        "veg",
        "services",
        "delivery-enabled",
        "delivery-enabled",
        "veg",
        "services",
        "veg"
      ]
    },
    {
      "name": "Paneer Kulcha",
      "description": "Whole wheat kulcha stuffed with paneer and served with chutney and raita",
      "media": null,
      "price": 250,
      "menuName": "New @Healthy Eatzzz",
      "categoryName": "",
      "slugs": [
        "veg",
        "services",
        "sf-not-vegan",
        "delivery-enabled",
        "delivery-enabled",
        "veg",
        "services",
        "sf-not-vegan",
        "veg"
      ]
    },
    {
      "name": "Paneer Tikka",
      "description": "Paneer marinated in indian spice and cooked in tandoor",
      "media": null,
      "price": 450,
      "menuName": "New @Healthy Eatzzz",
      "categoryName": "",
      "slugs": [
        "veg",
        "services",
        "sf-not-vegan",
        "delivery-enabled",
        "delivery-enabled",
        "veg",
        "services",
        "sf-not-vegan",
        "veg"
      ]
    },
    {
      "name": "Pesto Paneer Tikka",
      "description": "Paneer Marinated in Pesto and cooked in tandoor",
      "media": null,
      "price": 450,
      "menuName": "New @Healthy Eatzzz",
      "categoryName": "",
      "slugs": [
        "veg",
        "services",
        "sf-not-vegan",
        "delivery-enabled",
        "delivery-enabled",
        "veg",
        "services",
        "sf-not-vegan",
        "veg"
      ]
    },
    {
      "name": "Spicy Veg Dimsum",
      "description": "",
      "media": "https://b.zmtcdn.com/data/dish_photos/d41/74062ec67139ff165bade06f27c58d41.jpeg",
      "price": 275,
      "menuName": "New @Healthy Eatzzz",
      "categoryName": "",
      "slugs": [
        "veg",
        "services",
        "sf-spicy",
        "delivery-enabled",
        "delivery-enabled",
        "veg",
        "services",
        "sf-spicy",
        "veg"
      ]
    },
    {
      "name": "Truffle Mushroom",
      "description": "Assorted Mushroom. truffle mayo",
      "media": null,
      "price": 495,
      "menuName": "New @Healthy Eatzzz",
      "categoryName": "",
      "slugs": [
        "veg",
        "services",
        "delivery-enabled",
        "delivery-enabled",
        "veg",
        "services",
        "veg"
      ]
    },
    {
      "name": "Aglio E Olio",
      "description": "Spaghetti saluted with garlic, olive oil, cherry tomatoes,olives",
      "media": null,
      "price": 0,
      "menuName": "Healthy Pasta",
      "categoryName": "",
      "slugs": [
        "veg",
        "services",
        "delivery-enabled",
        "delivery-enabled",
        "veg",
        "services",
        "veg"
      ]
    },
    {
      "name": "Arrabiata",
      "description": "Pasta Tossed in spicy tomato sauce with corn, bell peppers, mushroom, olives,",
      "media": null,
      "price": 0,
      "menuName": "Healthy Pasta",
      "categoryName": "",
      "slugs": [
        "veg",
        "services",
        "sf-spicy",
        "delivery-enabled",
        "delivery-enabled",
        "veg",
        "services",
        "sf-spicy",
        "veg"
      ]
    },
    {
      "name": "Broccoli Pesto",
      "description": "Pasta tossed with rich and creamy broccoli Pesto sauce with broccoli,mushroom,corn,bell peppers, olives",
      "media": null,
      "price": 0,
      "menuName": "Healthy Pasta",
      "categoryName": "",
      "slugs": [
        "veg",
        "services",
        "delivery-enabled",
        "delivery-enabled",
        "veg",
        "services",
        "veg"
      ]
    },
    {
      "name": "Pesto Pasta",
      "description": "Pasta tossed in creamy pesto sauce with mushroom,cherry tomatoes,olives, bell peppers",
      "media": null,
      "price": 0,
      "menuName": "Healthy Pasta",
      "categoryName": "",
      "slugs": [
        "veg",
        "services",
        "delivery-enabled",
        "delivery-enabled",
        "veg",
        "services",
        "veg"
      ]
    },
    {
      "name": "Baked Sweet Potatoes",
      "description": "Baked sweet potato fries served with chipotle dip and sriracha mayo dip",
      "media": "https://b.zmtcdn.com/data/dish_photos/63a/0dec8e56395fd3e66597dc547114363a.jpeg",
      "price": 350,
      "menuName": "Healthy Starters",
      "categoryName": "",
      "slugs": [
        "veg",
        "restaurant-recommended",
        "services",
        "delivery-enabled",
        "delivery-enabled",
        "veg",
        "restaurant-recommended",
        "services",
        "veg"
      ]
    },
    {
      "name": "Herbed Pita Bread With Humus",
      "description": "Whole wheat pitta bread grilled with herbs and served with humus",
      "media": "https://b.zmtcdn.com/data/dish_photos/ffd/d13d6d021c553efb58ca4a5a3a292ffd.jpeg",
      "price": 200,
      "menuName": "Healthy Starters",
      "categoryName": "",
      "slugs": [
        "veg",
        "services",
        "delivery-enabled",
        "delivery-enabled",
        "veg",
        "services",
        "veg"
      ]
    },
    {
      "name": "Loaded Ragi Nachos",
      "description": "Ragi chips,lettuce,corn, tomatoes,capsicum,beans,olives,jalepinos,low fat cheese sauce, Mexican sauce,salsa,sour cream",
      "media": "https://b.zmtcdn.com/data/dish_photos/291/4228519e0a480be6a3359a413b3c6291.jpg",
      "price": 250,
      "menuName": "Healthy Starters",
      "categoryName": "",
      "slugs": [
        "veg",
        "services",
        "sf-not-vegan",
        "delivery-enabled",
        "delivery-enabled",
        "veg",
        "services",
        "sf-not-vegan",
        "veg"
      ]
    },
    {
      "name": "Ultimate Bake Ragi Nachos",
      "description": "Baked Ragi Nachos,Capsicum,corn,olives,Jalapinos ,lettuce,Pica de gello,Sour cream, Mexican Bake beans,Avacado Sauce,Cheese Sauce,",
      "media": "https://b.zmtcdn.com/data/dish_photos/29e/5aea4dc697d5df4e2a76246ab687629e.jpeg",
      "price": 375,
      "menuName": "Healthy Starters",
      "categoryName": "",
      "slugs": [
        "veg",
        "services",
        "sf-not-vegan",
        "delivery-enabled",
        "delivery-enabled",
        "veg",
        "services",
        "sf-not-vegan",
        "veg"
      ]
    },
    {
      "name": "Avacado And Cream Cheese Cibbata Sandwich",
      "description": "Avocado, cream cheese, basil leaves, roasted cherry tomatoes served in a whole wheat cibbata bread served with house salad.",
      "media": "https://b.zmtcdn.com/data/dish_photos/36d/7be64ecd13446ad50f386ab28c3bb36d.jpeg",
      "price": 0,
      "menuName": "Breakfast",
      "categoryName": "",
      "slugs": [
        "veg",
        "services",
        "sf-not-vegan",
        "delivery-enabled",
        "delivery-enabled",
        "veg",
        "services",
        "sf-not-vegan",
        "veg"
      ]
    },
    {
      "name": "Avacado Veg Croissants",
      "description": "Avocado,Lettuce,tomatoes,capsicum,olives,jalapenos,Cheese Jalapeno Sauce,Chipotle Sauce,Served in croissants, with house salad",
      "media": null,
      "price": 295,
      "menuName": "Breakfast",
      "categoryName": "",
      "slugs": [
        "veg",
        "restaurant-recommended",
        "services",
        "sf-spicy",
        "sf-not-vegan",
        "delivery-enabled",
        "delivery-enabled",
        "veg",
        "restaurant-recommended",
        "services",
        "sf-spicy",
        "sf-not-vegan",
        "veg"
      ]
    },
    {
      "name": "Cibbata Salad Sandwich",
      "description": "Pesto tomatoes mozzarella balsamic grilled onion, grilled mushroom, spinach leaves served in a whole wheat cibbata bread along with house salad.",
      "media": null,
      "price": 250,
      "menuName": "Breakfast",
      "categoryName": "",
      "slugs": [
        "veg",
        "services",
        "delivery-enabled",
        "delivery-enabled",
        "veg",
        "services",
        "veg"
      ]
    },
    {
      "name": "Coco Oats With Fruits And Nuts",
      "description": "Rolled oats,Coco powder,honey,Soya milk,mix berries ,mix fruits,almonds",
      "media": "https://b.zmtcdn.com/data/dish_photos/dce/3a1586bca51530e6352ccf5b623d9dce.jpeg",
      "price": 300,
      "menuName": "Breakfast",
      "categoryName": "",
      "slugs": [
        "veg",
        "services",
        "sf-not-vegan",
        "delivery-enabled",
        "delivery-enabled",
        "veg",
        "services",
        "sf-not-vegan",
        "veg"
      ]
    },
    {
      "name": "French Toast(Eggless)",
      "description": "Custard dipped Sourdough milk bread served with fruits, honey and almonds",
      "media": "https://b.zmtcdn.com/data/dish_photos/8e7/b40752ac019b34f998c0149bfb8568e7.jpeg",
      "price": 0,
      "menuName": "Breakfast",
      "categoryName": "",
      "slugs": [
        "veg",
        "restaurant-recommended",
        "services",
        "sf-not-vegan",
        "delivery-enabled",
        "delivery-enabled",
        "veg",
        "restaurant-recommended",
        "services",
        "sf-not-vegan",
        "veg"
      ]
    },
    {
      "name": "Hot Avocado Toast",
      "description": "Toast with whipped cottage cheese with avocado and hot sauce served with house salad",
      "media": "https://b.zmtcdn.com/data/dish_photos/568/eb115b2377fd4db6c753d16909277568.jpeg",
      "price": 0,
      "menuName": "Breakfast",
      "categoryName": "",
      "slugs": [
        "veg",
        "restaurant-recommended",
        "services",
        "sf-spicy",
        "sf-not-vegan",
        "delivery-enabled",
        "delivery-enabled",
        "veg",
        "restaurant-recommended",
        "services",
        "sf-spicy",
        "sf-not-vegan",
        "veg"
      ]
    },
    {
      "name": "Hummus Toast",
      "description": "Toast with house made hummus and sautéed mushroom served with house salad",
      "media": "https://b.zmtcdn.com/data/dish_photos/c64/4ebdca0ff088c1ae54de11c873916c64.jpeg",
      "price": 250,
      "menuName": "Breakfast",
      "categoryName": "",
      "slugs": [
        "veg",
        "services",
        "delivery-enabled",
        "delivery-enabled",
        "veg",
        "services",
        "veg"
      ]
    },
    {
      "name": "Pesto Cream Cheese Bagel",
      "description": "Cream cheese and pesto in a multi seed bagel served with house salad.",
      "media": "https://b.zmtcdn.com/data/dish_photos/9d6/2a7ed00c093ed2afb03ebe5dd96859d6.jpeg",
      "price": 250,
      "menuName": "Breakfast",
      "categoryName": "",
      "slugs": [
        "veg",
        "services",
        "sf-not-vegan",
        "delivery-enabled",
        "delivery-enabled",
        "veg",
        "services",
        "sf-not-vegan",
        "veg"
      ]
    },
    {
      "name": "Tofu Akuri",
      "description": "[Veg preparation] Silken tofu perfectly cooked in akuri style, with ginger, garlic and chilli just like the Parsi community in Mumbai eat their eggs, a good source of protein.",
      "media": "https://b.zmtcdn.com/data/dish_photos/fac/fb85be6c6c03f909271f49c99372afac.jpeg",
      "price": 250,
      "menuName": "Breakfast",
      "categoryName": "",
      "slugs": [
        "veg",
        "services",
        "sf-vegan",
        "delivery-enabled",
        "delivery-enabled",
        "veg",
        "services",
        "sf-vegan",
        "veg"
      ]
    },
    {
      "name": "Twisted Cream Cheese Bagel",
      "description": "| Serve 1 | Cilantro cream cheese, avocado in a multi seed Wheat bagel served with house salad.",
      "media": "https://b.zmtcdn.com/data/dish_photos/af0/05e773616bd21e4d77905d800d597af0.jpeg",
      "price": 0,
      "menuName": "Breakfast",
      "categoryName": "",
      "slugs": [
        "veg",
        "services",
        "sf-not-vegan",
        "delivery-enabled",
        "delivery-enabled",
        "veg",
        "services",
        "sf-not-vegan",
        "veg"
      ]
    },
    {
      "name": "Veg Cream Cheese Croissants",
      "description": "Cream cheese,basil,cherry tomatoes,mushroom,balsamic onions,served in croissants with house salad",
      "media": "https://b.zmtcdn.com/data/dish_photos/51f/6de6bc204f05d9f79c074f87c98dd51f.jpeg",
      "price": 295,
      "menuName": "Breakfast",
      "categoryName": "",
      "slugs": [
        "veg",
        "services",
        "sf-not-vegan",
        "delivery-enabled",
        "delivery-enabled",
        "veg",
        "services",
        "sf-not-vegan",
        "veg"
      ]
    },
    {
      "name": "Dragon Buddha Bowl",
      "description": "Brown rice, Zucchini, bell peppers, mushroom, French beans, carrot, baby corn,purple cabbage served with spicy dragon curry",
      "media": "https://b.zmtcdn.com/data/dish_photos/0d1/fc917a06ba9bfacb8c606603c66d80d1.jpeg",
      "price": 0,
      "menuName": "Buddha Bowl [Food For Your Soul]",
      "categoryName": "",
      "slugs": [
        "veg",
        "restaurant-recommended",
        "services",
        "delivery-enabled",
        "delivery-enabled",
        "veg",
        "restaurant-recommended",
        "services",
        "veg"
      ]
    },
    {
      "name": "Greek Buddha Bowl",
      "description": "Rasin quinoa,lettuce,cherry tomatoes,cucumber,herb potatoes,olives,purple cabbage,sauted onions,bell peppers,feta cheese, pomegranate,greek dressing served with warm pita bread",
      "media": "https://b.zmtcdn.com/data/dish_photos/c3e/68f448d12ffd8650085252d5e1764c3e.jpeg",
      "price": 395,
      "menuName": "Buddha Bowl [Food For Your Soul]",
      "categoryName": "",
      "slugs": [
        "veg",
        "services",
        "sf-not-vegan",
        "delivery-enabled",
        "delivery-enabled",
        "veg",
        "services",
        "sf-not-vegan",
        "veg"
      ]
    },
    {
      "name": "Indian Buddha Bowl",
      "description": "Brown Rice, Spinach, onion, corn, tomatoes,capsicum, cholle, grilled paneer,Raita,Makhani Gravy",
      "media": "https://b.zmtcdn.com/data/dish_photos/6cd/4990b111d04f85aa85664aed915aa6cd.jpeg",
      "price": 395,
      "menuName": "Buddha Bowl [Food For Your Soul]",
      "categoryName": "",
      "slugs": [
        "veg",
        "services",
        "sf-not-vegan",
        "delivery-enabled",
        "delivery-enabled",
        "veg",
        "services",
        "sf-not-vegan",
        "veg"
      ]
    },
    {
      "name": "Italian Buddha Bowl",
      "description": "Whole wheat spaghetti Aglio e olio, broccoli, cherry tomatoes, mushroom, corn, olives, bell peppers, pomodoro sauce, pesto.",
      "media": "https://b.zmtcdn.com/data/dish_photos/d37/fed107a7750b897a8eff7c611e2acd37.jpeg",
      "price": 395,
      "menuName": "Buddha Bowl [Food For Your Soul]",
      "categoryName": "",
      "slugs": [
        "veg",
        "services",
        "delivery-enabled",
        "delivery-enabled",
        "veg",
        "services",
        "veg"
      ]
    },
    {
      "name": "Kimchi Ramen Bowl",
      "description": "Spinach Noodles (gluten Free), Bok choy, edamame, carrot,cucumber, shitake mushrooms,purple cabbage, kimchi broth",
      "media": "https://b.zmtcdn.com/data/dish_photos/aea/b569eb4dbbdcc47895ffbbc1feaecaea.jpeg",
      "price": 385,
      "menuName": "Buddha Bowl [Food For Your Soul]",
      "categoryName": "",
      "slugs": [
        "veg",
        "restaurant-recommended",
        "services",
        "delivery-enabled",
        "delivery-enabled",
        "veg",
        "restaurant-recommended",
        "services",
        "veg"
      ]
    },
    {
      "name": "Korean Bibimbap Bowl",
      "description": "Grilled paneer, pickled cucumber& zucchini ,garlic Bokchoy,carrot,kimchi,mushroom,bellpepers,sesame seeds,brown rice  served with Korean Gochujang sauce,",
      "media": "https://b.zmtcdn.com/data/dish_photos/d4a/b5787f38182b28913d733332d95c1d4a.jpeg",
      "price": 395,
      "menuName": "Buddha Bowl [Food For Your Soul]",
      "categoryName": "",
      "slugs": [
        "veg",
        "combo-item",
        "services",
        "value-meal",
        "sf-not-vegan",
        "delivery-enabled",
        "delivery-enabled",
        "veg",
        "combo-item",
        "services",
        "value-meal",
        "sf-not-vegan",
        "veg"
      ]
    },
    {
      "name": "Laksha Bowl",
      "description": "A coconut spicy broth served with rice noodles , French beans, carrot, broccoli, mushroom,green peas, purple cabbage, Lemmon, baby corn, peanuts",
      "media": "https://b.zmtcdn.com/data/dish_photos/85c/153e7ce3fd2b8c37b3deb0990587885c.jpeg",
      "price": 0,
      "menuName": "Buddha Bowl [Food For Your Soul]",
      "categoryName": "",
      "slugs": [
        "veg",
        "spicy",
        "restaurant-recommended",
        "services",
        "sf-spicy",
        "delivery-enabled",
        "delivery-enabled",
        "veg",
        "spicy",
        "restaurant-recommended",
        "services",
        "sf-spicy",
        "veg"
      ]
    },
    {
      "name": "Mediterranean Buddha Bowl",
      "description": "Brown rice,zattar spiced Grilled aubergine, zucchini , mushroom, bell pepper , grilled pesto paneer. Beans,feta, olives, lettuce, cheese sauce,humus, beetroot tzatziki",
      "media": "https://b.zmtcdn.com/data/dish_photos/c9a/c82faa604ec41874ac4d493180d02c9a.jpeg",
      "price": 0,
      "menuName": "Buddha Bowl [Food For Your Soul]",
      "categoryName": "",
      "slugs": [
        "veg",
        "services",
        "sf-spicy",
        "sf-not-vegan",
        "delivery-enabled",
        "delivery-enabled",
        "veg",
        "services",
        "sf-spicy",
        "sf-not-vegan",
        "veg"
      ]
    },
    {
      "name": "Mexican Santa Fe",
      "description": "Adobo sauce brown rice served with chilli smoked paneer, baked beans. Sour cream, pico de gallo, lettuce, corn, olives, jalapenos, nachos, avocado cilantro sauce, shredded cheese, warm pitta.",
      "media": "https://b.zmtcdn.com/data/dish_photos/939/f50ac88a19134d97c0a41f373b53e939.jpeg",
      "price": 0,
      "menuName": "Buddha Bowl [Food For Your Soul]",
      "categoryName": "",
      "slugs": [
        "veg",
        "restaurant-recommended",
        "services",
        "delivery-enabled",
        "delivery-enabled",
        "veg",
        "restaurant-recommended",
        "services",
        "veg"
      ]
    },
    {
      "name": "Shawarma Buddha Bowl",
      "description": "| Serves 1-2 | Medium spicy | Brown rice,lettuce salad,falafel balls,cherry tomatoes,baba ghanoush,humus,house special labneh,spicy muhammara,harissa,",
      "media": "https://b.zmtcdn.com/data/dish_photos/485/e548a8404e3061a2f7f1f12ca694d485.jpeg",
      "price": 0,
      "menuName": "Buddha Bowl [Food For Your Soul]",
      "categoryName": "",
      "slugs": [
        "veg",
        "combo-item",
        "services",
        "value-meal",
        "sf-spicy",
        "delivery-enabled",
        "delivery-enabled",
        "veg",
        "combo-item",
        "services",
        "value-meal",
        "sf-spicy",
        "veg"
      ]
    },
    {
      "name": "Sunshine Buddha Bowl",
      "description": "Brown rice Lettuce, basil, Kidney Beans, Broccoli, Pico De Gallo, potato,Onion, olives, Paneer, Avocado Dice, Shredded Cabbage In citrusy coconut curry",
      "media": "https://b.zmtcdn.com/data/dish_photos/0bf/c0560842871aeebf3d301b20c20f20bf.jpeg",
      "price": 0,
      "menuName": "Buddha Bowl [Food For Your Soul]",
      "categoryName": "",
      "slugs": [
        "veg",
        "restaurant-recommended",
        "services",
        "sf-not-vegan",
        "delivery-enabled",
        "delivery-enabled",
        "veg",
        "restaurant-recommended",
        "services",
        "sf-not-vegan",
        "veg"
      ]
    },
    {
      "name": "Athens Spinach Pizza [10 Inches]",
      "description": "Garlicky spinach, mushrooms, corn, feta cheese, pomodoro sauce, mozzarella cheese, ragi thin crust base.",
      "media": "https://b.zmtcdn.com/data/dish_photos/fe6/f2be609a4e7907ce3f2887cf8d4b7fe6.jpeg",
      "price": 0,
      "menuName": "Healthy Pizza",
      "categoryName": "",
      "slugs": [
        "veg",
        "services",
        "sf-kid-friendly",
        "sf-not-vegan",
        "delivery-enabled",
        "delivery-enabled",
        "veg",
        "services",
        "sf-kid-friendly",
        "sf-not-vegan",
        "veg"
      ]
    },
    {
      "name": "Exotica",
      "description": "Paneer,Mushroom, golden corn, capsicums, zucchini, broccoli, and jalapeno, olives",
      "media": "https://b.zmtcdn.com/data/dish_photos/1da/068ffe7be17c6841f8632edadc72c1da.jpeg",
      "price": 0,
      "menuName": "Healthy Pizza",
      "categoryName": "",
      "slugs": [
        "veg",
        "services",
        "sf-kid-friendly",
        "sf-not-vegan",
        "delivery-enabled",
        "delivery-enabled",
        "veg",
        "services",
        "sf-kid-friendly",
        "sf-not-vegan",
        "veg"
      ]
    },
    {
      "name": "Garden Veg Pizza [10 Inches]",
      "description": "Tomatoes, caramelized onions, capsicum, mushroom, corn, olives, pomodoro sauce, mozzarella cheese, ragi thin crust base.",
      "media": "https://b.zmtcdn.com/data/dish_photos/8ea/42bbef11f6c0a312c933dfb5c72448ea.jpeg",
      "price": 0,
      "menuName": "Healthy Pizza",
      "categoryName": "",
      "slugs": [
        "veg",
        "services",
        "sf-kid-friendly",
        "sf-not-vegan",
        "delivery-enabled",
        "delivery-enabled",
        "veg",
        "services",
        "sf-kid-friendly",
        "sf-not-vegan",
        "veg"
      ]
    },
    {
      "name": "Grande",
      "description": "Mushroom, golden corn, capsicums, zucchini, broccoli ,sun dried tomatoes",
      "media": "https://b.zmtcdn.com/data/dish_photos/ce8/766fa33e92c3c834cda96abe16d02ce8.jpeg",
      "price": 0,
      "menuName": "Healthy Pizza",
      "categoryName": "",
      "slugs": [
        "veg",
        "services",
        "sf-kid-friendly",
        "delivery-enabled",
        "delivery-enabled",
        "veg",
        "services",
        "sf-kid-friendly",
        "veg"
      ]
    },
    {
      "name": "Hawaiian",
      "description": "Pineapple, jalapeno, corn, red paprika",
      "media": "https://b.zmtcdn.com/data/dish_photos/cee/bb931e59e03f07d081c3f44a23753cee.jpeg",
      "price": 0,
      "menuName": "Healthy Pizza",
      "categoryName": "",
      "slugs": [
        "veg",
        "services",
        "sf-spicy",
        "delivery-enabled",
        "delivery-enabled",
        "veg",
        "services",
        "sf-spicy",
        "veg"
      ]
    },
    {
      "name": "Healthy Overload Pizza [10 Inches]",
      "description": "Broccoli, zucchini, tomatoes, tricolor capsicum, corn, caramelized onions, garlicky spinach, mushrooms, olives, jalapenos, pomodoro sauce, mozzarella cheese, ragi thin crust base.",
      "media": "https://b.zmtcdn.com/data/dish_photos/6bd/710dd7fbe433eeadfd98d73c6f8a06bd.jpeg",
      "price": 0,
      "menuName": "Healthy Pizza",
      "categoryName": "",
      "slugs": [
        "veg",
        "restaurant-recommended",
        "services",
        "sf-kid-friendly",
        "sf-not-vegan",
        "delivery-enabled",
        "delivery-enabled",
        "veg",
        "restaurant-recommended",
        "services",
        "sf-kid-friendly",
        "sf-not-vegan",
        "veg"
      ]
    },
    {
      "name": "Makhani Paneer Pizza [10 Inches]",
      "description": "Paneer, corn, capsicum, caramelized onions, tomatoes, broccoli, makhani sauce, mozzarella cheese, ragi thin crust base.",
      "media": null,
      "price": 0,
      "menuName": "Healthy Pizza",
      "categoryName": "",
      "slugs": [
        "veg",
        "services",
        "sf-kid-friendly",
        "sf-not-vegan",
        "delivery-enabled",
        "delivery-enabled",
        "veg",
        "services",
        "sf-kid-friendly",
        "sf-not-vegan",
        "veg"
      ]
    },
    {
      "name": "Margherita Pizza [10 Inches]",
      "description": "Classic pomodoro sauce, basil, mozzarella cheese, ragi thin crust base.",
      "media": "https://b.zmtcdn.com/data/dish_photos/239/ee7d95c0dccd2e3dcf71b2bf834d9239.jpeg",
      "price": 0,
      "menuName": "Healthy Pizza",
      "categoryName": "",
      "slugs": [
        "veg",
        "services",
        "sf-kid-friendly",
        "sf-not-vegan",
        "delivery-enabled",
        "delivery-enabled",
        "veg",
        "services",
        "sf-kid-friendly",
        "sf-not-vegan",
        "veg"
      ]
    },
    {
      "name": "Pesto",
      "description": "Pesto sauce, sundried tomatoes, mushroom, olives",
      "media": "https://b.zmtcdn.com/data/dish_photos/60f/0b03eb3d125a198ab104b0fc9aec160f.jpeg",
      "price": 0,
      "menuName": "Healthy Pizza",
      "categoryName": "",
      "slugs": [
        "veg",
        "services",
        "sf-kid-friendly",
        "delivery-enabled",
        "delivery-enabled",
        "veg",
        "services",
        "sf-kid-friendly",
        "veg"
      ]
    },
    {
      "name": "Spicy Paneer",
      "description": "Panner, chillies, tomatoes, bell peppers, corn,onion,jalepinos",
      "media": "https://b.zmtcdn.com/data/dish_photos/213/55810c9343aebcfe14d648b179a5b213.jpeg",
      "price": 0,
      "menuName": "Healthy Pizza",
      "categoryName": "",
      "slugs": [
        "veg",
        "services",
        "sf-spicy",
        "sf-not-vegan",
        "delivery-enabled",
        "delivery-enabled",
        "veg",
        "services",
        "sf-spicy",
        "sf-not-vegan",
        "veg"
      ]
    },
    {
      "name": "Tandoori Paneer Pizza [10 Inches]",
      "description": "Paneer, corn, caramelized onions, capsicum, tomatoes, coriander, tandoori sauce, pomodoro sauce, mozzarella cheese, ragi thin crust base.",
      "media": "https://b.zmtcdn.com/data/dish_photos/126/283e273304ab6334969071733cbc4126.jpeg",
      "price": 0,
      "menuName": "Healthy Pizza",
      "categoryName": "",
      "slugs": [
        "veg",
        "services",
        "sf-kid-friendly",
        "sf-not-vegan",
        "delivery-enabled",
        "delivery-enabled",
        "veg",
        "services",
        "sf-kid-friendly",
        "sf-not-vegan",
        "veg"
      ]
    },
    {
      "name": "Broccoli Apple Salad",
      "description": "Lettuce, apple, red cabbage, broccoli, corn, walnuts, olives, feta cheese. Dressing: Lemon Vinaigrette",
      "media": "https://b.zmtcdn.com/data/dish_photos/0e7/b624940cc98a4d1ba67286c9932f70e7.jpeg",
      "price": 265,
      "menuName": "Healthy Salad",
      "categoryName": "",
      "slugs": [
        "veg",
        "services",
        "sf-not-vegan",
        "delivery-enabled",
        "delivery-enabled",
        "veg",
        "services",
        "sf-not-vegan",
        "veg"
      ]
    },
    {
      "name": "Glow Bowl Salad",
      "description": "Spinach,Quinoa,tomatoes,beetroot,carrot,corn,olives,chickpea,blueberry,feta,mix seeds Dressing:Honey Mustard",
      "media": "https://b.zmtcdn.com/data/dish_photos/aa5/1d6692e855f6d896e56348596e574aa5.jpeg",
      "price": 275,
      "menuName": "Healthy Salad",
      "categoryName": "",
      "slugs": [
        "veg",
        "combo-item",
        "services",
        "value-meal",
        "sf-not-vegan",
        "delivery-enabled",
        "delivery-enabled",
        "veg",
        "combo-item",
        "services",
        "value-meal",
        "sf-not-vegan",
        "veg"
      ]
    },
    {
      "name": "Green Goodness",
      "description": "Lettuce, spinach, broccoli, edamame, avocado, French beans, celery, mix seeds, Dressing :Green goodness dressing",
      "media": "https://b.zmtcdn.com/data/dish_photos/23e/5a89fd9eb611ea6daaec4b98c500c23e.jpeg",
      "price": 250,
      "menuName": "Healthy Salad",
      "categoryName": "",
      "slugs": [
        "veg",
        "restaurant-recommended",
        "services",
        "delivery-enabled",
        "delivery-enabled",
        "veg",
        "restaurant-recommended",
        "services",
        "veg"
      ]
    },
    {
      "name": "Healthy Punch Salad",
      "description": "Lettuce,Paneer,Broccoli,zucchini,corn,mushroom,tomatoes,capsicum,olives,jalapenos,chickpea Dressing:Sweet Vinaigrette",
      "media": "https://b.zmtcdn.com/data/dish_photos/0f6/3f69f625cbaa14700bf6db82058bc0f6.jpeg",
      "price": 275,
      "menuName": "Healthy Salad",
      "categoryName": "",
      "slugs": [
        "veg",
        "services",
        "sf-not-vegan",
        "delivery-enabled",
        "delivery-enabled",
        "veg",
        "services",
        "sf-not-vegan",
        "veg"
      ]
    },
    {
      "name": "Herb Potato And Chick Pea Salad",
      "description": "Lettuce, Red Cabbage, Bell Pepper, Corn, Herb Potato, Cucumber, Onion, Chickpea. Dressing: Harisaa",
      "media": "https://b.zmtcdn.com/data/dish_photos/57c/aeede1145e0e3310ef1c211c95b2a57c.jpeg",
      "price": 265,
      "menuName": "Healthy Salad",
      "categoryName": "",
      "slugs": [
        "veg",
        "services",
        "delivery-enabled",
        "delivery-enabled",
        "veg",
        "services",
        "veg"
      ]
    },
    {
      "name": "Indian Rumble Salad",
      "description": "Spinach,Fresh Paneer,Celery, Tomatoes,Corn,Herbed Potatoes,Olives,Jalapeno,Tortilla Strips Dressing: Mint Mayonnaise, Tandoori Mayonnaise",
      "media": null,
      "price": 265,
      "menuName": "Healthy Salad",
      "categoryName": "",
      "slugs": [
        "veg",
        "services",
        "sf-not-vegan",
        "delivery-enabled",
        "delivery-enabled",
        "veg",
        "services",
        "sf-not-vegan",
        "veg"
      ]
    },
    {
      "name": "Korean Salad",
      "description": "Lettuce, purple cabbage, paneer,  cucumber, mushroom, corn, bell pepper, peanuts, onion,, dressing: Gochujang Mayonnaise",
      "media": "https://b.zmtcdn.com/data/dish_photos/71e/68f312449390ea5efa0ddab6cf03271e.jpeg",
      "price": 0,
      "menuName": "Healthy Salad",
      "categoryName": "",
      "slugs": [
        "veg",
        "restaurant-recommended",
        "services",
        "sf-spicy",
        "sf-not-vegan",
        "delivery-enabled",
        "delivery-enabled",
        "veg",
        "restaurant-recommended",
        "services",
        "sf-spicy",
        "sf-not-vegan",
        "veg"
      ]
    },
    {
      "name": "Paneer Fiesta Salad",
      "description": "Paneer, lettuce, cucumber, bell pepper, onion, celery, corn. Dressing chipotle.",
      "media": "https://b.zmtcdn.com/data/dish_photos/807/fd4c8969bc38060d4e74c526a94f3807.jpeg",
      "price": 265,
      "menuName": "Healthy Salad",
      "categoryName": "",
      "slugs": [
        "veg",
        "services",
        "sf-spicy",
        "sf-not-vegan",
        "delivery-enabled",
        "delivery-enabled",
        "veg",
        "services",
        "sf-spicy",
        "sf-not-vegan",
        "veg"
      ]
    },
    {
      "name": "Pesto Paneer Salad",
      "description": "Paneer, mix color bell peppers, lettuce, zucchini, corn, cherry tomatoes, olives dressing pesto mayo",
      "media": "https://b.zmtcdn.com/data/dish_photos/079/3c109d2eb335aeb22aee325193d28079.jpeg",
      "price": 275,
      "menuName": "Healthy Salad",
      "categoryName": "",
      "slugs": [
        "veg",
        "services",
        "sf-not-vegan",
        "delivery-enabled",
        "delivery-enabled",
        "veg",
        "services",
        "sf-not-vegan",
        "veg"
      ]
    },
    {
      "name": "Sauteed Vegetables",
      "description": "Sautéed panner, broccoli, babycorn, frenchbeans, mushroom,, bell peppers, carrot ,onion, in Mexican spices",
      "media": "https://b.zmtcdn.com/data/dish_photos/4a4/11fb3e6b34bf5f6695fc432f9ae7e4a4.jpeg",
      "price": 295,
      "menuName": "Healthy Salad",
      "categoryName": "",
      "slugs": [
        "veg",
        "services",
        "delivery-enabled",
        "delivery-enabled",
        "veg",
        "services",
        "veg"
      ]
    },
    {
      "name": "Spring Roll Salad",
      "description": "Lettuce, red cabbage, bell pepper, carrot, cucumber, mushroom, basil, rice noodle, peanuts, onion Dressing: peanut butter dressing",
      "media": "https://b.zmtcdn.com/data/dish_photos/13f/78c5a3b75f8741305a267e6cc6eee13f.jpeg",
      "price": 265,
      "menuName": "Healthy Salad",
      "categoryName": "",
      "slugs": [
        "veg",
        "restaurant-recommended",
        "services",
        "sf-not-vegan",
        "delivery-enabled",
        "delivery-enabled",
        "veg",
        "restaurant-recommended",
        "services",
        "sf-not-vegan",
        "veg"
      ]
    },
    {
      "name": "The Hippie",
      "description": "Lettuce, spinach, Grilled Paneer, Quinoa, Corn, Roasted Red Peppers, Roasted Mushrooms, Pomegranate, Jalapeno, mix Seeds, Tomato Basil Vinaigrette",
      "media": "https://b.zmtcdn.com/data/dish_photos/134/e172f3536bbdf59476ff7d488275e134.jpeg",
      "price": 0,
      "menuName": "Healthy Salad",
      "categoryName": "",
      "slugs": [
        "veg",
        "restaurant-recommended",
        "services",
        "sf-not-vegan",
        "delivery-enabled",
        "delivery-enabled",
        "veg",
        "restaurant-recommended",
        "services",
        "sf-not-vegan",
        "veg"
      ]
    },
    {
      "name": "Unicorn Salad",
      "description": "Lettuce, Spinach, quinoa, cucumber, capsicum, apple, onion, purple cabbage, almonds, mint , pomegranate Dressing : Orange Tahini dressing",
      "media": "https://b.zmtcdn.com/data/dish_photos/40c/fac3761fa1e11411ffd771949d2ea40c.jpeg",
      "price": 0,
      "menuName": "Healthy Salad",
      "categoryName": "",
      "slugs": [
        "veg",
        "restaurant-recommended",
        "services",
        "delivery-enabled",
        "delivery-enabled",
        "veg",
        "restaurant-recommended",
        "services",
        "veg"
      ]
    },
    {
      "name": "Falafel Thali",
      "description": "Humus+falafel+lettuce house salad,harissa+sour cream+siracha+grilled pitta",
      "media": null,
      "price": 295,
      "menuName": "Healthy Meals",
      "categoryName": "",
      "slugs": [
        "veg",
        "combo-item",
        "services",
        "value-meal",
        "sf-spicy",
        "sf-not-vegan",
        "delivery-enabled",
        "delivery-enabled",
        "veg",
        "combo-item",
        "services",
        "value-meal",
        "sf-spicy",
        "sf-not-vegan",
        "veg"
      ]
    },
    {
      "name": "Healthy Thali",
      "description": "Paneer Sabzi+2 Multigrain Palak Rotis+Salad+Buttermilk [200 ml]",
      "media": "https://b.zmtcdn.com/data/dish_photos/442/c524b368aba5ab97b0a864fdf61b3442.jpg",
      "price": 265,
      "menuName": "Healthy Meals",
      "categoryName": "",
      "slugs": [
        "veg",
        "combo-item",
        "services",
        "sf-not-vegan",
        "delivery-enabled",
        "delivery-enabled",
        "veg",
        "combo-item",
        "services",
        "sf-not-vegan",
        "veg"
      ]
    },
    {
      "name": "Protein Thali",
      "description": "Mix sprout salad, Pesto marinated grill Paneer,Fruits,Protein smothie(200ml)",
      "media": null,
      "price": 350,
      "menuName": "Healthy Meals",
      "categoryName": "",
      "slugs": [
        "veg",
        "services",
        "sf-not-vegan",
        "delivery-enabled",
        "delivery-enabled",
        "veg",
        "services",
        "sf-not-vegan",
        "veg"
      ]
    },
    {
      "name": "Grilled Broccoli With Pomodoro Sauce",
      "description": "Grilled Broccoli served with Pomodoro Sauce",
      "media": null,
      "price": 350,
      "menuName": "Keto Menu",
      "categoryName": "",
      "slugs": [
        "veg",
        "services",
        "delivery-enabled",
        "delivery-enabled",
        "veg",
        "services",
        "veg"
      ]
    },
    {
      "name": "Keto Mexican Burrito Bowl",
      "description": "Cauliflower rice ,tomatoes,capsicum,mushroom,zucchini,lettuce,sour cream,salsa,chipotle mayonnaise ,cheese sauce,cheddar cheese pro-13.8gm fats-20.6gm carb-10.1gm",
      "media": "https://b.zmtcdn.com/data/dish_photos/2d3/d5a223f11013f88115977af835d7c2d3.jpeg",
      "price": 325,
      "menuName": "Keto Menu",
      "categoryName": "",
      "slugs": [
        "veg",
        "combo-item",
        "services",
        "value-meal",
        "sf-spicy",
        "sf-not-vegan",
        "delivery-enabled",
        "delivery-enabled",
        "veg",
        "combo-item",
        "services",
        "value-meal",
        "sf-spicy",
        "sf-not-vegan",
        "veg"
      ]
    },
    {
      "name": "Keto Paneer Makhani Bowl",
      "description": "Cauliflower rice,grilled paneer,broccoli,tomatoes,bell peepers,makhani gravy ,cheese sauce ,lettuce pro-19.8gm fat-20.1gm carb-12.8gm",
      "media": "https://b.zmtcdn.com/data/dish_photos/403/f8ac1019f6ee17235ea2d74702e01403.jpeg",
      "price": 325,
      "menuName": "Keto Menu",
      "categoryName": "",
      "slugs": [
        "veg",
        "services",
        "sf-not-vegan",
        "delivery-enabled",
        "delivery-enabled",
        "veg",
        "services",
        "sf-not-vegan",
        "veg"
      ]
    },
    {
      "name": "Keto Paneer Wrap",
      "description": "Almond flax seed wrap(by keto pantry),paneer,capsicum,tomatoes,olives,broccoli,chipotle mayo,cheddar cheese pro-17.9gm fat-28.9gm carb-8.7gm",
      "media": "https://b.zmtcdn.com/data/dish_photos/edd/2cc621bfe1ac09353f27a7c6e1f91edd.jpeg",
      "price": 250,
      "menuName": "Keto Menu",
      "categoryName": "",
      "slugs": [
        "veg",
        "services",
        "sf-spicy",
        "sf-not-vegan",
        "delivery-enabled",
        "delivery-enabled",
        "veg",
        "services",
        "sf-spicy",
        "sf-not-vegan",
        "veg"
      ]
    },
    {
      "name": "Rainbow Salad",
      "description": "Lettuce,purple cabbage,olives,bell peppers,zucchini,broccoli dressing : chili mayonnaise pro-15.7gm fat-29.4gm carb-8.5gm",
      "media": null,
      "price": 250,
      "menuName": "Keto Menu",
      "categoryName": "",
      "slugs": [
        "veg",
        "services",
        "delivery-enabled",
        "delivery-enabled",
        "veg",
        "services",
        "veg"
      ]
    },
    {
      "name": "Spinach Salad",
      "description": "Spinach,paneer,mushroom,olives,tomatoes,capsicum,jalapeno dressing: tandoori mayo & mint mayo pro-15.2gm fat-22.5gm carb-8.8gm",
      "media": "https://b.zmtcdn.com/data/dish_photos/471/25b35c92b0f67b7111cb170d59b91471.jpeg",
      "price": 250,
      "menuName": "Keto Menu",
      "categoryName": "",
      "slugs": [
        "veg",
        "services",
        "sf-not-vegan",
        "delivery-enabled",
        "delivery-enabled",
        "veg",
        "services",
        "sf-not-vegan",
        "veg"
      ]
    },
    {
      "name": "Zucchini Arrabiata",
      "description": "| Serves 1-2 | Medium Spicy | Zucchini noodles tossed in butter,homemade tomatoes sauce,broccoli,mushroom,olives,bell peppers,parmesan cheese pro-15.6gm fat-23.7gm carb-19.9gm",
      "media": "https://b.zmtcdn.com/data/dish_photos/b27/2375d8465c1f4964053df0f425bd0b27.jpeg",
      "price": 350,
      "menuName": "Keto Menu",
      "categoryName": "",
      "slugs": [
        "veg",
        "services",
        "sf-spicy",
        "sf-not-vegan",
        "delivery-enabled",
        "delivery-enabled",
        "veg",
        "services",
        "sf-spicy",
        "sf-not-vegan",
        "veg"
      ]
    },
    {
      "name": "Mediterranean Burger",
      "description": "Chickpea patty, grilled bell pepper, cucumber, olives, hummus, harissa sauce",
      "media": "https://b.zmtcdn.com/data/dish_photos/042/ccfebc96228db9e907df123c84377042.jpeg",
      "price": 250,
      "menuName": "Healthy Gourmet Burgers",
      "categoryName": "",
      "slugs": [
        "veg",
        "services",
        "sf-spicy",
        "delivery-enabled",
        "delivery-enabled",
        "veg",
        "services",
        "sf-spicy",
        "veg"
      ]
    },
    {
      "name": "Paneer Makhani Burger",
      "description": "Grilled Panner,onions, tomatoes,makhani gravy,lettuce,low fat cheese sauce,whole wheat charcoal buns, served with little salad",
      "media": "https://b.zmtcdn.com/data/dish_photos/d86/f922b4972db52e299810e99c9e762d86.jpeg",
      "price": 265,
      "menuName": "Healthy Gourmet Burgers",
      "categoryName": "",
      "slugs": [
        "veg",
        "services",
        "sf-not-vegan",
        "delivery-enabled",
        "delivery-enabled",
        "veg",
        "services",
        "sf-not-vegan",
        "veg"
      ]
    },
    {
      "name": "Peri Peri Burger",
      "description": "Peri Peri mayo, grill paneer, tomato onion, cheese jalapeno sauce. Lettuce, jalapeno",
      "media": "https://b.zmtcdn.com/data/dish_photos/c2f/26e6853af55aedb2e1dba587968f3c2f.jpeg",
      "price": 0,
      "menuName": "Healthy Gourmet Burgers",
      "categoryName": "",
      "slugs": [
        "veg",
        "services",
        "sf-spicy",
        "sf-not-vegan",
        "delivery-enabled",
        "delivery-enabled",
        "veg",
        "services",
        "sf-spicy",
        "sf-not-vegan",
        "veg"
      ]
    },
    {
      "name": "Tex Mex Burger",
      "description": "Grilled beans, zucchini & corn patty, lettuce, jalapenos, tomato slices, whole wheat charcoal buns, burgers are served with house salad. Regular dressing : Mexican sauce & low fat cheese sauce. Vegan dressing : Vegan mayo.",
      "media": "https://b.zmtcdn.com/data/dish_photos/3f5/27894b9a425d7f6aae7de41a9e2913f5.jpeg",
      "price": 265,
      "menuName": "Healthy Gourmet Burgers",
      "categoryName": "",
      "slugs": [
        "veg",
        "services",
        "delivery-enabled",
        "delivery-enabled",
        "veg",
        "services",
        "veg"
      ]
    },
    {
      "name": "Chole Rice Bowl",
      "description": "| Serves 1-2 | Chole Buritto bowl Cheakpeas,purple cabbage,onion tomato,bell pepper, tandoori sauce,cheese jalepino sauce",
      "media": "https://b.zmtcdn.com/data/dish_photos/8fc/744b5fe46a531953396d89e59a6c88fc.jpeg",
      "price": 285,
      "menuName": "Healthy Bowl",
      "categoryName": "Health Bowl",
      "slugs": [
        "veg",
        "combo-item",
        "services",
        "value-meal",
        "sf-not-vegan",
        "delivery-enabled",
        "delivery-enabled",
        "veg",
        "combo-item",
        "services",
        "value-meal",
        "sf-not-vegan",
        "veg"
      ]
    },
    {
      "name": "Falafel Bowl",
      "description": "[Calories: 644] Falafel Bullets,lettuce,corn,cucumber,bell pepper,beans,parsley,olives,lime juice,humus,sour cream,chili garlic sauce,served with whole wheat pita bread",
      "media": "https://b.zmtcdn.com/data/dish_photos/3fc/0abb242e2372778748f416685159a3fc.jpeg",
      "price": 275,
      "menuName": "Healthy Bowl",
      "categoryName": "Health Bowl",
      "slugs": [
        "veg",
        "combo-item",
        "services",
        "value-meal",
        "sf-not-vegan",
        "delivery-enabled",
        "delivery-enabled",
        "veg",
        "combo-item",
        "services",
        "value-meal",
        "sf-not-vegan",
        "veg"
      ]
    },
    {
      "name": "Mexican Burrito Bowl",
      "description": "| Serves 1-2 | Spicy | Brown rice , bell peppers, kidney beans, corn, tomatoes, lettuce, olives, jalapenos, sour cream, salsa,creamy tofu cilantro sauce,chipotle sauce",
      "media": "https://b.zmtcdn.com/data/dish_photos/ade/9171fca20b3280edf3278513e9dadade.jpeg",
      "price": 285,
      "menuName": "Healthy Bowl",
      "categoryName": "Health Bowl",
      "slugs": [
        "veg",
        "combo-item",
        "services",
        "value-meal",
        "sf-spicy",
        "sf-not-vegan",
        "delivery-enabled",
        "delivery-enabled",
        "veg",
        "combo-item",
        "services",
        "value-meal",
        "sf-spicy",
        "sf-not-vegan",
        "veg"
      ]
    },
    {
      "name": "Mexican Hot Pot",
      "description": "Mexican rice served with Mexican curry, olives, jalapenos, salsa, sour cream, ragi nachos, lettuce, cheese jalapeno sauce",
      "media": "https://b.zmtcdn.com/data/dish_photos/5cc/ba92825c07a206cf531ec130d0f0e5cc.jpeg",
      "price": 0,
      "menuName": "Healthy Bowl",
      "categoryName": "Health Bowl",
      "slugs": [
        "veg",
        "restaurant-recommended",
        "services",
        "delivery-enabled",
        "delivery-enabled",
        "veg",
        "restaurant-recommended",
        "services",
        "veg"
      ]
    },
    {
      "name": "Paneer Makhani Bowl",
      "description": "| Serves 1-2 | Medium spicy | Brown rice,corn,tomatoes,onion,broccoli,paneer,makhani gravy,lettuce,cheese sauce.",
      "media": "https://b.zmtcdn.com/data/dish_photos/112/93b2ace1ca10d0cb187bcea521380112.jpeg",
      "price": 285,
      "menuName": "Healthy Bowl",
      "categoryName": "Health Bowl",
      "slugs": [
        "veg",
        "services",
        "sf-spicy",
        "sf-not-vegan",
        "delivery-enabled",
        "delivery-enabled",
        "veg",
        "services",
        "sf-spicy",
        "sf-not-vegan",
        "veg"
      ]
    },
    {
      "name": "Power Protein Bowl",
      "description": "Panner,Mixed sprouts, beans, red channa, tomatoes, onion, corn, peanuts, Sriracha Sauce",
      "media": "https://b.zmtcdn.com/data/dish_photos/d8b/78743d24ec036e9dfc33183102854d8b.jpeg",
      "price": 295,
      "menuName": "Healthy Bowl",
      "categoryName": "Health Bowl",
      "slugs": [
        "veg",
        "services",
        "sf-spicy",
        "delivery-enabled",
        "delivery-enabled",
        "veg",
        "services",
        "sf-spicy",
        "veg"
      ]
    },
    {
      "name": "Protein Bowl",
      "description": "Mixed sprouts, beans, channa, tomatoes, onion, corn, peanuts, coriander.",
      "media": "https://b.zmtcdn.com/data/dish_photos/c18/7285fdc24724d9b2120edc30391b8c18.jpeg",
      "price": 285,
      "menuName": "Healthy Bowl",
      "categoryName": "Health Bowl",
      "slugs": [
        "veg",
        "services",
        "delivery-enabled",
        "delivery-enabled",
        "veg",
        "services",
        "veg"
      ]
    },
    {
      "name": "Rajma Bowl",
      "description": "A bowl of comfort food",
      "media": "https://b.zmtcdn.com/data/dish_photos/a46/af7a83294cfa182f5f5ea7b4ffd21a46.jpeg",
      "price": 295,
      "menuName": "Healthy Bowl",
      "categoryName": "Health Bowl",
      "slugs": [
        "veg",
        "restaurant-recommended",
        "services",
        "delivery-enabled",
        "delivery-enabled",
        "veg",
        "restaurant-recommended",
        "services",
        "veg"
      ]
    },
    {
      "name": "Soba Bowl",
      "description": "Grilled Tofu, Buckwheat Noodles, Carrot, Red Cabbage, Spring Onion, Broccoli, mushrooms Ragi Chips, Lettuce, spinach , Mix Seeds, Dressing : orange soy dressing",
      "media": "https://b.zmtcdn.com/data/dish_photos/0db/0af678fd529ddec5d5f3c1fed6bd80db.jpeg",
      "price": 325,
      "menuName": "Healthy Bowl",
      "categoryName": "Super Health Bowl",
      "slugs": [
        "veg",
        "restaurant-recommended",
        "services",
        "sf-vegan",
        "delivery-enabled",
        "delivery-enabled",
        "veg",
        "restaurant-recommended",
        "services",
        "sf-vegan",
        "veg"
      ]
    },
    {
      "name": "Swaadika",
      "description": "Paneer, Crunchy Slaw (red Cabbage, Carrot, Green Scallions), Broccoli Florets, Crushed Peanuts, Lettuce, spinach ,Dressing : Thai Peanut Dressing",
      "media": "https://b.zmtcdn.com/data/dish_photos/84d/8f1ab29e05486d0dc184f14e759ff84d.jpeg",
      "price": 0,
      "menuName": "Healthy Bowl",
      "categoryName": "Super Health Bowl",
      "slugs": [
        "veg",
        "restaurant-recommended",
        "services",
        "sf-not-vegan",
        "delivery-enabled",
        "delivery-enabled",
        "veg",
        "restaurant-recommended",
        "services",
        "sf-not-vegan",
        "veg"
      ]
    },
    {
      "name": "Veggie Power Bowl(Vegan)",
      "description": "Lettuce, broccoli, corn, , grilled bell peppers, sweet potato, mexican chickpea Dressing: Cashew-dill dressing",
      "media": "https://b.zmtcdn.com/data/dish_photos/b05/52cc5ceadae47c175305e31358673b05.jpeg",
      "price": 0,
      "menuName": "Healthy Bowl",
      "categoryName": "Super Health Bowl",
      "slugs": [
        "veg",
        "vegan",
        "restaurant-recommended",
        "services",
        "sf-vegan",
        "delivery-enabled",
        "delivery-enabled",
        "veg",
        "vegan",
        "restaurant-recommended",
        "services",
        "sf-vegan",
        "veg"
      ]
    },
    {
      "name": "Broccoli Almond Soup",
      "description": "A creamy Broccoli Soup",
      "media": null,
      "price": 190,
      "menuName": "Healthy Soup [250 Ml]",
      "categoryName": "",
      "slugs": [
        "veg",
        "services",
        "delivery-enabled",
        "delivery-enabled",
        "veg",
        "services",
        "veg"
      ]
    },
    {
      "name": "Healthy Clear Soup",
      "description": "A clear soup with healthy vegetables like brocoli,french beans,corn,carrot,mushroom",
      "media": null,
      "price": 175,
      "menuName": "Healthy Soup [250 Ml]",
      "categoryName": "",
      "slugs": [
        "veg",
        "home-style-meal",
        "services",
        "delivery-enabled",
        "delivery-enabled",
        "veg",
        "home-style-meal",
        "services",
        "veg"
      ]
    },
    {
      "name": "Tomato Basil Soup",
      "description": "Hearty and comforting tomato soup with basil flavours served with bread croutons.",
      "media": null,
      "price": 175,
      "menuName": "Healthy Soup [250 Ml]",
      "categoryName": "",
      "slugs": [
        "veg",
        "services",
        "delivery-enabled",
        "delivery-enabled",
        "veg",
        "services",
        "veg"
      ]
    },
    {
      "name": "Chia Fruit Bowl",
      "description": "Mix seasonal fruits, chia seeds, granola",
      "media": "https://b.zmtcdn.com/data/dish_photos/6be/250c6282c7209d1362631dc4e7b3b6be.jpeg",
      "price": 245,
      "menuName": "Fruit Bowls",
      "categoryName": "",
      "slugs": [
        "veg",
        "services",
        "delivery-enabled",
        "delivery-enabled",
        "veg",
        "services",
        "veg"
      ]
    },
    {
      "name": "Fruit Bowl",
      "description": "Mix seasonal fruits",
      "media": "https://b.zmtcdn.com/data/dish_photos/ee7/acdeb64af46926b186a0df1d0fd0bee7.jpg",
      "price": 205,
      "menuName": "Fruit Bowls",
      "categoryName": "",
      "slugs": [
        "veg",
        "services",
        "delivery-enabled",
        "delivery-enabled",
        "veg",
        "services",
        "veg"
      ]
    },
    {
      "name": "Granola Bowl",
      "description": "Mix seasonal fruits, granola",
      "media": "https://b.zmtcdn.com/data/dish_photos/5ec/cb6d4cef2ebb25815d518ddc7d39c5ec.jpeg",
      "price": 235,
      "menuName": "Fruit Bowls",
      "categoryName": "",
      "slugs": [
        "veg",
        "combo-item",
        "services",
        "value-meal",
        "delivery-enabled",
        "delivery-enabled",
        "veg",
        "combo-item",
        "services",
        "value-meal",
        "veg"
      ]
    },
    {
      "name": "Power Fruit Bowl",
      "description": "Mix seasonal fruit, chia seeds, peanutbutter, granola, chia seed",
      "media": "https://b.zmtcdn.com/data/dish_photos/d78/557eb071a198cfa78636401532937d78.jpeg",
      "price": 275,
      "menuName": "Fruit Bowls",
      "categoryName": "",
      "slugs": [
        "veg",
        "services",
        "delivery-enabled",
        "delivery-enabled",
        "veg",
        "services",
        "veg"
      ]
    },
    {
      "name": "Broccoli Quesadilla",
      "description": "Broccoli mash, Mexican Sauce & low Fat cheese Sauce ,multi grain Quesadillas",
      "media": "https://b.zmtcdn.com/data/dish_photos/d58/3fe60fc0c4d3248ce88c6e3eac1e6d58.jpeg",
      "price": 235,
      "menuName": "Health Wraps",
      "categoryName": "",
      "slugs": [
        "veg",
        "services",
        "sf-not-vegan",
        "delivery-enabled",
        "delivery-enabled",
        "veg",
        "services",
        "sf-not-vegan",
        "veg"
      ]
    },
    {
      "name": "Falafel Wrap",
      "description": "| Serve 1 | Medium spicy | Lettuce, vegetable bullets, tomato, capsicum, green onion, olives homemade hummus and red chilli sauce wrapped in a multigrain wrap.",
      "media": "https://b.zmtcdn.com/data/dish_photos/47b/26bf4d7a1a0f2a2e411b90301fa7347b.jpeg",
      "price": 235,
      "menuName": "Health Wraps",
      "categoryName": "",
      "slugs": [
        "veg",
        "services",
        "sf-spicy",
        "delivery-enabled",
        "delivery-enabled",
        "veg",
        "services",
        "sf-spicy",
        "veg"
      ]
    },
    {
      "name": "Mediterranean Roll",
      "description": "Lettuce, paneer, olives, bell peppers, cherry tomatoes, cucumber, hummus, muhammara,",
      "media": "https://b.zmtcdn.com/data/dish_photos/81c/5050a3e0322ba335dd32628074e9081c.jpeg",
      "price": 235,
      "menuName": "Health Wraps",
      "categoryName": "",
      "slugs": [
        "veg",
        "services",
        "sf-not-vegan",
        "delivery-enabled",
        "delivery-enabled",
        "veg",
        "services",
        "sf-not-vegan",
        "veg"
      ]
    },
    {
      "name": "Mexican Paneer Wrap",
      "description": "Grilled Paneer,Mexican beans,corn,capsicum,pica de gello,sour cream,chipotle sauce, avocado sauce,cheese jalapeno sauce",
      "media": null,
      "price": 250,
      "menuName": "Health Wraps",
      "categoryName": "",
      "slugs": [
        "veg",
        "services",
        "sf-spicy",
        "sf-not-vegan",
        "delivery-enabled",
        "delivery-enabled",
        "veg",
        "services",
        "sf-spicy",
        "sf-not-vegan",
        "veg"
      ]
    },
    {
      "name": "Paneer Bhurjee Wrap",
      "description": "Paneer bhurjee, lettuce, onion, jalapeno cheese sauce",
      "media": "https://b.zmtcdn.com/data/dish_photos/fec/e3b905b872c268f052b533af6ed58fec.jpeg",
      "price": 235,
      "menuName": "Health Wraps",
      "categoryName": "",
      "slugs": [
        "veg",
        "services",
        "sf-not-vegan",
        "delivery-enabled",
        "delivery-enabled",
        "veg",
        "services",
        "sf-not-vegan",
        "veg"
      ]
    },
    {
      "name": "Paneer Wrap",
      "description": "Herbed Panner,lettuce,onion,tomatoes, capsicum,corn,olives,jalepinos,chipotle sauce,cheese jalepino sauce all in a multi grain wrap.",
      "media": "https://b.zmtcdn.com/data/dish_photos/f7d/5a737d15ee1f57f49baa1966168d5f7d.jpeg",
      "price": 235,
      "menuName": "Health Wraps",
      "categoryName": "",
      "slugs": [
        "veg",
        "services",
        "sf-spicy",
        "sf-not-vegan",
        "delivery-enabled",
        "delivery-enabled",
        "veg",
        "services",
        "sf-spicy",
        "sf-not-vegan",
        "veg"
      ]
    },
    {
      "name": "Pesto Veggie Roll",
      "description": "Grilled carrot, French beans, baby corn, mushrooms, sundried tomatoes ,olives , pesto, cheese sauce",
      "media": "https://b.zmtcdn.com/data/dish_photos/7c4/ad110d152caab3138a6bcb41671a87c4.jpeg",
      "price": 0,
      "menuName": "Health Wraps",
      "categoryName": "",
      "slugs": [
        "veg",
        "services",
        "sf-not-vegan",
        "delivery-enabled",
        "delivery-enabled",
        "veg",
        "services",
        "sf-not-vegan",
        "veg"
      ]
    },
    {
      "name": "Falafel Sandwich",
      "description": "Falafel balls, tomatoes, capsicum, jalapenos, olives, cucumber, corn, hummus, harissa sauce, beetroot bread",
      "media": "https://b.zmtcdn.com/data/dish_photos/288/3cfd2fc198c9d04b1caf03768d1e0288.jpeg",
      "price": 275,
      "menuName": "Sandwiches",
      "categoryName": "",
      "slugs": [
        "veg",
        "services",
        "sf-spicy",
        "delivery-enabled",
        "delivery-enabled",
        "veg",
        "services",
        "sf-spicy",
        "veg"
      ]
    },
    {
      "name": "Korean Sandwich",
      "description": "Paneer, bell pepper, pickled cucumber and zucchini, purple cabbage, kimchi, gochujang mayo",
      "media": "https://b.zmtcdn.com/data/dish_photos/d7b/11f7eabca6f0b657a085339fbc9a0d7b.jpeg",
      "price": 0,
      "menuName": "Sandwiches",
      "categoryName": "",
      "slugs": [
        "veg",
        "services",
        "sf-spicy",
        "sf-not-vegan",
        "delivery-enabled",
        "delivery-enabled",
        "veg",
        "services",
        "sf-spicy",
        "sf-not-vegan",
        "veg"
      ]
    },
    {
      "name": "Pesto Paneer Sandwich",
      "description": "Pesto marinated paneer and carrot, French beans, baby corn, mushrooms, mozzarella cheese",
      "media": "https://b.zmtcdn.com/data/dish_photos/53f/77093de29fb55ef034ed3cbf774b753f.jpeg",
      "price": 0,
      "menuName": "Sandwiches",
      "categoryName": "",
      "slugs": [
        "veg",
        "services",
        "sf-not-vegan",
        "delivery-enabled",
        "delivery-enabled",
        "veg",
        "services",
        "sf-not-vegan",
        "veg"
      ]
    },
    {
      "name": "Sunset Sandwich",
      "description": "Grilled aubergin, zucchini, mushroom, bell pepper, spinach feta, Tomato Pizza sauce, pesto, cheese sauce",
      "media": null,
      "price": 0,
      "menuName": "Sandwiches",
      "categoryName": "",
      "slugs": [
        "veg",
        "services",
        "sf-not-vegan",
        "delivery-enabled",
        "delivery-enabled",
        "veg",
        "services",
        "sf-not-vegan",
        "veg"
      ]
    },
    {
      "name": "Tandoori Paneer Sandwich",
      "description": "Paneer,onion, tomatoes, capsicum, onion, beetroot bread",
      "media": "https://b.zmtcdn.com/data/dish_photos/159/5db6ebcffe2a90e189ffd7e602eee159.jpeg",
      "price": 275,
      "menuName": "Sandwiches",
      "categoryName": "",
      "slugs": [
        "veg",
        "services",
        "sf-not-vegan",
        "delivery-enabled",
        "delivery-enabled",
        "veg",
        "services",
        "sf-not-vegan",
        "veg"
      ]
    },
    {
      "name": "ZCF Sandwich",
      "description": "| Serve 1 | Spicy | ZUCCHINI, Corn,feta cheese, beetroot bread",
      "media": "https://b.zmtcdn.com/data/dish_photos/b17/25b7b0e7c3149a6215ef130650bcfb17.jpeg",
      "price": 265,
      "menuName": "Sandwiches",
      "categoryName": "",
      "slugs": [
        "veg",
        "services",
        "sf-spicy",
        "sf-not-vegan",
        "delivery-enabled",
        "delivery-enabled",
        "veg",
        "services",
        "sf-spicy",
        "sf-not-vegan",
        "veg"
      ]
    },
    {
      "name": "Abc",
      "description": "Apple beetroot carrot",
      "media": null,
      "price": 210,
      "menuName": "Health Juices",
      "categoryName": "",
      "slugs": [
        "veg",
        "services",
        "sf-no-onion",
        "sf-no-garlic",
        "sf-kid-friendly",
        "delivery-enabled",
        "delivery-enabled",
        "veg",
        "services",
        "sf-no-onion",
        "sf-no-garlic",
        "sf-kid-friendly",
        "veg"
      ]
    },
    {
      "name": "Beetroot Buzz Juice",
      "description": "Beetroot, pineapple, carrot. Health benefits a magical, soothing blend to cleanse the body and kick start the detox process. (250ml approx)",
      "media": "https://b.zmtcdn.com/data/dish_photos/9fa/d2a31d93566152eee291b32f891619fa.jpeg",
      "price": 210,
      "menuName": "Health Juices",
      "categoryName": "",
      "slugs": [
        "veg",
        "services",
        "discounted-addon",
        "sf-no-onion",
        "sf-no-garlic",
        "sf-kid-friendly",
        "delivery-enabled",
        "delivery-enabled",
        "veg",
        "services",
        "discounted-addon",
        "sf-no-onion",
        "sf-no-garlic",
        "sf-kid-friendly",
        "veg"
      ]
    },
    {
      "name": "Black Magic Juice",
      "description": "Activated charcoal, cayenne, lemon, honey, himalayan pink salt. pure filtered water. Health benefit detox, cleansing, glowing skin. (250ml approx)",
      "media": "https://b.zmtcdn.com/data/dish_photos/0d4/5ca1f9a8255fcfdfa3a23d56526300d4.jpeg",
      "price": 90,
      "menuName": "Health Juices",
      "categoryName": "",
      "slugs": [
        "veg",
        "services",
        "sf-no-onion",
        "sf-no-garlic",
        "sf-not-vegan",
        "delivery-enabled",
        "delivery-enabled",
        "veg",
        "services",
        "sf-no-onion",
        "sf-no-garlic",
        "sf-not-vegan",
        "veg"
      ]
    },
    {
      "name": "Iron Man Juice",
      "description": "Apple, strawberry, cucumber,fresh mint. Health benefits good source of vitamin a, vitamin c, and essential minerals designed to nourish and recharge the body. (250ml approx)",
      "media": "https://b.zmtcdn.com/data/dish_photos/c87/a413216ffac5217ab9d1e952d3894c87.jpeg",
      "price": 225,
      "menuName": "Health Juices",
      "categoryName": "",
      "slugs": [
        "veg",
        "services",
        "discounted-addon",
        "sf-no-onion",
        "sf-no-garlic",
        "sf-kid-friendly",
        "delivery-enabled",
        "delivery-enabled",
        "veg",
        "services",
        "discounted-addon",
        "sf-no-onion",
        "sf-no-garlic",
        "sf-kid-friendly",
        "veg"
      ]
    },
    {
      "name": "Skin Glow Juice",
      "description": "Apple,beetroot,carrot,celery, cucumber, orange, flax seeds. Health benefits tightens skin, hydrates, fights sun damage,reduces dark circle,anti aging. (250ml approx)",
      "media": "https://b.zmtcdn.com/data/dish_photos/5b3/23cae301467c403d9cc5d51a4d3605b3.jpeg",
      "price": 210,
      "menuName": "Health Juices",
      "categoryName": "",
      "slugs": [
        "veg",
        "services",
        "discounted-addon",
        "sf-no-onion",
        "sf-no-garlic",
        "sf-kid-friendly",
        "delivery-enabled",
        "delivery-enabled",
        "veg",
        "services",
        "discounted-addon",
        "sf-no-onion",
        "sf-no-garlic",
        "sf-kid-friendly",
        "veg"
      ]
    },
    {
      "name": "Toxin Flush Juice",
      "description": "Parsley, spinach, apple, lemon, ginger. Health benefits it removes toxins and cleanses your body. (250ml approx)",
      "media": "https://b.zmtcdn.com/data/dish_photos/19a/709999e61a5428666b7d51bf9044a19a.jpeg",
      "price": 210,
      "menuName": "Health Juices",
      "categoryName": "",
      "slugs": [
        "veg",
        "services",
        "sf-no-onion",
        "sf-no-garlic",
        "sf-kid-friendly",
        "delivery-enabled",
        "delivery-enabled",
        "veg",
        "services",
        "sf-no-onion",
        "sf-no-garlic",
        "sf-kid-friendly",
        "veg"
      ]
    },
    {
      "name": "Watermelon Juicejuice",
      "description": "",
      "media": null,
      "price": 200,
      "menuName": "Health Juices",
      "categoryName": "",
      "slugs": [
        "veg",
        "services",
        "sf-no-onion",
        "sf-no-garlic",
        "sf-kid-friendly",
        "delivery-enabled",
        "delivery-enabled",
        "veg",
        "services",
        "sf-no-onion",
        "sf-no-garlic",
        "sf-kid-friendly",
        "veg"
      ]
    },
    {
      "name": "Ageless",
      "description": "Smoothie (250ml):Pineapple, mango, spinach,banana, mixseed, coconut milk. Health benefits: Hydrates skin,fights sun damage,reduces dark circle.tighten the skin,anti aging.",
      "media": "https://b.zmtcdn.com/data/dish_photos/a29/3d7768a45c445a23c3acf77464cbba29.jpeg",
      "price": 250,
      "menuName": "Smoothies/Smoothie Bowl",
      "categoryName": "",
      "slugs": [
        "veg",
        "services",
        "value-meal",
        "sf-vegan",
        "delivery-enabled",
        "delivery-enabled",
        "veg",
        "services",
        "value-meal",
        "sf-vegan",
        "veg"
      ]
    },
    {
      "name": "Anti Ageing Smoothie",
      "description": "Pineapple, Matcha, Banana, Spinach, Lime, Coconut powder",
      "media": null,
      "price": 250,
      "menuName": "Smoothies/Smoothie Bowl",
      "categoryName": "",
      "slugs": [
        "veg",
        "services",
        "delivery-enabled",
        "delivery-enabled",
        "veg",
        "services",
        "veg"
      ]
    },
    {
      "name": "Banana Latte",
      "description": "Banana, milk, coffee, chia seeds, honey. Health benefits instant energy, rich in omega 3 fatty acid, helps in weight loss, reduces cholesterol, skin glow, helps in weight loss.",
      "media": "https://b.zmtcdn.com/data/dish_photos/791/fe18e866de61a329709dac2614c5e791.jpeg",
      "price": 210,
      "menuName": "Smoothies/Smoothie Bowl",
      "categoryName": "",
      "slugs": [
        "veg",
        "combo-item",
        "services",
        "value-meal",
        "sf-not-vegan",
        "delivery-enabled",
        "delivery-enabled",
        "veg",
        "combo-item",
        "services",
        "value-meal",
        "sf-not-vegan",
        "veg"
      ]
    },
    {
      "name": "Berry Blast",
      "description": "Smoothie: Blue Berry, Raspberry, Strawberry, Banana, Soya Milk, Mix seeds, Health Benefits: This smoothie is perfect for loosing weight",
      "media": "https://b.zmtcdn.com/data/dish_photos/a8e/28ff4fcb3ed43ad5e34220ea4f892a8e.jpeg",
      "price": 250,
      "menuName": "Smoothies/Smoothie Bowl",
      "categoryName": "",
      "slugs": [
        "veg",
        "combo-item",
        "services",
        "value-meal",
        "sf-not-vegan",
        "delivery-enabled",
        "delivery-enabled",
        "veg",
        "combo-item",
        "services",
        "value-meal",
        "sf-not-vegan",
        "veg"
      ]
    },
    {
      "name": "Coco Berry",
      "description": "Smoothie:Blue Beery,Strawberry,Raspberry, Coco powder,banana,coco nibs,soya milk,mix seeds",
      "media": "https://b.zmtcdn.com/data/dish_photos/1fe/634674b9c2737d349fcd7da3093701fe.jpeg",
      "price": 250,
      "menuName": "Smoothies/Smoothie Bowl",
      "categoryName": "",
      "slugs": [
        "veg",
        "combo-item",
        "services",
        "value-meal",
        "sf-not-vegan",
        "delivery-enabled",
        "delivery-enabled",
        "veg",
        "combo-item",
        "services",
        "value-meal",
        "sf-not-vegan",
        "veg"
      ]
    },
    {
      "name": "Mango Papaya Smoothie",
      "description": "Mango, Papaya, Pineapple, banana, almonds",
      "media": null,
      "price": 225,
      "menuName": "Smoothies/Smoothie Bowl",
      "categoryName": "",
      "slugs": [
        "veg",
        "services",
        "delivery-enabled",
        "delivery-enabled",
        "veg",
        "services",
        "veg"
      ]
    },
    {
      "name": "Peantubutter Strawberry Smoothie",
      "description": "Peantut butter,oats,banana,strawberry,coco powder,soya milk,mix seeds",
      "media": null,
      "price": 225,
      "menuName": "Smoothies/Smoothie Bowl",
      "categoryName": "",
      "slugs": [
        "veg",
        "services",
        "value-meal",
        "sf-not-vegan",
        "delivery-enabled",
        "delivery-enabled",
        "veg",
        "services",
        "value-meal",
        "sf-not-vegan",
        "veg"
      ]
    },
    {
      "name": "Protein Smoothie",
      "description": "Smoothie:Strawberry, pineapple, orange, soya milk, chia seeds, protein powder. Health benefits it's your perfect workout buddy, high in protein.",
      "media": "https://b.zmtcdn.com/data/dish_photos/80d/138db68c54b29384ac48fbcea8bac80d.jpeg",
      "price": 250,
      "menuName": "Smoothies/Smoothie Bowl",
      "categoryName": "",
      "slugs": [
        "veg",
        "combo-item",
        "services",
        "value-meal",
        "sf-not-vegan",
        "delivery-enabled",
        "delivery-enabled",
        "veg",
        "combo-item",
        "services",
        "value-meal",
        "sf-not-vegan",
        "veg"
      ]
    },
    {
      "name": "Vegan Dark Chocolate Brownie",
      "description": "",
      "media": null,
      "price": 200,
      "menuName": "Dessert",
      "categoryName": "",
      "slugs": [
        "veg",
        "services",
        "sf-vegan",
        "delivery-enabled",
        "delivery-enabled",
        "veg",
        "services",
        "sf-vegan",
        "veg"
      ]
    }
  ]
}