{
  "basicInfo": {
    "name": "Jojo Vanraj Fast Food",
    "cuisine_string": "Fast Food, Street Food",
    "canonicalUrl": "https://www.zomato.com/surat/jojo-vanraj-fast-food-varachha/order"
  },
  "ratings": {
    "DINING": {
      "rating_type": "DINING",
      "rating": "",
      "reviewCount": "1",
      "reviewTextSmall": "1 Reviews",
      "subtext": "Does not offer Dining",
      "color": "",
      "ratingV2": "-",
      "subtitle": "DINING",
      "sideSubTitle": "Dining Ratings",
      "bgColorV2": {
        "type": "grey",
        "tint": "500"
      },
      "newOnDining": false
    },
    "DELIVERY": {
      "rating_type": "DELIVERY",
      "rating": "",
      "reviewCount": "2",
      "reviewTextSmall": "2 Reviews",
      "subtext": "New on Delivery",
      "color": "",
      "ratingV2": "-",
      "subtitle": "DELIVERY",
      "sideSubTitle": "Delivery Ratings",
      "bgColorV2": {
        "type": "grey",
        "tint": "500"
      },
      "newOnDelivery": true
    }
  },
  "establishment": {
    "city_id": 38,
    "city_name": "Surat",
    "country_id": 1,
    "country_name": "India",
    "zipcode": "395006",
    "is_dark_kitchen": false,
    "locality_verbose": "Varachha, Surat",
    "latitude": "21.2082800000",
    "longitude": "72.8516731000",
    "static_map_url": "https://maps.zomato.com/php/staticmap?center=21.2082800000,72.8516731000&maptype=zomato&markers=21.2082800000,72.8516731000,pin_res32&sensor=false&scale=2&zoom=16&language=en&size=240x150&size=400x240",
    "address": "Plot 18, Sadhana Society, L.H Road, Varachha, Surat",
    "is_phone_available": 1,
    "phoneDetails": {
      "title": "Phone Numbers",
      "phoneStr": "+919723391696"
    },
    "res_chain_text": "",
    "res_group_text": "",
    "res_chain_url": "",
    "res_group_url": "",
    "show_res_map": true
  },
  "items": [
    {
      "name": "Matka Paneer Tikka",
      "description": "",
      "media": null,
      "price": 130,
      "menuName": "Starter",
      "categoryName": "",
      "slugs": [
        "veg",
        "services",
        "sf-not-vegan",
        "delivery-enabled",
        "delivery-enabled",
        "veg",
        "services",
        "sf-not-vegan",
        "veg"
      ]
    },
    {
      "name": "Veg Burger",
      "description": "",
      "media": null,
      "price": 40,
      "menuName": "Burgers and Sandwiches",
      "categoryName": "Burgers",
      "slugs": [
        "veg",
        "services",
        "delivery-enabled",
        "delivery-enabled",
        "veg",
        "services",
        "veg"
      ]
    },
    {
      "name": "Veg Cheese Burger",
      "description": "",
      "media": null,
      "price": 60,
      "menuName": "Burgers and Sandwiches",
      "categoryName": "Burgers",
      "slugs": [
        "veg",
        "services",
        "sf-not-vegan",
        "delivery-enabled",
        "delivery-enabled",
        "veg",
        "services",
        "sf-not-vegan",
        "veg"
      ]
    },
    {
      "name": "Veg Cheese Grilled Burger",
      "description": "",
      "media": null,
      "price": 100,
      "menuName": "Burgers and Sandwiches",
      "categoryName": "Burgers",
      "slugs": [
        "veg",
        "services",
        "sf-not-vegan",
        "delivery-enabled",
        "delivery-enabled",
        "veg",
        "services",
        "sf-not-vegan",
        "veg"
      ]
    },
    {
      "name": "Bread Butter Sandwich",
      "description": "",
      "media": null,
      "price": 20,
      "menuName": "Burgers and Sandwiches",
      "categoryName": "Sandwiches",
      "slugs": [
        "veg",
        "services",
        "sf-not-vegan",
        "delivery-enabled",
        "delivery-enabled",
        "veg",
        "services",
        "sf-not-vegan",
        "veg"
      ]
    },
    {
      "name": "Bread Butter Slice Sandwich",
      "description": "",
      "media": null,
      "price": 30,
      "menuName": "Burgers and Sandwiches",
      "categoryName": "Sandwiches",
      "slugs": [
        "veg",
        "services",
        "sf-not-vegan",
        "delivery-enabled",
        "delivery-enabled",
        "veg",
        "services",
        "sf-not-vegan",
        "veg"
      ]
    },
    {
      "name": "Bread Butter Toast Sandwich",
      "description": "",
      "media": null,
      "price": 40,
      "menuName": "Burgers and Sandwiches",
      "categoryName": "Sandwiches",
      "slugs": [
        "veg",
        "services",
        "sf-not-vegan",
        "delivery-enabled",
        "delivery-enabled",
        "veg",
        "services",
        "sf-not-vegan",
        "veg"
      ]
    },
    {
      "name": "Bread Butter Cheese Sandwich",
      "description": "",
      "media": null,
      "price": 45,
      "menuName": "Burgers and Sandwiches",
      "categoryName": "Sandwiches",
      "slugs": [
        "veg",
        "services",
        "sf-not-vegan",
        "delivery-enabled",
        "delivery-enabled",
        "veg",
        "services",
        "sf-not-vegan",
        "veg"
      ]
    },
    {
      "name": "Bread Butter Cheese Toast Sandwich",
      "description": "",
      "media": null,
      "price": 60,
      "menuName": "Burgers and Sandwiches",
      "categoryName": "Sandwiches",
      "slugs": [
        "veg",
        "services",
        "sf-not-vegan",
        "delivery-enabled",
        "delivery-enabled",
        "veg",
        "services",
        "sf-not-vegan",
        "veg"
      ]
    },
    {
      "name": "Bread Butter Jam Sandwich",
      "description": "",
      "media": null,
      "price": 40,
      "menuName": "Burgers and Sandwiches",
      "categoryName": "Sandwiches",
      "slugs": [
        "veg",
        "services",
        "sf-not-vegan",
        "delivery-enabled",
        "delivery-enabled",
        "veg",
        "services",
        "sf-not-vegan",
        "veg"
      ]
    },
    {
      "name": "Bread Butter Cheese Jam Sandwich",
      "description": "",
      "media": null,
      "price": 60,
      "menuName": "Burgers and Sandwiches",
      "categoryName": "Sandwiches",
      "slugs": [
        "veg",
        "services",
        "sf-not-vegan",
        "delivery-enabled",
        "delivery-enabled",
        "veg",
        "services",
        "sf-not-vegan",
        "veg"
      ]
    },
    {
      "name": "Veg Sandwich",
      "description": "",
      "media": null,
      "price": 40,
      "menuName": "Burgers and Sandwiches",
      "categoryName": "Sandwiches",
      "slugs": [
        "veg",
        "services",
        "delivery-enabled",
        "delivery-enabled",
        "veg",
        "services",
        "veg"
      ]
    },
    {
      "name": "Veg Cheese Sandwich",
      "description": "",
      "media": null,
      "price": 60,
      "menuName": "Burgers and Sandwiches",
      "categoryName": "Sandwiches",
      "slugs": [
        "veg",
        "services",
        "sf-not-vegan",
        "delivery-enabled",
        "delivery-enabled",
        "veg",
        "services",
        "sf-not-vegan",
        "veg"
      ]
    },
    {
      "name": "Veg Toast Sandwich",
      "description": "",
      "media": null,
      "price": 50,
      "menuName": "Burgers and Sandwiches",
      "categoryName": "Sandwiches",
      "slugs": [
        "veg",
        "services",
        "delivery-enabled",
        "delivery-enabled",
        "veg",
        "services",
        "veg"
      ]
    },
    {
      "name": "Double Masala Toast Sandwich",
      "description": "",
      "media": null,
      "price": 50,
      "menuName": "Burgers and Sandwiches",
      "categoryName": "Sandwiches",
      "slugs": [
        "veg",
        "services",
        "delivery-enabled",
        "delivery-enabled",
        "veg",
        "services",
        "veg"
      ]
    },
    {
      "name": "Veg Cheese Toast Sandwich",
      "description": "",
      "media": null,
      "price": 70,
      "menuName": "Burgers and Sandwiches",
      "categoryName": "Sandwiches",
      "slugs": [
        "veg",
        "services",
        "sf-not-vegan",
        "delivery-enabled",
        "delivery-enabled",
        "veg",
        "services",
        "sf-not-vegan",
        "veg"
      ]
    },
    {
      "name": "Aloo Matar Toast Sandwich",
      "description": "",
      "media": null,
      "price": 50,
      "menuName": "Burgers and Sandwiches",
      "categoryName": "Sandwiches",
      "slugs": [
        "veg",
        "services",
        "delivery-enabled",
        "delivery-enabled",
        "veg",
        "services",
        "veg"
      ]
    },
    {
      "name": "Aloo Matar Cheese Toast Sandwich",
      "description": "",
      "media": null,
      "price": 70,
      "menuName": "Burgers and Sandwiches",
      "categoryName": "Sandwiches",
      "slugs": [
        "veg",
        "services",
        "sf-not-vegan",
        "delivery-enabled",
        "delivery-enabled",
        "veg",
        "services",
        "sf-not-vegan",
        "veg"
      ]
    },
    {
      "name": "Open Cheese Sandwich",
      "description": "",
      "media": null,
      "price": 80,
      "menuName": "Burgers and Sandwiches",
      "categoryName": "Sandwiches",
      "slugs": [
        "veg",
        "services",
        "sf-not-vegan",
        "delivery-enabled",
        "delivery-enabled",
        "veg",
        "services",
        "sf-not-vegan",
        "veg"
      ]
    },
    {
      "name": "Special Club Sandwich",
      "description": "",
      "media": null,
      "price": 100,
      "menuName": "Burgers and Sandwiches",
      "categoryName": "Sandwiches",
      "slugs": [
        "veg",
        "services",
        "delivery-enabled",
        "delivery-enabled",
        "veg",
        "services",
        "veg"
      ]
    },
    {
      "name": "Cheese Garlic Bread",
      "description": "",
      "media": null,
      "price": 100,
      "menuName": "Snacks",
      "categoryName": "",
      "slugs": [
        "veg",
        "services",
        "sf-not-vegan",
        "delivery-enabled",
        "delivery-enabled",
        "veg",
        "services",
        "sf-not-vegan",
        "veg"
      ]
    },
    {
      "name": "Veg Cheese Garlic",
      "description": "",
      "media": null,
      "price": 120,
      "menuName": "Snacks",
      "categoryName": "",
      "slugs": [
        "veg",
        "services",
        "sf-not-vegan",
        "delivery-enabled",
        "delivery-enabled",
        "veg",
        "services",
        "sf-not-vegan",
        "veg"
      ]
    },
    {
      "name": "Chilli Toast",
      "description": "",
      "media": null,
      "price": 120,
      "menuName": "Snacks",
      "categoryName": "",
      "slugs": [
        "veg",
        "services",
        "delivery-enabled",
        "delivery-enabled",
        "veg",
        "services",
        "veg"
      ]
    },
    {
      "name": "Matka Paneer Kulcha",
      "description": "",
      "media": null,
      "price": 110,
      "menuName": "Snacks",
      "categoryName": "",
      "slugs": [
        "veg",
        "services",
        "sf-not-vegan",
        "delivery-enabled",
        "delivery-enabled",
        "veg",
        "services",
        "sf-not-vegan",
        "veg"
      ]
    },
    {
      "name": "Plain Puff",
      "description": "",
      "media": null,
      "price": 15,
      "menuName": "Snacks",
      "categoryName": "",
      "slugs": [
        "veg",
        "services",
        "delivery-enabled",
        "delivery-enabled",
        "veg",
        "services",
        "veg"
      ]
    },
    {
      "name": "Masala Puff",
      "description": "",
      "media": null,
      "price": 25,
      "menuName": "Snacks",
      "categoryName": "",
      "slugs": [
        "veg",
        "services",
        "delivery-enabled",
        "delivery-enabled",
        "veg",
        "services",
        "veg"
      ]
    },
    {
      "name": "Butter Puff",
      "description": "",
      "media": null,
      "price": 25,
      "menuName": "Snacks",
      "categoryName": "",
      "slugs": [
        "veg",
        "services",
        "sf-not-vegan",
        "delivery-enabled",
        "delivery-enabled",
        "veg",
        "services",
        "sf-not-vegan",
        "veg"
      ]
    },
    {
      "name": "Schezwan Masala Puff",
      "description": "",
      "media": null,
      "price": 30,
      "menuName": "Snacks",
      "categoryName": "",
      "slugs": [
        "veg",
        "services",
        "sf-spicy",
        "delivery-enabled",
        "delivery-enabled",
        "veg",
        "services",
        "sf-spicy",
        "veg"
      ]
    },
    {
      "name": "Butter Masala Puff",
      "description": "",
      "media": null,
      "price": 30,
      "menuName": "Snacks",
      "categoryName": "",
      "slugs": [
        "veg",
        "services",
        "sf-not-vegan",
        "delivery-enabled",
        "delivery-enabled",
        "veg",
        "services",
        "sf-not-vegan",
        "veg"
      ]
    },
    {
      "name": "Cheese Puff",
      "description": "",
      "media": null,
      "price": 40,
      "menuName": "Snacks",
      "categoryName": "",
      "slugs": [
        "veg",
        "services",
        "sf-not-vegan",
        "delivery-enabled",
        "delivery-enabled",
        "veg",
        "services",
        "sf-not-vegan",
        "veg"
      ]
    },
    {
      "name": "Cheese Masala Puff",
      "description": "",
      "media": null,
      "price": 60,
      "menuName": "Snacks",
      "categoryName": "",
      "slugs": [
        "veg",
        "services",
        "sf-not-vegan",
        "delivery-enabled",
        "delivery-enabled",
        "veg",
        "services",
        "sf-not-vegan",
        "veg"
      ]
    }
  ]
}