{
  "basicInfo": {
    "name": "K18 Chinese",
    "cuisine_string": "Chinese, Street Food",
    "canonicalUrl": "https://www.zomato.com/surat/k18-chinese-palanpore/order"
  },
  "ratings": {
    "DINING": {
      "rating_type": "DINING",
      "rating": "3.2",
      "reviewCount": "4",
      "reviewTextSmall": "4 Reviews",
      "subtext": "4 Dining Reviews",
      "color": "#1C1C1C",
      "ratingV2": "3.2",
      "subtitle": "DINING",
      "sideSubTitle": "Dining Ratings",
      "bgColorV2": {
        "type": "green",
        "tint": "500"
      },
      "newOnDining": false
    },
    "DELIVERY": {
      "rating_type": "DELIVERY",
      "rating": "3.6",
      "reviewCount": "340",
      "reviewTextSmall": "340 Reviews",
      "subtext": "340 Delivery Reviews",
      "color": "#E23744",
      "ratingV2": "3.6",
      "subtitle": "DELIVERY",
      "sideSubTitle": "Delivery Ratings",
      "bgColorV2": {
        "type": "green",
        "tint": "600"
      },
      "newOnDelivery": false
    }
  },
  "establishment": {
    "city_id": 38,
    "city_name": "Surat",
    "country_id": 1,
    "country_name": "India",
    "zipcode": "395009",
    "is_dark_kitchen": false,
    "locality_verbose": "Palanpore, Surat",
    "latitude": "21.2048348000",
    "longitude": "72.7824844000",
    "static_map_url": "https://maps.zomato.com/php/staticmap?center=21.2048348000,72.7824844000&maptype=zomato&markers=21.2048348000,72.7824844000,pin_res32&sensor=false&scale=2&zoom=16&language=en&size=240x150&size=400x240",
    "address": "Bhumipujan, Near Vidhyakunj School LP Savani Road, Palanpore, Surat",
    "is_phone_available": 1,
    "phoneDetails": {
      "title": "Phone Numbers",
      "phoneStr": "+917990520096"
    },
    "res_chain_text": "",
    "res_group_text": "",
    "res_chain_url": "",
    "res_group_url": "",
    "show_res_map": true
  },
  "items": [
    {
      "name": "Veg Crispy",
      "description": "",
      "media": "https://b.zmtcdn.com/data/dish_photos/045/8417b81a82feb33fdc656317631ef045.jpg",
      "price": 300,
      "menuName": "K18special",
      "categoryName": "K18 Specials",
      "slugs": [
        "veg",
        "restaurant-recommended",
        "services",
        "delivery-enabled",
        "delivery-enabled",
        "veg",
        "restaurant-recommended",
        "services",
        "veg"
      ]
    },
    {
      "name": "Veg Lollipop",
      "description": "",
      "media": "https://b.zmtcdn.com/data/dish_photos/7b0/fafb46238969f697b0c97b788b0a77b0.jpg",
      "price": 280,
      "menuName": "K18special",
      "categoryName": "K18 Specials",
      "slugs": [
        "veg",
        "restaurant-recommended",
        "services",
        "delivery-enabled",
        "delivery-enabled",
        "veg",
        "restaurant-recommended",
        "services",
        "veg"
      ]
    },
    {
      "name": "Paneer Butter Garlic",
      "description": "",
      "media": "https://b.zmtcdn.com/data/dish_photos/c65/6cbc380587ea712f260c868c32c28c65.jpg",
      "price": 300,
      "menuName": "K18special",
      "categoryName": "K18 Specials",
      "slugs": [
        "veg",
        "services",
        "sf-not-vegan",
        "delivery-enabled",
        "delivery-enabled",
        "veg",
        "services",
        "sf-not-vegan",
        "veg"
      ]
    },
    {
      "name": "Veg 65",
      "description": "",
      "media": "https://b.zmtcdn.com/data/dish_photos/5bb/e000295708f75673fd14d1eca23335bb.jpg",
      "price": 260,
      "menuName": "K18special",
      "categoryName": "K18 Specials",
      "slugs": [
        "veg",
        "restaurant-recommended",
        "services",
        "delivery-enabled",
        "delivery-enabled",
        "veg",
        "restaurant-recommended",
        "services",
        "veg"
      ]
    },
    {
      "name": "Taiwan Bhel",
      "description": "",
      "media": "https://b.zmtcdn.com/data/dish_photos/0c1/483ec36aeda6f6d8aede88cd825960c1.jpg",
      "price": 280,
      "menuName": "K18special",
      "categoryName": "K18 Specials",
      "slugs": [
        "veg",
        "restaurant-recommended",
        "services",
        "delivery-enabled",
        "delivery-enabled",
        "veg",
        "restaurant-recommended",
        "services",
        "veg"
      ]
    },
    {
      "name": "Manchow Soup",
      "description": "",
      "media": "https://b.zmtcdn.com/data/dish_photos/3ee/86670116ed366aa71df59532a67b73ee.jpg",
      "price": 100,
      "menuName": "Soups",
      "categoryName": "",
      "slugs": [
        "veg",
        "restaurant-recommended",
        "services",
        "delivery-enabled",
        "delivery-enabled",
        "veg",
        "restaurant-recommended",
        "services",
        "veg"
      ]
    },
    {
      "name": "Hot & Sour Soup",
      "description": "",
      "media": null,
      "price": 100,
      "menuName": "Soups",
      "categoryName": "",
      "slugs": [
        "veg",
        "services",
        "delivery-enabled",
        "delivery-enabled",
        "veg",
        "services",
        "veg"
      ]
    },
    {
      "name": "Lemon & Coriander Soup",
      "description": "",
      "media": "https://b.zmtcdn.com/data/dish_photos/05b/bc307b696ab08b21ef5724f064c7d05b.jpg",
      "price": 100,
      "menuName": "Soups",
      "categoryName": "",
      "slugs": [
        "veg",
        "restaurant-recommended",
        "services",
        "delivery-enabled",
        "delivery-enabled",
        "veg",
        "restaurant-recommended",
        "services",
        "veg"
      ]
    },
    {
      "name": "Veg Clear Soup",
      "description": "",
      "media": null,
      "price": 100,
      "menuName": "Soups",
      "categoryName": "",
      "slugs": [
        "veg",
        "services",
        "delivery-enabled",
        "delivery-enabled",
        "veg",
        "services",
        "veg"
      ]
    },
    {
      "name": "Manchurian Soup",
      "description": "",
      "media": null,
      "price": 100,
      "menuName": "Soups",
      "categoryName": "",
      "slugs": [
        "veg",
        "services",
        "delivery-enabled",
        "delivery-enabled",
        "veg",
        "services",
        "veg"
      ]
    },
    {
      "name": "Sweet Corn Soup",
      "description": "",
      "media": null,
      "price": 100,
      "menuName": "Soups",
      "categoryName": "",
      "slugs": [
        "veg",
        "services",
        "delivery-enabled",
        "delivery-enabled",
        "veg",
        "services",
        "veg"
      ]
    },
    {
      "name": "Baby Corn Soup",
      "description": "",
      "media": null,
      "price": 120,
      "menuName": "Soups",
      "categoryName": "",
      "slugs": [
        "veg",
        "services",
        "delivery-enabled",
        "delivery-enabled",
        "veg",
        "services",
        "veg"
      ]
    },
    {
      "name": "Mushroom Soup",
      "description": "",
      "media": null,
      "price": 120,
      "menuName": "Soups",
      "categoryName": "",
      "slugs": [
        "veg",
        "services",
        "delivery-enabled",
        "delivery-enabled",
        "veg",
        "services",
        "veg"
      ]
    },
    {
      "name": "Manchurian Dry",
      "description": "",
      "media": "https://b.zmtcdn.com/data/dish_photos/4f0/c2903c8e42d474b47d09148bae3304f0.jpg",
      "price": 180,
      "menuName": "Starters",
      "categoryName": "",
      "slugs": [
        "veg",
        "restaurant-recommended",
        "services",
        "delivery-enabled",
        "delivery-enabled",
        "veg",
        "restaurant-recommended",
        "services",
        "veg"
      ]
    },
    {
      "name": "Veg Manchurian Gravy",
      "description": "",
      "media": "https://b.zmtcdn.com/data/dish_photos/439/be538a7d6a9ebca35a483a6864e1c439.jpg",
      "price": 180,
      "menuName": "Starters",
      "categoryName": "",
      "slugs": [
        "veg",
        "restaurant-recommended",
        "services",
        "delivery-enabled",
        "delivery-enabled",
        "veg",
        "restaurant-recommended",
        "services",
        "veg"
      ]
    },
    {
      "name": "Schezwan Manchurian",
      "description": "",
      "media": null,
      "price": 200,
      "menuName": "Starters",
      "categoryName": "",
      "slugs": [
        "veg",
        "services",
        "sf-spicy",
        "delivery-enabled",
        "delivery-enabled",
        "veg",
        "services",
        "sf-spicy",
        "veg"
      ]
    },
    {
      "name": "Peri Peri Manchurian",
      "description": "",
      "media": null,
      "price": 200,
      "menuName": "Starters",
      "categoryName": "",
      "slugs": [
        "veg",
        "services",
        "sf-spicy",
        "delivery-enabled",
        "delivery-enabled",
        "veg",
        "services",
        "sf-spicy",
        "veg"
      ]
    },
    {
      "name": "Garlic Manchurian",
      "description": "",
      "media": null,
      "price": 200,
      "menuName": "Starters",
      "categoryName": "",
      "slugs": [
        "veg",
        "services",
        "delivery-enabled",
        "delivery-enabled",
        "veg",
        "services",
        "veg"
      ]
    },
    {
      "name": "Paneer Manchurian",
      "description": "",
      "media": null,
      "price": 260,
      "menuName": "Starters",
      "categoryName": "",
      "slugs": [
        "veg",
        "services",
        "sf-not-vegan",
        "delivery-enabled",
        "delivery-enabled",
        "veg",
        "services",
        "sf-not-vegan",
        "veg"
      ]
    },
    {
      "name": "Paneer Chilli Gravy",
      "description": "",
      "media": "https://b.zmtcdn.com/data/dish_photos/ecb/dc796d2bb148e52c2b0fc83de6eb5ecb.jpg",
      "price": 300,
      "menuName": "Starters",
      "categoryName": "",
      "slugs": [
        "veg",
        "restaurant-recommended",
        "services",
        "sf-not-vegan",
        "delivery-enabled",
        "delivery-enabled",
        "veg",
        "restaurant-recommended",
        "services",
        "sf-not-vegan",
        "veg"
      ]
    },
    {
      "name": "Paneer Chilli Dry",
      "description": "",
      "media": "https://b.zmtcdn.com/data/dish_photos/ecb/dc796d2bb148e52c2b0fc83de6eb5ecb.jpg",
      "price": 300,
      "menuName": "Starters",
      "categoryName": "",
      "slugs": [
        "veg",
        "restaurant-recommended",
        "services",
        "sf-not-vegan",
        "delivery-enabled",
        "delivery-enabled",
        "veg",
        "restaurant-recommended",
        "services",
        "sf-not-vegan",
        "veg"
      ]
    },
    {
      "name": "American Chopsuey",
      "description": "",
      "media": null,
      "price": 300,
      "menuName": "Starters",
      "categoryName": "",
      "slugs": [
        "veg",
        "services",
        "delivery-enabled",
        "delivery-enabled",
        "veg",
        "services",
        "veg"
      ]
    },
    {
      "name": "Veg Mushroom Chilli Dry",
      "description": "",
      "media": null,
      "price": 300,
      "menuName": "Starters",
      "categoryName": "",
      "slugs": [
        "veg",
        "services",
        "delivery-enabled",
        "delivery-enabled",
        "veg",
        "services",
        "veg"
      ]
    },
    {
      "name": "Paneer Shanghai",
      "description": "",
      "media": null,
      "price": 320,
      "menuName": "Starters",
      "categoryName": "",
      "slugs": [
        "veg",
        "services",
        "sf-not-vegan",
        "delivery-enabled",
        "delivery-enabled",
        "veg",
        "services",
        "sf-not-vegan",
        "veg"
      ]
    },
    {
      "name": "Spicy Paneer",
      "description": "",
      "media": null,
      "price": 320,
      "menuName": "Starters",
      "categoryName": "",
      "slugs": [
        "veg",
        "spicy",
        "services",
        "sf-spicy",
        "sf-not-vegan",
        "delivery-enabled",
        "delivery-enabled",
        "veg",
        "spicy",
        "services",
        "sf-spicy",
        "sf-not-vegan",
        "veg"
      ]
    },
    {
      "name": "Thai Paneer",
      "description": "",
      "media": null,
      "price": 320,
      "menuName": "Starters",
      "categoryName": "",
      "slugs": [
        "veg",
        "services",
        "sf-not-vegan",
        "delivery-enabled",
        "delivery-enabled",
        "veg",
        "services",
        "sf-not-vegan",
        "veg"
      ]
    },
    {
      "name": "Mushroom Baby Corn Dry",
      "description": "",
      "media": null,
      "price": 320,
      "menuName": "Starters",
      "categoryName": "",
      "slugs": [
        "veg",
        "services",
        "delivery-enabled",
        "delivery-enabled",
        "veg",
        "services",
        "veg"
      ]
    },
    {
      "name": "Hakka Noodles",
      "description": "",
      "media": "https://b.zmtcdn.com/data/dish_photos/0e0/b89ce994a1698e869f6ee251227a20e0.jpg",
      "price": 180,
      "menuName": "Fried Rice & Noodles",
      "categoryName": "Noodles",
      "slugs": [
        "veg",
        "restaurant-recommended",
        "services",
        "delivery-enabled",
        "delivery-enabled",
        "veg",
        "restaurant-recommended",
        "services",
        "veg"
      ]
    },
    {
      "name": "Singapuri Noodles",
      "description": "",
      "media": null,
      "price": 180,
      "menuName": "Fried Rice & Noodles",
      "categoryName": "Noodles",
      "slugs": [
        "veg",
        "services",
        "delivery-enabled",
        "delivery-enabled",
        "veg",
        "services",
        "veg"
      ]
    },
    {
      "name": "Manchurian Noodles",
      "description": "",
      "media": null,
      "price": 180,
      "menuName": "Fried Rice & Noodles",
      "categoryName": "Noodles",
      "slugs": [
        "veg",
        "services",
        "delivery-enabled",
        "delivery-enabled",
        "veg",
        "services",
        "veg"
      ]
    },
    {
      "name": "Mushroom Noodles",
      "description": "",
      "media": null,
      "price": 200,
      "menuName": "Fried Rice & Noodles",
      "categoryName": "Noodles",
      "slugs": [
        "veg",
        "services",
        "delivery-enabled",
        "delivery-enabled",
        "veg",
        "services",
        "veg"
      ]
    },
    {
      "name": "Schezwan Noodles",
      "description": "",
      "media": null,
      "price": 180,
      "menuName": "Fried Rice & Noodles",
      "categoryName": "Noodles",
      "slugs": [
        "veg",
        "services",
        "sf-spicy",
        "delivery-enabled",
        "delivery-enabled",
        "veg",
        "services",
        "sf-spicy",
        "veg"
      ]
    },
    {
      "name": "Hong Kong Noodles",
      "description": "",
      "media": null,
      "price": 200,
      "menuName": "Fried Rice & Noodles",
      "categoryName": "Noodles",
      "slugs": [
        "veg",
        "services",
        "delivery-enabled",
        "delivery-enabled",
        "veg",
        "services",
        "veg"
      ]
    },
    {
      "name": "Paneer Noodles",
      "description": "",
      "media": null,
      "price": 200,
      "menuName": "Fried Rice & Noodles",
      "categoryName": "Noodles",
      "slugs": [
        "veg",
        "services",
        "sf-not-vegan",
        "delivery-enabled",
        "delivery-enabled",
        "veg",
        "services",
        "sf-not-vegan",
        "veg"
      ]
    },
    {
      "name": "Exotic Noodles",
      "description": "",
      "media": "https://b.zmtcdn.com/data/dish_photos/214/4769724c280d6f2caff6a9c43bdaf214.jpg",
      "price": 250,
      "menuName": "Fried Rice & Noodles",
      "categoryName": "Noodles",
      "slugs": [
        "veg",
        "restaurant-recommended",
        "services",
        "delivery-enabled",
        "delivery-enabled",
        "veg",
        "restaurant-recommended",
        "services",
        "veg"
      ]
    },
    {
      "name": "Fried Rice",
      "description": "",
      "media": "https://b.zmtcdn.com/data/dish_photos/ff1/a6d68948ea3e59dadedfe64daccbaff1.jpg",
      "price": 180,
      "menuName": "Fried Rice & Noodles",
      "categoryName": "Fried Rice",
      "slugs": [
        "veg",
        "restaurant-recommended",
        "services",
        "delivery-enabled",
        "delivery-enabled",
        "veg",
        "restaurant-recommended",
        "services",
        "veg"
      ]
    },
    {
      "name": "Schezwan Fried Rice",
      "description": "",
      "media": null,
      "price": 180,
      "menuName": "Fried Rice & Noodles",
      "categoryName": "Fried Rice",
      "slugs": [
        "veg",
        "services",
        "sf-spicy",
        "delivery-enabled",
        "delivery-enabled",
        "veg",
        "services",
        "sf-spicy",
        "veg"
      ]
    },
    {
      "name": "Singapuri Fried Rice",
      "description": "",
      "media": "https://b.zmtcdn.com/data/dish_photos/992/99a5da49c3479d913fb4de6304891992.jpg",
      "price": 180,
      "menuName": "Fried Rice & Noodles",
      "categoryName": "Fried Rice",
      "slugs": [
        "veg",
        "restaurant-recommended",
        "services",
        "delivery-enabled",
        "delivery-enabled",
        "veg",
        "restaurant-recommended",
        "services",
        "veg"
      ]
    },
    {
      "name": "Manchurian Fried Rice",
      "description": "",
      "media": "https://b.zmtcdn.com/data/dish_photos/5e2/2aa9128a2526b1d7567ed16d5ebbc5e2.jpg",
      "price": 180,
      "menuName": "Fried Rice & Noodles",
      "categoryName": "Fried Rice",
      "slugs": [
        "veg",
        "restaurant-recommended",
        "services",
        "delivery-enabled",
        "delivery-enabled",
        "veg",
        "restaurant-recommended",
        "services",
        "veg"
      ]
    },
    {
      "name": "Tripple Fried Rice",
      "description": "",
      "media": "https://b.zmtcdn.com/data/dish_photos/1f0/677c4db22b3b60ceae78dd1bbe14c1f0.jpg",
      "price": 280,
      "menuName": "Fried Rice & Noodles",
      "categoryName": "Fried Rice",
      "slugs": [
        "veg",
        "services",
        "delivery-enabled",
        "delivery-enabled",
        "veg",
        "services",
        "veg"
      ]
    },
    {
      "name": "Masti Fried Rice",
      "description": "",
      "media": null,
      "price": 300,
      "menuName": "Fried Rice & Noodles",
      "categoryName": "Fried Rice",
      "slugs": [
        "veg",
        "services",
        "delivery-enabled",
        "delivery-enabled",
        "veg",
        "services",
        "veg"
      ]
    },
    {
      "name": "Korean Fried Rice",
      "description": "",
      "media": null,
      "price": 300,
      "menuName": "Fried Rice & Noodles",
      "categoryName": "Fried Rice",
      "slugs": [
        "veg",
        "services",
        "delivery-enabled",
        "delivery-enabled",
        "veg",
        "services",
        "veg"
      ]
    },
    {
      "name": "Dragon Kabsa Rice",
      "description": "",
      "media": null,
      "price": 300,
      "menuName": "Fried Rice & Noodles",
      "categoryName": "Fried Rice",
      "slugs": [
        "veg",
        "services",
        "delivery-enabled",
        "delivery-enabled",
        "veg",
        "services",
        "veg"
      ]
    },
    {
      "name": "Cheese Fried Rice",
      "description": "",
      "media": null,
      "price": 300,
      "menuName": "Fried Rice & Noodles",
      "categoryName": "Fried Rice",
      "slugs": [
        "veg",
        "services",
        "sf-not-vegan",
        "delivery-enabled",
        "delivery-enabled",
        "veg",
        "services",
        "sf-not-vegan",
        "veg"
      ]
    },
    {
      "name": "Casa Fried Rice",
      "description": "",
      "media": null,
      "price": 320,
      "menuName": "Fried Rice & Noodles",
      "categoryName": "Fried Rice",
      "slugs": [
        "veg",
        "services",
        "delivery-enabled",
        "delivery-enabled",
        "veg",
        "services",
        "veg"
      ]
    },
    {
      "name": "Dragon Casa Fried Rice",
      "description": "",
      "media": null,
      "price": 250,
      "menuName": "Fried Rice & Noodles",
      "categoryName": "Fried Rice",
      "slugs": [
        "veg",
        "services",
        "delivery-enabled",
        "delivery-enabled",
        "veg",
        "services",
        "veg"
      ]
    },
    {
      "name": "Mushroom Fried Rice",
      "description": "",
      "media": null,
      "price": 320,
      "menuName": "Fried Rice & Noodles",
      "categoryName": "Fried Rice",
      "slugs": [
        "veg",
        "services",
        "delivery-enabled",
        "delivery-enabled",
        "veg",
        "services",
        "veg"
      ]
    },
    {
      "name": "Burnt Garlic Fried Rice",
      "description": "",
      "media": "https://b.zmtcdn.com/data/dish_photos/760/4b5195b6c90447d218e2cff0f1f8d760.jpg",
      "price": 350,
      "menuName": "Fried Rice & Noodles",
      "categoryName": "Fried Rice",
      "slugs": [
        "veg",
        "restaurant-recommended",
        "services",
        "delivery-enabled",
        "delivery-enabled",
        "veg",
        "restaurant-recommended",
        "services",
        "veg"
      ]
    },
    {
      "name": "Chinese Bhel",
      "description": "",
      "media": "https://b.zmtcdn.com/data/dish_photos/47e/46cd75c9467db4598d979ae5e39da47e.jpg",
      "price": 180,
      "menuName": "Bhel",
      "categoryName": "",
      "slugs": [
        "veg",
        "restaurant-recommended",
        "services",
        "delivery-enabled",
        "delivery-enabled",
        "veg",
        "restaurant-recommended",
        "services",
        "veg"
      ]
    },
    {
      "name": "Cheese Chinese Bhel",
      "description": "",
      "media": null,
      "price": 200,
      "menuName": "Bhel",
      "categoryName": "",
      "slugs": [
        "veg",
        "services",
        "sf-not-vegan",
        "delivery-enabled",
        "delivery-enabled",
        "veg",
        "services",
        "sf-not-vegan",
        "veg"
      ]
    },
    {
      "name": "Singapuri Bhel",
      "description": "",
      "media": null,
      "price": 180,
      "menuName": "Bhel",
      "categoryName": "",
      "slugs": [
        "veg",
        "services",
        "delivery-enabled",
        "delivery-enabled",
        "veg",
        "services",
        "veg"
      ]
    },
    {
      "name": "Bombay Bhel",
      "description": "",
      "media": null,
      "price": 180,
      "menuName": "Bhel",
      "categoryName": "",
      "slugs": [
        "veg",
        "services",
        "delivery-enabled",
        "delivery-enabled",
        "veg",
        "services",
        "veg"
      ]
    }
  ]
}