{
  "basicInfo": {
    "name": "Kansar Gujarati Thali",
    "cuisine_string": "Gujarati",
    "canonicalUrl": "https://www.zomato.com/surat/kansar-gujarati-thali-nanpura/order"
  },
  "ratings": {
    "DINING": {
      "rating_type": "DINING",
      "rating": "4.1",
      "reviewCount": "1,115",
      "reviewTextSmall": "1,115 Reviews",
      "subtext": "1,115 Dining Reviews",
      "color": "#1C1C1C",
      "ratingV2": "4.1",
      "subtitle": "DINING",
      "sideSubTitle": "Dining Ratings",
      "bgColorV2": {
        "type": "green",
        "tint": "700"
      },
      "newOnDining": false
    },
    "DELIVERY": {
      "rating_type": "DELIVERY",
      "rating": "4.2",
      "reviewCount": "10.8K",
      "reviewTextSmall": "10.8K Reviews",
      "subtext": "10.8K Delivery Reviews",
      "color": "#E23744",
      "ratingV2": "4.2",
      "subtitle": "DELIVERY",
      "sideSubTitle": "Delivery Ratings",
      "bgColorV2": {
        "type": "green",
        "tint": "700"
      },
      "newOnDelivery": false
    }
  },
  "establishment": {
    "city_id": 38,
    "city_name": "Surat",
    "country_id": 1,
    "country_name": "India",
    "zipcode": "",
    "is_dark_kitchen": false,
    "locality_verbose": "Nanpura, Surat",
    "latitude": "21.1834607727",
    "longitude": "72.8144585341",
    "static_map_url": "https://maps.zomato.com/php/staticmap?center=21.1834607727,72.8144585341&maptype=zomato&markers=21.1834607727,72.8144585341,pin_res32&sensor=false&scale=2&zoom=16&language=en&size=240x150&size=400x240",
    "address": "A Wing, President Plaza, Near R.T.O, Nanpura, Surat",
    "is_phone_available": 1,
    "phoneDetails": {
      "title": "Phone Numbers",
      "phoneStr": "+912612470000"
    },
    "res_chain_text": "See all 2 Kansar Gujarati Thali outlets in Surat",
    "res_group_text": "",
    "res_chain_url": "https://www.zomato.com/surat/restaurants/kansar-gujarati-thali",
    "res_group_url": "",
    "show_res_map": true
  },
  "items": [
    {
      "name": "Dal Rice",
      "description": "",
      "media": "https://b.zmtcdn.com/data/dish_photos/609/cdc0f1df77a5699161b7301e88983609.jpg",
      "price": 150,
      "menuName": "Zomato Express Meals",
      "categoryName": "Combo",
      "slugs": [
        "veg",
        "chef-special",
        "bestseller-lunch",
        "restaurant-recommended",
        "hero-item",
        "combo-item",
        "home-style-meal",
        "services",
        "value-meal",
        "delivery-enabled",
        "delivery-enabled",
        "veg",
        "chef-special",
        "bestseller-lunch",
        "restaurant-recommended",
        "hero-item",
        "combo-item",
        "home-style-meal",
        "services",
        "value-meal",
        "veg"
      ]
    },
    {
      "name": "Kadhi Khichdi",
      "description": "",
      "media": null,
      "price": 150,
      "menuName": "Zomato Express Meals",
      "categoryName": "Combo",
      "slugs": [
        "veg",
        "restaurant-recommended",
        "services",
        "delivery-enabled",
        "delivery-enabled",
        "veg",
        "restaurant-recommended",
        "services",
        "veg"
      ]
    },
    {
      "name": "Paneer Sabji - Today Special",
      "description": "",
      "media": null,
      "price": 150,
      "menuName": "Main Course",
      "categoryName": "Sabji Specials",
      "slugs": [
        "veg",
        "bestseller-lunch",
        "medium-spicy",
        "pair-with-bread",
        "home-style-meal",
        "services",
        "delivery-enabled",
        "delivery-enabled",
        "veg",
        "bestseller-lunch",
        "medium-spicy",
        "pair-with-bread",
        "home-style-meal",
        "services",
        "veg"
      ]
    },
    {
      "name": "Aloo Sabji - Today Special",
      "description": "",
      "media": null,
      "price": 120,
      "menuName": "Main Course",
      "categoryName": "Sabji Specials",
      "slugs": [
        "veg",
        "medium-spicy",
        "home-style-meal",
        "services",
        "delivery-enabled",
        "delivery-enabled",
        "veg",
        "medium-spicy",
        "home-style-meal",
        "services",
        "veg"
      ]
    },
    {
      "name": "Veg Sabji - Today Gujarati Special",
      "description": "",
      "media": null,
      "price": 120,
      "menuName": "Main Course",
      "categoryName": "Sabji Specials",
      "slugs": [
        "veg",
        "medium-spicy",
        "pair-with-bread",
        "home-style-meal",
        "services",
        "delivery-enabled",
        "delivery-enabled",
        "veg",
        "medium-spicy",
        "pair-with-bread",
        "home-style-meal",
        "services",
        "veg"
      ]
    },
    {
      "name": "Kathol Sabji - Today Special",
      "description": "",
      "media": null,
      "price": 120,
      "menuName": "Main Course",
      "categoryName": "Sabji Specials",
      "slugs": [
        "veg",
        "main-course",
        "medium-spicy",
        "home-style-meal",
        "services",
        "delivery-enabled",
        "delivery-enabled",
        "veg",
        "main-course",
        "medium-spicy",
        "home-style-meal",
        "services",
        "veg"
      ]
    },
    {
      "name": "Dal Rice",
      "description": "",
      "media": "https://b.zmtcdn.com/data/dish_photos/609/cdc0f1df77a5699161b7301e88983609.jpg",
      "price": 150,
      "menuName": "Combo",
      "categoryName": "",
      "slugs": [
        "veg",
        "bestseller-lunch",
        "restaurant-recommended",
        "hero-item",
        "combo-item",
        "home-style-meal",
        "services",
        "value-meal",
        "delivery-enabled",
        "delivery-enabled",
        "veg",
        "bestseller-lunch",
        "restaurant-recommended",
        "hero-item",
        "combo-item",
        "home-style-meal",
        "services",
        "value-meal",
        "veg"
      ]
    },
    {
      "name": "Mini Tiffn [Serves -2]",
      "description": "1 Types of sweet [4 pieces, 150 grams]+2 types of farsan [fried [4 pieces]+boiled [4 pieces]]+2 types of vegetables [300 grams]+dal rice 250 grams]+papad [2 pieces]+pickle+12 phulka roti",
      "media": "https://b.zmtcdn.com/data/dish_photos/6ad/a24fcfd46b030eed0d3171d392e216ad.jpg",
      "price": 528,
      "menuName": "Match Day Special Combos",
      "categoryName": "Zomato Special Combos",
      "slugs": [
        "veg",
        "spicy",
        "chef-special",
        "bestseller-lunch",
        "bestseller-dinner",
        "restaurant-recommended",
        "medium-spicy",
        "combo-item",
        "zpl-combo",
        "services",
        "delivery-enabled",
        "delivery-enabled",
        "veg",
        "spicy",
        "chef-special",
        "bestseller-lunch",
        "bestseller-dinner",
        "restaurant-recommended",
        "medium-spicy",
        "combo-item",
        "zpl-combo",
        "services",
        "veg"
      ]
    },
    {
      "name": "Family Pack [Serves -4]",
      "description": "1 Types of sweet [7 pieces, 200 grams]+2 types of farsan [fried [8 pieces]+boiled [8 pieces]]+4 types of vegetables [Punjabi [300 grams]+aloo [300 grams]+green [300 grams]+kathol[300 grams]]+dal rice +papad [2 pieces]+pickle+20 phulka roti",
      "media": "https://b.zmtcdn.com/data/dish_photos/da2/eb60c444b07b5171580e07789285fda2.jpg",
      "price": 799,
      "menuName": "Match Day Special Combos",
      "categoryName": "Zomato Special Combos",
      "slugs": [
        "veg",
        "spicy",
        "chef-special",
        "restaurant-recommended",
        "hero-item",
        "medium-spicy",
        "combo-item",
        "zpl-combo",
        "services",
        "party-combo",
        "delivery-enabled",
        "delivery-enabled",
        "veg",
        "spicy",
        "chef-special",
        "restaurant-recommended",
        "hero-item",
        "medium-spicy",
        "combo-item",
        "zpl-combo",
        "services",
        "party-combo",
        "veg"
      ]
    },
    {
      "name": "Meal For 1",
      "description": "2 type subji+4 Chapati+Dal+Rice+Pickle+Gulab Jamun [1 Piece]",
      "media": "https://b.zmtcdn.com/data/dish_photos/af1/e390824a779688d11d73bcebe2e5aaf1.jpg",
      "price": 140,
      "menuName": "Match Day Special Combos",
      "categoryName": "Zomato Special Combos",
      "slugs": [
        "veg",
        "spicy",
        "bestseller-lunch",
        "bestseller-dinner",
        "restaurant-recommended",
        "hero-item",
        "medium-spicy",
        "combo-item",
        "zpl-combo",
        "services",
        "delivery-enabled",
        "delivery-enabled",
        "veg",
        "spicy",
        "bestseller-lunch",
        "bestseller-dinner",
        "restaurant-recommended",
        "hero-item",
        "medium-spicy",
        "combo-item",
        "zpl-combo",
        "services",
        "veg"
      ]
    },
    {
      "name": "Roti",
      "description": "",
      "media": "https://b.zmtcdn.com/data/dish_photos/a58/b4765ed2e933a13bfced0872e2107a58.jpg",
      "price": 10,
      "menuName": "Breads",
      "categoryName": "",
      "slugs": [
        "veg",
        "reco-breads",
        "bread",
        "home-style-meal",
        "services",
        "delivery-enabled",
        "delivery-enabled",
        "veg",
        "reco-breads",
        "bread",
        "home-style-meal",
        "services",
        "veg"
      ]
    },
    {
      "name": "Poori",
      "description": "",
      "media": null,
      "price": 5,
      "menuName": "Breads",
      "categoryName": "",
      "slugs": [
        "veg",
        "reco-breads",
        "services",
        "delivery-enabled",
        "delivery-enabled",
        "veg",
        "reco-breads",
        "services",
        "veg"
      ]
    },
    {
      "name": "Fry Farsan",
      "description": "",
      "media": "https://b.zmtcdn.com/data/dish_photos/da5/b44317f0e6dbd25f3879d88c9ab45da5.jpg",
      "price": 120,
      "menuName": "Snack",
      "categoryName": "",
      "slugs": [
        "veg",
        "reco-snacks",
        "restaurant-recommended",
        "services",
        "delivery-enabled",
        "delivery-enabled",
        "veg",
        "reco-snacks",
        "restaurant-recommended",
        "services",
        "veg"
      ]
    },
    {
      "name": "Sweet",
      "description": "",
      "media": "https://b.zmtcdn.com/data/dish_photos/f47/87ebb01e594853ab714800f3681d2f47.jpg",
      "price": 110,
      "menuName": "Dessert",
      "categoryName": "",
      "slugs": [
        "veg",
        "reco-desserts",
        "bestseller-dinner",
        "dessert",
        "hero-item",
        "services",
        "delivery-enabled",
        "delivery-enabled",
        "veg",
        "reco-desserts",
        "bestseller-dinner",
        "dessert",
        "hero-item",
        "services",
        "veg"
      ]
    }
  ]
}