{
  "basicInfo": {
    "name": "Kebabs & Curries",
    "cuisine_string": "North Indian, Kebab, Chinese, Seafood, Biryani, Sichuan",
    "canonicalUrl": "https://www.zomato.com/surat/kebabs-curries-piplod/order"
  },
  "ratings": {
    "DINING": {
      "rating_type": "DINING",
      "rating": "3.9",
      "reviewCount": "113",
      "reviewTextSmall": "113 Reviews",
      "subtext": "113 Dining Reviews",
      "color": "#1C1C1C",
      "ratingV2": "3.9",
      "subtitle": "DINING",
      "sideSubTitle": "Dining Ratings",
      "bgColorV2": {
        "type": "green",
        "tint": "600"
      },
      "newOnDining": false
    },
    "DELIVERY": {
      "rating_type": "DELIVERY",
      "rating": "4.3",
      "reviewCount": "3,293",
      "reviewTextSmall": "3,293 Reviews",
      "subtext": "3,293 Delivery Reviews",
      "color": "#E23744",
      "ratingV2": "4.3",
      "subtitle": "DELIVERY",
      "sideSubTitle": "Delivery Ratings",
      "bgColorV2": {
        "type": "green",
        "tint": "700"
      },
      "newOnDelivery": false
    }
  },
  "establishment": {
    "city_id": 38,
    "city_name": "Surat",
    "country_id": 1,
    "country_name": "India",
    "zipcode": "",
    "is_dark_kitchen": false,
    "locality_verbose": "Piplod, Surat",
    "latitude": "21.1672639348",
    "longitude": "72.7796592191",
    "static_map_url": "https://maps.zomato.com/php/staticmap?center=21.1672639348,72.7796592191&maptype=zomato&markers=21.1672639348,72.7796592191,pin_res32&sensor=false&scale=2&zoom=16&language=en&size=240x150&size=400x240",
    "address": "26, Pragati Maidan, Opposite Neelam Society, Kargil Chowk, Piplod, Surat",
    "is_phone_available": 1,
    "phoneDetails": {
      "title": "Phone Numbers",
      "phoneStr": "+919913780000, +918156056056"
    },
    "res_chain_text": "",
    "res_group_text": "",
    "res_chain_url": "",
    "res_group_url": "",
    "show_res_map": true
  },
  "items": [
    {
      "name": "Veg Burnt Garlic Soup",
      "description": "",
      "media": "https://b.zmtcdn.com/data/dish_photos/54a/c9f9f51491b1f031cd4212421efcf54a.jpeg",
      "price": 180,
      "menuName": "Soups",
      "categoryName": "Veg Soup",
      "slugs": [
        "veg",
        "services",
        "delivery-enabled",
        "delivery-enabled",
        "veg",
        "services",
        "veg"
      ]
    },
    {
      "name": "Veg Classic Oriental Soup",
      "description": "",
      "media": null,
      "price": 190,
      "menuName": "Soups",
      "categoryName": "Veg Soup",
      "slugs": [
        "veg",
        "services",
        "delivery-enabled",
        "delivery-enabled",
        "veg",
        "services",
        "veg"
      ]
    },
    {
      "name": "Veg Hot And Sour Soup",
      "description": "",
      "media": null,
      "price": 170,
      "menuName": "Soups",
      "categoryName": "Veg Soup",
      "slugs": [
        "veg",
        "services",
        "delivery-enabled",
        "delivery-enabled",
        "veg",
        "services",
        "veg"
      ]
    },
    {
      "name": "Veg Lemon Coriander Soup",
      "description": "",
      "media": "https://b.zmtcdn.com/data/dish_photos/d21/040245489025fc1f2a5ddf7907dbdd21.jpeg",
      "price": 180,
      "menuName": "Soups",
      "categoryName": "Veg Soup",
      "slugs": [
        "veg",
        "services",
        "delivery-enabled",
        "delivery-enabled",
        "veg",
        "services",
        "veg"
      ]
    },
    {
      "name": "Veg Manchow Soup",
      "description": "",
      "media": "https://b.zmtcdn.com/data/dish_photos/35b/3143282137112e974f90c011dc27135b.jpeg",
      "price": 170,
      "menuName": "Soups",
      "categoryName": "Veg Soup",
      "slugs": [
        "veg",
        "services",
        "delivery-enabled",
        "delivery-enabled",
        "veg",
        "services",
        "veg"
      ]
    },
    {
      "name": "Veg Sweet Corn Soup",
      "description": "",
      "media": null,
      "price": 170,
      "menuName": "Soups",
      "categoryName": "Veg Soup",
      "slugs": [
        "veg",
        "services",
        "delivery-enabled",
        "delivery-enabled",
        "veg",
        "services",
        "veg"
      ]
    },
    {
      "name": "Chi. Burnt Garlic Soup",
      "description": "",
      "media": null,
      "price": 190,
      "menuName": "Soups",
      "categoryName": "Non Veg Soup",
      "slugs": [
        "non-veg",
        "services",
        "delivery-enabled",
        "delivery-enabled",
        "non-veg",
        "services",
        "non-veg"
      ]
    },
    {
      "name": "Chi. Cla Oriental Soup",
      "description": "",
      "media": "https://b.zmtcdn.com/data/dish_photos/eee/f252d2e4a5203043830c2e2bc956eeee.jpeg",
      "price": 200,
      "menuName": "Soups",
      "categoryName": "Non Veg Soup",
      "slugs": [
        "non-veg",
        "services",
        "delivery-enabled",
        "delivery-enabled",
        "non-veg",
        "services",
        "non-veg"
      ]
    },
    {
      "name": "Chi. Lemon Coriander Soup",
      "description": "",
      "media": null,
      "price": 190,
      "menuName": "Soups",
      "categoryName": "Non Veg Soup",
      "slugs": [
        "non-veg",
        "services",
        "delivery-enabled",
        "delivery-enabled",
        "non-veg",
        "services",
        "non-veg"
      ]
    },
    {
      "name": "Chicken Hot & Sour Soup",
      "description": "",
      "media": null,
      "price": 180,
      "menuName": "Soups",
      "categoryName": "Non Veg Soup",
      "slugs": [
        "non-veg",
        "services",
        "delivery-enabled",
        "delivery-enabled",
        "non-veg",
        "services",
        "non-veg"
      ]
    },
    {
      "name": "Chicken Manchow Soup",
      "description": "",
      "media": null,
      "price": 180,
      "menuName": "Soups",
      "categoryName": "Non Veg Soup",
      "slugs": [
        "non-veg",
        "services",
        "delivery-enabled",
        "delivery-enabled",
        "non-veg",
        "services",
        "non-veg"
      ]
    },
    {
      "name": "Chicken Sweet Corn Soup",
      "description": "",
      "media": null,
      "price": 180,
      "menuName": "Soups",
      "categoryName": "Non Veg Soup",
      "slugs": [
        "non-veg",
        "services",
        "delivery-enabled",
        "delivery-enabled",
        "non-veg",
        "services",
        "non-veg"
      ]
    },
    {
      "name": "Crab Meat Soup",
      "description": "",
      "media": null,
      "price": 200,
      "menuName": "Soups",
      "categoryName": "Non Veg Soup",
      "slugs": [
        "non-veg",
        "services",
        "delivery-enabled",
        "delivery-enabled",
        "non-veg",
        "services",
        "non-veg"
      ]
    },
    {
      "name": "Egg Chicken Soup",
      "description": "",
      "media": null,
      "price": 180,
      "menuName": "Soups",
      "categoryName": "Non Veg Soup",
      "slugs": [
        "non-veg",
        "services",
        "delivery-enabled",
        "delivery-enabled",
        "non-veg",
        "services",
        "non-veg"
      ]
    },
    {
      "name": "Sea Food Soup",
      "description": "",
      "media": null,
      "price": 200,
      "menuName": "Soups",
      "categoryName": "Non Veg Soup",
      "slugs": [
        "non-veg",
        "services",
        "delivery-enabled",
        "delivery-enabled",
        "non-veg",
        "services",
        "non-veg"
      ]
    },
    {
      "name": "Garlic Chilli Potato",
      "description": "",
      "media": null,
      "price": 270,
      "menuName": "Veg Chinese Starters",
      "categoryName": "",
      "slugs": [
        "veg",
        "services",
        "delivery-enabled",
        "delivery-enabled",
        "veg",
        "services",
        "veg"
      ]
    },
    {
      "name": "Honey Chilli Potato",
      "description": "",
      "media": null,
      "price": 270,
      "menuName": "Veg Chinese Starters",
      "categoryName": "",
      "slugs": [
        "veg",
        "services",
        "sf-not-vegan",
        "delivery-enabled",
        "delivery-enabled",
        "veg",
        "services",
        "sf-not-vegan",
        "veg"
      ]
    },
    {
      "name": "Mushroom Butter Garlic",
      "description": "",
      "media": null,
      "price": 310,
      "menuName": "Veg Chinese Starters",
      "categoryName": "",
      "slugs": [
        "veg",
        "services",
        "sf-not-vegan",
        "delivery-enabled",
        "delivery-enabled",
        "veg",
        "services",
        "sf-not-vegan",
        "veg"
      ]
    },
    {
      "name": "Mushroom Chilli",
      "description": "",
      "media": null,
      "price": 300,
      "menuName": "Veg Chinese Starters",
      "categoryName": "",
      "slugs": [
        "veg",
        "services",
        "delivery-enabled",
        "delivery-enabled",
        "veg",
        "services",
        "veg"
      ]
    },
    {
      "name": "Mushroom Coriander Chilly",
      "description": "",
      "media": null,
      "price": 300,
      "menuName": "Veg Chinese Starters",
      "categoryName": "",
      "slugs": [
        "veg",
        "services",
        "delivery-enabled",
        "delivery-enabled",
        "veg",
        "services",
        "veg"
      ]
    },
    {
      "name": "Paneer Basil Chilly",
      "description": "",
      "media": null,
      "price": 310,
      "menuName": "Veg Chinese Starters",
      "categoryName": "",
      "slugs": [
        "veg",
        "services",
        "sf-not-vegan",
        "delivery-enabled",
        "delivery-enabled",
        "veg",
        "services",
        "sf-not-vegan",
        "veg"
      ]
    },
    {
      "name": "Paneer Butter Garlic Dry",
      "description": "",
      "media": null,
      "price": 310,
      "menuName": "Veg Chinese Starters",
      "categoryName": "",
      "slugs": [
        "veg",
        "services",
        "sf-not-vegan",
        "delivery-enabled",
        "delivery-enabled",
        "veg",
        "services",
        "sf-not-vegan",
        "veg"
      ]
    },
    {
      "name": "Paneer Chilli Dry",
      "description": "",
      "media": null,
      "price": 310,
      "menuName": "Veg Chinese Starters",
      "categoryName": "",
      "slugs": [
        "veg",
        "services",
        "sf-not-vegan",
        "delivery-enabled",
        "delivery-enabled",
        "veg",
        "services",
        "sf-not-vegan",
        "veg"
      ]
    },
    {
      "name": "Paneer Coriander Chilli",
      "description": "",
      "media": null,
      "price": 300,
      "menuName": "Veg Chinese Starters",
      "categoryName": "",
      "slugs": [
        "veg",
        "services",
        "sf-not-vegan",
        "delivery-enabled",
        "delivery-enabled",
        "veg",
        "services",
        "sf-not-vegan",
        "veg"
      ]
    },
    {
      "name": "Paneer Schezwan Dry",
      "description": "",
      "media": null,
      "price": 310,
      "menuName": "Veg Chinese Starters",
      "categoryName": "",
      "slugs": [
        "veg",
        "services",
        "sf-spicy",
        "sf-not-vegan",
        "delivery-enabled",
        "delivery-enabled",
        "veg",
        "services",
        "sf-spicy",
        "sf-not-vegan",
        "veg"
      ]
    },
    {
      "name": "Spicy Mushroom Cilantro",
      "description": "",
      "media": "https://b.zmtcdn.com/data/dish_photos/914/da3457db4ebd12e8200eb23a1cc04914.jpeg",
      "price": 310,
      "menuName": "Veg Chinese Starters",
      "categoryName": "",
      "slugs": [
        "veg",
        "services",
        "sf-spicy",
        "delivery-enabled",
        "delivery-enabled",
        "veg",
        "services",
        "sf-spicy",
        "veg"
      ]
    },
    {
      "name": "Spicy Paneer Cilantro",
      "description": "",
      "media": null,
      "price": 310,
      "menuName": "Veg Chinese Starters",
      "categoryName": "",
      "slugs": [
        "veg",
        "services",
        "sf-spicy",
        "sf-not-vegan",
        "delivery-enabled",
        "delivery-enabled",
        "veg",
        "services",
        "sf-spicy",
        "sf-not-vegan",
        "veg"
      ]
    },
    {
      "name": "Veg Manchurian Dry",
      "description": "",
      "media": "https://b.zmtcdn.com/data/dish_photos/af0/87c2406c8a84aabad4cd5576638f5af0.jpeg",
      "price": 200,
      "menuName": "Veg Chinese Starters",
      "categoryName": "",
      "slugs": [
        "veg",
        "services",
        "delivery-enabled",
        "delivery-enabled",
        "veg",
        "services",
        "veg"
      ]
    },
    {
      "name": "Chicken Basil Chilli",
      "description": "",
      "media": "https://b.zmtcdn.com/data/dish_photos/5d3/1966a5cb3342b9f088341a598a7cb5d3.jpeg",
      "price": 330,
      "menuName": "Non Veg Chinese Starters",
      "categoryName": "",
      "slugs": [
        "non-veg",
        "services",
        "delivery-enabled",
        "delivery-enabled",
        "non-veg",
        "services",
        "non-veg"
      ]
    },
    {
      "name": "Chicken Chilli Dry",
      "description": "",
      "media": "https://b.zmtcdn.com/data/dish_photos/fe4/f8baa84014b65f3d7453e909796d0fe4.jpeg",
      "price": 320,
      "menuName": "Non Veg Chinese Starters",
      "categoryName": "",
      "slugs": [
        "non-veg",
        "services",
        "delivery-enabled",
        "delivery-enabled",
        "non-veg",
        "services",
        "non-veg"
      ]
    },
    {
      "name": "Chicken Green Pepper",
      "description": "",
      "media": null,
      "price": 310,
      "menuName": "Non Veg Chinese Starters",
      "categoryName": "",
      "slugs": [
        "non-veg",
        "services",
        "delivery-enabled",
        "delivery-enabled",
        "non-veg",
        "services",
        "non-veg"
      ]
    },
    {
      "name": "Chicken Lollypop",
      "description": "",
      "media": "https://b.zmtcdn.com/data/dish_photos/592/e8b82b858672f4c3f58033eea1d45592.jpeg",
      "price": 250,
      "menuName": "Non Veg Chinese Starters",
      "categoryName": "",
      "slugs": [
        "non-veg",
        "services",
        "delivery-enabled",
        "delivery-enabled",
        "non-veg",
        "services",
        "non-veg"
      ]
    },
    {
      "name": "Chicken Manchurian",
      "description": "",
      "media": null,
      "price": 320,
      "menuName": "Non Veg Chinese Starters",
      "categoryName": "",
      "slugs": [
        "non-veg",
        "services",
        "delivery-enabled",
        "delivery-enabled",
        "non-veg",
        "services",
        "non-veg"
      ]
    },
    {
      "name": "Chicken Oyster Chilli Dry",
      "description": "",
      "media": null,
      "price": 330,
      "menuName": "Non Veg Chinese Starters",
      "categoryName": "",
      "slugs": [
        "non-veg",
        "services",
        "delivery-enabled",
        "delivery-enabled",
        "non-veg",
        "services",
        "non-veg"
      ]
    },
    {
      "name": "Chicken Rod Phrik",
      "description": "",
      "media": null,
      "price": 330,
      "menuName": "Non Veg Chinese Starters",
      "categoryName": "",
      "slugs": [
        "non-veg",
        "services",
        "delivery-enabled",
        "delivery-enabled",
        "non-veg",
        "services",
        "non-veg"
      ]
    },
    {
      "name": "Chicken Schezwan Dry",
      "description": "",
      "media": null,
      "price": 330,
      "menuName": "Non Veg Chinese Starters",
      "categoryName": "",
      "slugs": [
        "non-veg",
        "services",
        "sf-spicy",
        "delivery-enabled",
        "delivery-enabled",
        "non-veg",
        "services",
        "sf-spicy",
        "non-veg"
      ]
    },
    {
      "name": "Crispy Chicken",
      "description": "",
      "media": null,
      "price": 320,
      "menuName": "Non Veg Chinese Starters",
      "categoryName": "",
      "slugs": [
        "non-veg",
        "services",
        "delivery-enabled",
        "delivery-enabled",
        "non-veg",
        "services",
        "non-veg"
      ]
    },
    {
      "name": "Drums Of Heaven",
      "description": "",
      "media": "https://b.zmtcdn.com/data/dish_photos/7e8/76e9461a21b6f175647d822c2d09c7e8.jpeg",
      "price": 310,
      "menuName": "Non Veg Chinese Starters",
      "categoryName": "",
      "slugs": [
        "non-veg",
        "services",
        "delivery-enabled",
        "delivery-enabled",
        "non-veg",
        "services",
        "non-veg"
      ]
    },
    {
      "name": "Fish Coriander",
      "description": "",
      "media": null,
      "price": 390,
      "menuName": "Non Veg Chinese Starters",
      "categoryName": "",
      "slugs": [
        "non-veg",
        "services",
        "delivery-enabled",
        "delivery-enabled",
        "non-veg",
        "services",
        "non-veg"
      ]
    },
    {
      "name": "Fish Butter Garlic",
      "description": "",
      "media": null,
      "price": 390,
      "menuName": "Non Veg Chinese Starters",
      "categoryName": "",
      "slugs": [
        "non-veg",
        "services",
        "delivery-enabled",
        "delivery-enabled",
        "non-veg",
        "services",
        "non-veg"
      ]
    },
    {
      "name": "Fish Chilli",
      "description": "",
      "media": null,
      "price": 390,
      "menuName": "Non Veg Chinese Starters",
      "categoryName": "",
      "slugs": [
        "non-veg",
        "services",
        "delivery-enabled",
        "delivery-enabled",
        "non-veg",
        "services",
        "non-veg"
      ]
    },
    {
      "name": "Fish Chilli Basil",
      "description": "",
      "media": null,
      "price": 390,
      "menuName": "Non Veg Chinese Starters",
      "categoryName": "",
      "slugs": [
        "non-veg",
        "services",
        "delivery-enabled",
        "delivery-enabled",
        "non-veg",
        "services",
        "non-veg"
      ]
    },
    {
      "name": "Fish Crispy",
      "description": "",
      "media": "https://b.zmtcdn.com/data/dish_photos/5b6/ffdeb95b4538a4562076fbdc0bcf35b6.jpeg",
      "price": 390,
      "menuName": "Non Veg Chinese Starters",
      "categoryName": "",
      "slugs": [
        "non-veg",
        "services",
        "delivery-enabled",
        "delivery-enabled",
        "non-veg",
        "services",
        "non-veg"
      ]
    },
    {
      "name": "Fish Oyster Chilli",
      "description": "",
      "media": null,
      "price": 390,
      "menuName": "Non Veg Chinese Starters",
      "categoryName": "",
      "slugs": [
        "non-veg",
        "services",
        "delivery-enabled",
        "delivery-enabled",
        "non-veg",
        "services",
        "non-veg"
      ]
    },
    {
      "name": "Fish Rod Phrik",
      "description": "",
      "media": null,
      "price": 390,
      "menuName": "Non Veg Chinese Starters",
      "categoryName": "",
      "slugs": [
        "non-veg",
        "services",
        "delivery-enabled",
        "delivery-enabled",
        "non-veg",
        "services",
        "non-veg"
      ]
    },
    {
      "name": "Fish Salt N Pepper",
      "description": "",
      "media": null,
      "price": 390,
      "menuName": "Non Veg Chinese Starters",
      "categoryName": "",
      "slugs": [
        "non-veg",
        "services",
        "delivery-enabled",
        "delivery-enabled",
        "non-veg",
        "services",
        "non-veg"
      ]
    },
    {
      "name": "Fish Schezwan",
      "description": "",
      "media": null,
      "price": 390,
      "menuName": "Non Veg Chinese Starters",
      "categoryName": "",
      "slugs": [
        "non-veg",
        "services",
        "sf-spicy",
        "delivery-enabled",
        "delivery-enabled",
        "non-veg",
        "services",
        "sf-spicy",
        "non-veg"
      ]
    },
    {
      "name": "Kung Pao Chicken",
      "description": "",
      "media": "https://b.zmtcdn.com/data/dish_photos/729/679e0fc332b4c44201859f9986939729.jpeg",
      "price": 330,
      "menuName": "Non Veg Chinese Starters",
      "categoryName": "",
      "slugs": [
        "non-veg",
        "services",
        "delivery-enabled",
        "delivery-enabled",
        "non-veg",
        "services",
        "non-veg"
      ]
    },
    {
      "name": "Prawns Butter Garlic",
      "description": "",
      "media": null,
      "price": 450,
      "menuName": "Non Veg Chinese Starters",
      "categoryName": "",
      "slugs": [
        "non-veg",
        "services",
        "delivery-enabled",
        "delivery-enabled",
        "non-veg",
        "services",
        "non-veg"
      ]
    },
    {
      "name": "Prawns Chilli",
      "description": "",
      "media": null,
      "price": 450,
      "menuName": "Non Veg Chinese Starters",
      "categoryName": "",
      "slugs": [
        "non-veg",
        "services",
        "delivery-enabled",
        "delivery-enabled",
        "non-veg",
        "services",
        "non-veg"
      ]
    },
    {
      "name": "Prawns Chilli Basil",
      "description": "",
      "media": null,
      "price": 450,
      "menuName": "Non Veg Chinese Starters",
      "categoryName": "",
      "slugs": [
        "non-veg",
        "services",
        "delivery-enabled",
        "delivery-enabled",
        "non-veg",
        "services",
        "non-veg"
      ]
    },
    {
      "name": "Prawns Coriander",
      "description": "",
      "media": null,
      "price": 450,
      "menuName": "Non Veg Chinese Starters",
      "categoryName": "",
      "slugs": [
        "non-veg",
        "services",
        "delivery-enabled",
        "delivery-enabled",
        "non-veg",
        "services",
        "non-veg"
      ]
    },
    {
      "name": "Prawns Crispy",
      "description": "",
      "media": "https://b.zmtcdn.com/data/dish_photos/cbc/d9f3258c960b05efb0de70ecf0214cbc.jpeg",
      "price": 450,
      "menuName": "Non Veg Chinese Starters",
      "categoryName": "",
      "slugs": [
        "non-veg",
        "services",
        "delivery-enabled",
        "delivery-enabled",
        "non-veg",
        "services",
        "non-veg"
      ]
    },
    {
      "name": "Prawns Oyster Chilli",
      "description": "",
      "media": null,
      "price": 450,
      "menuName": "Non Veg Chinese Starters",
      "categoryName": "",
      "slugs": [
        "non-veg",
        "services",
        "delivery-enabled",
        "delivery-enabled",
        "non-veg",
        "services",
        "non-veg"
      ]
    },
    {
      "name": "Prawns Rod Phrik",
      "description": "",
      "media": null,
      "price": 450,
      "menuName": "Non Veg Chinese Starters",
      "categoryName": "",
      "slugs": [
        "non-veg",
        "services",
        "delivery-enabled",
        "delivery-enabled",
        "non-veg",
        "services",
        "non-veg"
      ]
    },
    {
      "name": "Prawns Salt & Paper",
      "description": "",
      "media": null,
      "price": 450,
      "menuName": "Non Veg Chinese Starters",
      "categoryName": "",
      "slugs": [
        "non-veg",
        "services",
        "delivery-enabled",
        "delivery-enabled",
        "non-veg",
        "services",
        "non-veg"
      ]
    },
    {
      "name": "Prawns Schezwan",
      "description": "",
      "media": null,
      "price": 450,
      "menuName": "Non Veg Chinese Starters",
      "categoryName": "",
      "slugs": [
        "non-veg",
        "services",
        "sf-spicy",
        "delivery-enabled",
        "delivery-enabled",
        "non-veg",
        "services",
        "sf-spicy",
        "non-veg"
      ]
    },
    {
      "name": "Spicy Chicken Cilantro",
      "description": "",
      "media": null,
      "price": 330,
      "menuName": "Non Veg Chinese Starters",
      "categoryName": "",
      "slugs": [
        "non-veg",
        "services",
        "sf-spicy",
        "delivery-enabled",
        "delivery-enabled",
        "non-veg",
        "services",
        "sf-spicy",
        "non-veg"
      ]
    },
    {
      "name": "Achari Paneer Tikka",
      "description": "",
      "media": null,
      "price": 290,
      "menuName": "Starters",
      "categoryName": "Veg Tandoor",
      "slugs": [
        "veg",
        "services",
        "sf-not-vegan",
        "delivery-enabled",
        "delivery-enabled",
        "veg",
        "services",
        "sf-not-vegan",
        "veg"
      ]
    },
    {
      "name": "Ajwaini Paneer Tikka",
      "description": "",
      "media": null,
      "price": 290,
      "menuName": "Starters",
      "categoryName": "Veg Tandoor",
      "slugs": [
        "veg",
        "services",
        "sf-not-vegan",
        "delivery-enabled",
        "delivery-enabled",
        "veg",
        "services",
        "sf-not-vegan",
        "veg"
      ]
    },
    {
      "name": "Angara Paneer Tikka",
      "description": "",
      "media": null,
      "price": 290,
      "menuName": "Starters",
      "categoryName": "Veg Tandoor",
      "slugs": [
        "veg",
        "services",
        "sf-not-vegan",
        "delivery-enabled",
        "delivery-enabled",
        "veg",
        "services",
        "sf-not-vegan",
        "veg"
      ]
    },
    {
      "name": "Kalimirch Paneer Tikka",
      "description": "",
      "media": null,
      "price": 290,
      "menuName": "Starters",
      "categoryName": "Veg Tandoor",
      "slugs": [
        "veg",
        "services",
        "sf-not-vegan",
        "delivery-enabled",
        "delivery-enabled",
        "veg",
        "services",
        "sf-not-vegan",
        "veg"
      ]
    },
    {
      "name": "Lasuni Paneer Tikka",
      "description": "",
      "media": null,
      "price": 290,
      "menuName": "Starters",
      "categoryName": "Veg Tandoor",
      "slugs": [
        "veg",
        "services",
        "sf-not-vegan",
        "delivery-enabled",
        "delivery-enabled",
        "veg",
        "services",
        "sf-not-vegan",
        "veg"
      ]
    },
    {
      "name": "Malai Paneer Tikka",
      "description": "",
      "media": null,
      "price": 290,
      "menuName": "Starters",
      "categoryName": "Veg Tandoor",
      "slugs": [
        "veg",
        "services",
        "sf-not-vegan",
        "delivery-enabled",
        "delivery-enabled",
        "veg",
        "services",
        "sf-not-vegan",
        "veg"
      ]
    },
    {
      "name": "Pahadi Paneer Tikka",
      "description": "",
      "media": null,
      "price": 290,
      "menuName": "Starters",
      "categoryName": "Veg Tandoor",
      "slugs": [
        "veg",
        "services",
        "sf-not-vegan",
        "delivery-enabled",
        "delivery-enabled",
        "veg",
        "services",
        "sf-not-vegan",
        "veg"
      ]
    },
    {
      "name": "Achari Chicken Tikka",
      "description": "",
      "media": null,
      "price": 0,
      "menuName": "Starters",
      "categoryName": "Non-Veg Tandoor",
      "slugs": [
        "non-veg",
        "services",
        "delivery-enabled",
        "delivery-enabled",
        "non-veg",
        "services",
        "non-veg"
      ]
    },
    {
      "name": "Afgani Tangdi",
      "description": "",
      "media": "https://b.zmtcdn.com/data/dish_photos/348/d77b3d80cbd3aeccd4544d015dabc348.jpeg",
      "price": 250,
      "menuName": "Starters",
      "categoryName": "Non-Veg Tandoor",
      "slugs": [
        "non-veg",
        "services",
        "delivery-enabled",
        "delivery-enabled",
        "non-veg",
        "services",
        "non-veg"
      ]
    },
    {
      "name": "Ajwaini Fish Tikka",
      "description": "",
      "media": null,
      "price": 410,
      "menuName": "Starters",
      "categoryName": "Non-Veg Tandoor",
      "slugs": [
        "non-veg",
        "services",
        "delivery-enabled",
        "delivery-enabled",
        "non-veg",
        "services",
        "non-veg"
      ]
    },
    {
      "name": "Angara Tikka",
      "description": "",
      "media": null,
      "price": 0,
      "menuName": "Starters",
      "categoryName": "Non-Veg Tandoor",
      "slugs": [
        "non-veg",
        "services",
        "delivery-enabled",
        "delivery-enabled",
        "non-veg",
        "services",
        "non-veg"
      ]
    },
    {
      "name": "Banjara Tikka",
      "description": "",
      "media": null,
      "price": 0,
      "menuName": "Starters",
      "categoryName": "Non-Veg Tandoor",
      "slugs": [
        "non-veg",
        "services",
        "delivery-enabled",
        "delivery-enabled",
        "non-veg",
        "services",
        "non-veg"
      ]
    },
    {
      "name": "Cheese Malai Tikka",
      "description": "",
      "media": null,
      "price": 0,
      "menuName": "Starters",
      "categoryName": "Non-Veg Tandoor",
      "slugs": [
        "non-veg",
        "services",
        "delivery-enabled",
        "delivery-enabled",
        "non-veg",
        "services",
        "non-veg"
      ]
    },
    {
      "name": "Chic Seekh Kebab",
      "description": "",
      "media": "https://b.zmtcdn.com/data/dish_photos/610/049b32eb14b4b93a25ae1c4787a8b610.jpeg",
      "price": 0,
      "menuName": "Starters",
      "categoryName": "Non-Veg Tandoor",
      "slugs": [
        "non-veg",
        "services",
        "delivery-enabled",
        "delivery-enabled",
        "non-veg",
        "services",
        "non-veg"
      ]
    },
    {
      "name": "Chicken Tikka",
      "description": "",
      "media": "https://b.zmtcdn.com/data/dish_photos/9dd/6e64ba99d928d3f63219ad26a9c409dd.jpeg",
      "price": 0,
      "menuName": "Starters",
      "categoryName": "Non-Veg Tandoor",
      "slugs": [
        "non-veg",
        "services",
        "delivery-enabled",
        "delivery-enabled",
        "non-veg",
        "services",
        "non-veg"
      ]
    },
    {
      "name": "Dil Khus Kebab",
      "description": "",
      "media": null,
      "price": 0,
      "menuName": "Starters",
      "categoryName": "Non-Veg Tandoor",
      "slugs": [
        "non-veg",
        "services",
        "delivery-enabled",
        "delivery-enabled",
        "non-veg",
        "services",
        "non-veg"
      ]
    },
    {
      "name": "Kalimirch Tikka",
      "description": "",
      "media": null,
      "price": 0,
      "menuName": "Starters",
      "categoryName": "Non-Veg Tandoor",
      "slugs": [
        "non-veg",
        "services",
        "delivery-enabled",
        "delivery-enabled",
        "non-veg",
        "services",
        "non-veg"
      ]
    },
    {
      "name": "Kasturi Tikka",
      "description": "",
      "media": null,
      "price": 0,
      "menuName": "Starters",
      "categoryName": "Non-Veg Tandoor",
      "slugs": [
        "non-veg",
        "services",
        "delivery-enabled",
        "delivery-enabled",
        "non-veg",
        "services",
        "non-veg"
      ]
    },
    {
      "name": "Lasuni Fish Tikka",
      "description": "",
      "media": null,
      "price": 410,
      "menuName": "Starters",
      "categoryName": "Non-Veg Tandoor",
      "slugs": [
        "non-veg",
        "services",
        "delivery-enabled",
        "delivery-enabled",
        "non-veg",
        "services",
        "non-veg"
      ]
    },
    {
      "name": "Lasuni Tikka",
      "description": "",
      "media": null,
      "price": 0,
      "menuName": "Starters",
      "categoryName": "Non-Veg Tandoor",
      "slugs": [
        "non-veg",
        "services",
        "delivery-enabled",
        "delivery-enabled",
        "non-veg",
        "services",
        "non-veg"
      ]
    },
    {
      "name": "Malai Tikka",
      "description": "",
      "media": null,
      "price": 0,
      "menuName": "Starters",
      "categoryName": "Non-Veg Tandoor",
      "slugs": [
        "non-veg",
        "services",
        "delivery-enabled",
        "delivery-enabled",
        "non-veg",
        "services",
        "non-veg"
      ]
    },
    {
      "name": "Mutton Seekh",
      "description": "",
      "media": null,
      "price": 390,
      "menuName": "Starters",
      "categoryName": "Non-Veg Tandoor",
      "slugs": [
        "non-veg",
        "services",
        "delivery-enabled",
        "delivery-enabled",
        "non-veg",
        "services",
        "non-veg"
      ]
    },
    {
      "name": "Pahadi Tikka",
      "description": "",
      "media": "https://b.zmtcdn.com/data/dish_photos/3df/a3554025ea0d103b6610c1491cc6a3df.jpeg",
      "price": 0,
      "menuName": "Starters",
      "categoryName": "Non-Veg Tandoor",
      "slugs": [
        "non-veg",
        "services",
        "delivery-enabled",
        "delivery-enabled",
        "non-veg",
        "services",
        "non-veg"
      ]
    },
    {
      "name": "Pudina Fish Tikka",
      "description": "",
      "media": null,
      "price": 410,
      "menuName": "Starters",
      "categoryName": "Non-Veg Tandoor",
      "slugs": [
        "non-veg",
        "services",
        "delivery-enabled",
        "delivery-enabled",
        "non-veg",
        "services",
        "non-veg"
      ]
    },
    {
      "name": "Tandoori Chest",
      "description": "",
      "media": "https://b.zmtcdn.com/data/dish_photos/769/99cebdf98388a9f815c9dc54e4384769.jpeg",
      "price": 180,
      "menuName": "Starters",
      "categoryName": "Non-Veg Tandoor",
      "slugs": [
        "non-veg",
        "services",
        "delivery-enabled",
        "delivery-enabled",
        "non-veg",
        "services",
        "non-veg"
      ]
    },
    {
      "name": "Tandoori Chicken",
      "description": "",
      "media": "https://b.zmtcdn.com/data/dish_photos/a0a/f5b44f74b369589a3053d378410ffa0a.jpeg",
      "price": 0,
      "menuName": "Starters",
      "categoryName": "Non-Veg Tandoor",
      "slugs": [
        "non-veg",
        "services",
        "delivery-enabled",
        "delivery-enabled",
        "non-veg",
        "services",
        "non-veg"
      ]
    },
    {
      "name": "Tandoori Leg",
      "description": "",
      "media": "https://b.zmtcdn.com/data/dish_photos/ece/4f51b749cdd0c7773ceaab521c584ece.png",
      "price": 180,
      "menuName": "Starters",
      "categoryName": "Non-Veg Tandoor",
      "slugs": [
        "non-veg",
        "services",
        "delivery-enabled",
        "delivery-enabled",
        "non-veg",
        "services",
        "non-veg"
      ]
    },
    {
      "name": "Tandoori Lollypop",
      "description": "",
      "media": "https://b.zmtcdn.com/data/dish_photos/ebf/31766b56e121fa32d7686734ecdd0ebf.jpeg",
      "price": 260,
      "menuName": "Starters",
      "categoryName": "Non-Veg Tandoor",
      "slugs": [
        "non-veg",
        "services",
        "delivery-enabled",
        "delivery-enabled",
        "non-veg",
        "services",
        "non-veg"
      ]
    },
    {
      "name": "Tangdi Kebab",
      "description": "",
      "media": null,
      "price": 250,
      "menuName": "Starters",
      "categoryName": "Non-Veg Tandoor",
      "slugs": [
        "non-veg",
        "services",
        "delivery-enabled",
        "delivery-enabled",
        "non-veg",
        "services",
        "non-veg"
      ]
    },
    {
      "name": "Mushroom Soya Chilli( Gravy)",
      "description": "",
      "media": null,
      "price": 300,
      "menuName": "Veg Chinese Main Course",
      "categoryName": "",
      "slugs": [
        "veg",
        "services",
        "delivery-enabled",
        "delivery-enabled",
        "veg",
        "services",
        "veg"
      ]
    },
    {
      "name": "Paneer Butter Lemon Chilli",
      "description": "",
      "media": null,
      "price": 310,
      "menuName": "Veg Chinese Main Course",
      "categoryName": "",
      "slugs": [
        "veg",
        "services",
        "sf-not-vegan",
        "delivery-enabled",
        "delivery-enabled",
        "veg",
        "services",
        "sf-not-vegan",
        "veg"
      ]
    },
    {
      "name": "Paneer Chilli Gravy",
      "description": "",
      "media": null,
      "price": 310,
      "menuName": "Veg Chinese Main Course",
      "categoryName": "",
      "slugs": [
        "veg",
        "services",
        "sf-not-vegan",
        "delivery-enabled",
        "delivery-enabled",
        "veg",
        "services",
        "sf-not-vegan",
        "veg"
      ]
    },
    {
      "name": "Paneer In Butter Garlic Sauce",
      "description": "",
      "media": null,
      "price": 310,
      "menuName": "Veg Chinese Main Course",
      "categoryName": "",
      "slugs": [
        "veg",
        "services",
        "sf-not-vegan",
        "delivery-enabled",
        "delivery-enabled",
        "veg",
        "services",
        "sf-not-vegan",
        "veg"
      ]
    },
    {
      "name": "Veg Manchurian Gravy",
      "description": "",
      "media": null,
      "price": 230,
      "menuName": "Veg Chinese Main Course",
      "categoryName": "",
      "slugs": [
        "veg",
        "services",
        "delivery-enabled",
        "delivery-enabled",
        "veg",
        "services",
        "veg"
      ]
    },
    {
      "name": "Chicken Butter Lemon Chilli",
      "description": "",
      "media": null,
      "price": 360,
      "menuName": "Non -Veg Chinese Main Course",
      "categoryName": "",
      "slugs": [
        "non-veg",
        "services",
        "delivery-enabled",
        "delivery-enabled",
        "non-veg",
        "services",
        "non-veg"
      ]
    },
    {
      "name": "Chicken Chilli Gravy",
      "description": "",
      "media": null,
      "price": 350,
      "menuName": "Non -Veg Chinese Main Course",
      "categoryName": "",
      "slugs": [
        "non-veg",
        "services",
        "delivery-enabled",
        "delivery-enabled",
        "non-veg",
        "services",
        "non-veg"
      ]
    },
    {
      "name": "Chicken In Oyster Sauce",
      "description": "",
      "media": null,
      "price": 360,
      "menuName": "Non -Veg Chinese Main Course",
      "categoryName": "",
      "slugs": [
        "non-veg",
        "services",
        "delivery-enabled",
        "delivery-enabled",
        "non-veg",
        "services",
        "non-veg"
      ]
    },
    {
      "name": "Chicken In Schwan Sauce",
      "description": "",
      "media": null,
      "price": 360,
      "menuName": "Non -Veg Chinese Main Course",
      "categoryName": "",
      "slugs": [
        "non-veg",
        "services",
        "sf-spicy",
        "delivery-enabled",
        "delivery-enabled",
        "non-veg",
        "services",
        "sf-spicy",
        "non-veg"
      ]
    },
    {
      "name": "Chicken Manchurian Gravy",
      "description": "",
      "media": null,
      "price": 350,
      "menuName": "Non -Veg Chinese Main Course",
      "categoryName": "",
      "slugs": [
        "non-veg",
        "services",
        "delivery-enabled",
        "delivery-enabled",
        "non-veg",
        "services",
        "non-veg"
      ]
    },
    {
      "name": "Amritsari Kheema Masala",
      "description": "",
      "media": null,
      "price": 300,
      "menuName": "Main Course",
      "categoryName": "Indian Veg",
      "slugs": [
        "veg",
        "services",
        "delivery-enabled",
        "delivery-enabled",
        "veg",
        "services",
        "veg"
      ]
    },
    {
      "name": "Babycorn Mushroom Masala",
      "description": "",
      "media": null,
      "price": 290,
      "menuName": "Main Course",
      "categoryName": "Indian Veg",
      "slugs": [
        "veg",
        "services",
        "delivery-enabled",
        "delivery-enabled",
        "veg",
        "services",
        "veg"
      ]
    },
    {
      "name": "Dal Fry",
      "description": "",
      "media": null,
      "price": 230,
      "menuName": "Main Course",
      "categoryName": "Indian Veg",
      "slugs": [
        "veg",
        "services",
        "delivery-enabled",
        "delivery-enabled",
        "veg",
        "services",
        "veg"
      ]
    },
    {
      "name": "Dal Makhni",
      "description": "",
      "media": null,
      "price": 310,
      "menuName": "Main Course",
      "categoryName": "Indian Veg",
      "slugs": [
        "veg",
        "services",
        "delivery-enabled",
        "delivery-enabled",
        "veg",
        "services",
        "veg"
      ]
    },
    {
      "name": "Dal Tadka",
      "description": "",
      "media": null,
      "price": 270,
      "menuName": "Main Course",
      "categoryName": "Indian Veg",
      "slugs": [
        "veg",
        "services",
        "delivery-enabled",
        "delivery-enabled",
        "veg",
        "services",
        "veg"
      ]
    },
    {
      "name": "Knc Spl Paneer Masala",
      "description": "",
      "media": null,
      "price": 330,
      "menuName": "Main Course",
      "categoryName": "Indian Veg",
      "slugs": [
        "veg",
        "services",
        "sf-not-vegan",
        "delivery-enabled",
        "delivery-enabled",
        "veg",
        "services",
        "sf-not-vegan",
        "veg"
      ]
    },
    {
      "name": "Palak Lasuni",
      "description": "",
      "media": null,
      "price": 300,
      "menuName": "Main Course",
      "categoryName": "Indian Veg",
      "slugs": [
        "veg",
        "services",
        "delivery-enabled",
        "delivery-enabled",
        "veg",
        "services",
        "veg"
      ]
    },
    {
      "name": "Palak Paneer",
      "description": "",
      "media": null,
      "price": 300,
      "menuName": "Main Course",
      "categoryName": "Indian Veg",
      "slugs": [
        "veg",
        "services",
        "sf-not-vegan",
        "delivery-enabled",
        "delivery-enabled",
        "veg",
        "services",
        "sf-not-vegan",
        "veg"
      ]
    },
    {
      "name": "Paneer Butter Masala",
      "description": "",
      "media": null,
      "price": 310,
      "menuName": "Main Course",
      "categoryName": "Indian Veg",
      "slugs": [
        "veg",
        "services",
        "sf-not-vegan",
        "delivery-enabled",
        "delivery-enabled",
        "veg",
        "services",
        "sf-not-vegan",
        "veg"
      ]
    },
    {
      "name": "Paneer Chatpata",
      "description": "",
      "media": null,
      "price": 320,
      "menuName": "Main Course",
      "categoryName": "Indian Veg",
      "slugs": [
        "veg",
        "services",
        "sf-not-vegan",
        "delivery-enabled",
        "delivery-enabled",
        "veg",
        "services",
        "sf-not-vegan",
        "veg"
      ]
    },
    {
      "name": "Paneer Kadhai",
      "description": "",
      "media": null,
      "price": 300,
      "menuName": "Main Course",
      "categoryName": "Indian Veg",
      "slugs": [
        "veg",
        "services",
        "sf-not-vegan",
        "delivery-enabled",
        "delivery-enabled",
        "veg",
        "services",
        "sf-not-vegan",
        "veg"
      ]
    },
    {
      "name": "Paneer Lazeez",
      "description": "",
      "media": null,
      "price": 320,
      "menuName": "Main Course",
      "categoryName": "Indian Veg",
      "slugs": [
        "veg",
        "services",
        "sf-not-vegan",
        "delivery-enabled",
        "delivery-enabled",
        "veg",
        "services",
        "sf-not-vegan",
        "veg"
      ]
    },
    {
      "name": "Paneer Tikka Masala",
      "description": "",
      "media": null,
      "price": 310,
      "menuName": "Main Course",
      "categoryName": "Indian Veg",
      "slugs": [
        "veg",
        "services",
        "sf-not-vegan",
        "delivery-enabled",
        "delivery-enabled",
        "veg",
        "services",
        "sf-not-vegan",
        "veg"
      ]
    },
    {
      "name": "Veg. Banjara",
      "description": "",
      "media": null,
      "price": 300,
      "menuName": "Main Course",
      "categoryName": "Indian Veg",
      "slugs": [
        "veg",
        "services",
        "delivery-enabled",
        "delivery-enabled",
        "veg",
        "services",
        "veg"
      ]
    },
    {
      "name": "Veg Chatpata",
      "description": "",
      "media": null,
      "price": 290,
      "menuName": "Main Course",
      "categoryName": "Indian Veg",
      "slugs": [
        "veg",
        "services",
        "delivery-enabled",
        "delivery-enabled",
        "veg",
        "services",
        "veg"
      ]
    },
    {
      "name": "Veg Kadhai",
      "description": "",
      "media": null,
      "price": 290,
      "menuName": "Main Course",
      "categoryName": "Indian Veg",
      "slugs": [
        "veg",
        "services",
        "delivery-enabled",
        "delivery-enabled",
        "veg",
        "services",
        "veg"
      ]
    },
    {
      "name": "Butter Chicken Bone",
      "description": "",
      "media": null,
      "price": 0,
      "menuName": "Main Course",
      "categoryName": "Indian Non-Veg",
      "slugs": [
        "non-veg",
        "services",
        "delivery-enabled",
        "delivery-enabled",
        "non-veg",
        "services",
        "non-veg"
      ]
    },
    {
      "name": "Butter Chicken Boneless",
      "description": "",
      "media": null,
      "price": 0,
      "menuName": "Main Course",
      "categoryName": "Indian Non-Veg",
      "slugs": [
        "non-veg",
        "services",
        "delivery-enabled",
        "delivery-enabled",
        "non-veg",
        "services",
        "non-veg"
      ]
    },
    {
      "name": "Chicken Bhuna Bone",
      "description": "",
      "media": null,
      "price": 0,
      "menuName": "Main Course",
      "categoryName": "Indian Non-Veg",
      "slugs": [
        "non-veg",
        "services",
        "delivery-enabled",
        "delivery-enabled",
        "non-veg",
        "services",
        "non-veg"
      ]
    },
    {
      "name": "Chicken Bhuna Boneless",
      "description": "",
      "media": null,
      "price": 0,
      "menuName": "Main Course",
      "categoryName": "Indian Non-Veg",
      "slugs": [
        "non-veg",
        "services",
        "delivery-enabled",
        "delivery-enabled",
        "non-veg",
        "services",
        "non-veg"
      ]
    },
    {
      "name": "Chicken Gounty Style",
      "description": "",
      "media": "https://b.zmtcdn.com/data/dish_photos/5ff/1d4f4bf00b9445ce0914b6cd660885ff.jpeg",
      "price": 0,
      "menuName": "Main Course",
      "categoryName": "Indian Non-Veg",
      "slugs": [
        "non-veg",
        "services",
        "delivery-enabled",
        "delivery-enabled",
        "non-veg",
        "services",
        "non-veg"
      ]
    },
    {
      "name": "Chicken Handi Bone",
      "description": "",
      "media": null,
      "price": 0,
      "menuName": "Main Course",
      "categoryName": "Indian Non-Veg",
      "slugs": [
        "non-veg",
        "services",
        "delivery-enabled",
        "delivery-enabled",
        "non-veg",
        "services",
        "non-veg"
      ]
    },
    {
      "name": "Chicken Handi Boneless",
      "description": "",
      "media": null,
      "price": 0,
      "menuName": "Main Course",
      "categoryName": "Indian Non-Veg",
      "slugs": [
        "non-veg",
        "services",
        "delivery-enabled",
        "delivery-enabled",
        "non-veg",
        "services",
        "non-veg"
      ]
    },
    {
      "name": "Chicken Kadhai Bone",
      "description": "",
      "media": null,
      "price": 0,
      "menuName": "Main Course",
      "categoryName": "Indian Non-Veg",
      "slugs": [
        "non-veg",
        "services",
        "delivery-enabled",
        "delivery-enabled",
        "non-veg",
        "services",
        "non-veg"
      ]
    },
    {
      "name": "Chicken Kadhai Boneless",
      "description": "",
      "media": null,
      "price": 0,
      "menuName": "Main Course",
      "categoryName": "Indian Non-Veg",
      "slugs": [
        "non-veg",
        "services",
        "delivery-enabled",
        "delivery-enabled",
        "non-veg",
        "services",
        "non-veg"
      ]
    },
    {
      "name": "Chicken Kolhapuri Bone",
      "description": "",
      "media": null,
      "price": 0,
      "menuName": "Main Course",
      "categoryName": "Indian Non-Veg",
      "slugs": [
        "non-veg",
        "services",
        "sf-spicy",
        "delivery-enabled",
        "delivery-enabled",
        "non-veg",
        "services",
        "sf-spicy",
        "non-veg"
      ]
    },
    {
      "name": "Chicken Kolhapuri Boneless",
      "description": "",
      "media": null,
      "price": 0,
      "menuName": "Main Course",
      "categoryName": "Indian Non-Veg",
      "slugs": [
        "non-veg",
        "services",
        "sf-spicy",
        "delivery-enabled",
        "delivery-enabled",
        "non-veg",
        "services",
        "sf-spicy",
        "non-veg"
      ]
    },
    {
      "name": "Chicken Tikka Masala",
      "description": "",
      "media": null,
      "price": 0,
      "menuName": "Main Course",
      "categoryName": "Indian Non-Veg",
      "slugs": [
        "non-veg",
        "services",
        "delivery-enabled",
        "delivery-enabled",
        "non-veg",
        "services",
        "non-veg"
      ]
    },
    {
      "name": "Dhaba Chicken Boneless",
      "description": "",
      "media": null,
      "price": 0,
      "menuName": "Main Course",
      "categoryName": "Indian Non-Veg",
      "slugs": [
        "non-veg",
        "services",
        "delivery-enabled",
        "delivery-enabled",
        "non-veg",
        "services",
        "non-veg"
      ]
    },
    {
      "name": "Knc Spl Chic. Boneless",
      "description": "",
      "media": null,
      "price": 0,
      "menuName": "Main Course",
      "categoryName": "Indian Non-Veg",
      "slugs": [
        "non-veg",
        "services",
        "delivery-enabled",
        "delivery-enabled",
        "non-veg",
        "services",
        "non-veg"
      ]
    },
    {
      "name": "Punjabi Chicken Tari Bone",
      "description": "",
      "media": null,
      "price": 0,
      "menuName": "Main Course",
      "categoryName": "Indian Non-Veg",
      "slugs": [
        "non-veg",
        "services",
        "delivery-enabled",
        "delivery-enabled",
        "non-veg",
        "services",
        "non-veg"
      ]
    },
    {
      "name": "Egg Bhuna Masala",
      "description": "",
      "media": null,
      "price": 250,
      "menuName": "Main Course",
      "categoryName": "Mutton / Sea Food / Eggs",
      "slugs": [
        "egg",
        "services",
        "delivery-enabled",
        "delivery-enabled",
        "egg",
        "services",
        "egg"
      ]
    },
    {
      "name": "Egg Bhurjee",
      "description": "",
      "media": null,
      "price": 230,
      "menuName": "Main Course",
      "categoryName": "Mutton / Sea Food / Eggs",
      "slugs": [
        "egg",
        "services",
        "delivery-enabled",
        "delivery-enabled",
        "egg",
        "services",
        "egg"
      ]
    },
    {
      "name": "Egg Curry",
      "description": "",
      "media": null,
      "price": 230,
      "menuName": "Main Course",
      "categoryName": "Mutton / Sea Food / Eggs",
      "slugs": [
        "egg",
        "services",
        "delivery-enabled",
        "delivery-enabled",
        "egg",
        "services",
        "egg"
      ]
    },
    {
      "name": "Egg Kheema",
      "description": "",
      "media": null,
      "price": 230,
      "menuName": "Main Course",
      "categoryName": "Mutton / Sea Food / Eggs",
      "slugs": [
        "egg",
        "services",
        "delivery-enabled",
        "delivery-enabled",
        "egg",
        "services",
        "egg"
      ]
    },
    {
      "name": "Fish Masala Majedar",
      "description": "",
      "media": null,
      "price": 390,
      "menuName": "Main Course",
      "categoryName": "Mutton / Sea Food / Eggs",
      "slugs": [
        "non-veg",
        "services",
        "delivery-enabled",
        "delivery-enabled",
        "non-veg",
        "services",
        "non-veg"
      ]
    },
    {
      "name": "Fish Tawa Masala",
      "description": "",
      "media": null,
      "price": 390,
      "menuName": "Main Course",
      "categoryName": "Mutton / Sea Food / Eggs",
      "slugs": [
        "non-veg",
        "services",
        "delivery-enabled",
        "delivery-enabled",
        "non-veg",
        "services",
        "non-veg"
      ]
    },
    {
      "name": "Mutton Bhuna",
      "description": "",
      "media": null,
      "price": 430,
      "menuName": "Main Course",
      "categoryName": "Mutton / Sea Food / Eggs",
      "slugs": [
        "non-veg",
        "services",
        "delivery-enabled",
        "delivery-enabled",
        "non-veg",
        "services",
        "non-veg"
      ]
    },
    {
      "name": "Mutton Kadhai",
      "description": "",
      "media": null,
      "price": 430,
      "menuName": "Main Course",
      "categoryName": "Mutton / Sea Food / Eggs",
      "slugs": [
        "non-veg",
        "services",
        "delivery-enabled",
        "delivery-enabled",
        "non-veg",
        "services",
        "non-veg"
      ]
    },
    {
      "name": "Mutton Rogan Josh",
      "description": "",
      "media": null,
      "price": 430,
      "menuName": "Main Course",
      "categoryName": "Mutton / Sea Food / Eggs",
      "slugs": [
        "non-veg",
        "services",
        "delivery-enabled",
        "delivery-enabled",
        "non-veg",
        "services",
        "non-veg"
      ]
    },
    {
      "name": "Prawns Masala Majedar",
      "description": "",
      "media": null,
      "price": 450,
      "menuName": "Main Course",
      "categoryName": "Mutton / Sea Food / Eggs",
      "slugs": [
        "non-veg",
        "services",
        "delivery-enabled",
        "delivery-enabled",
        "non-veg",
        "services",
        "non-veg"
      ]
    },
    {
      "name": "Prawns Tawa Masala",
      "description": "",
      "media": null,
      "price": 450,
      "menuName": "Main Course",
      "categoryName": "Mutton / Sea Food / Eggs",
      "slugs": [
        "non-veg",
        "services",
        "delivery-enabled",
        "delivery-enabled",
        "non-veg",
        "services",
        "non-veg"
      ]
    },
    {
      "name": "Punjabi Mutton Tari",
      "description": "",
      "media": null,
      "price": 450,
      "menuName": "Main Course",
      "categoryName": "Mutton / Sea Food / Eggs",
      "slugs": [
        "non-veg",
        "services",
        "delivery-enabled",
        "delivery-enabled",
        "non-veg",
        "services",
        "non-veg"
      ]
    },
    {
      "name": "Cheese Garlic Naan Butter",
      "description": "",
      "media": null,
      "price": 120,
      "menuName": "Breads",
      "categoryName": "",
      "slugs": [
        "veg",
        "services",
        "sf-not-vegan",
        "delivery-enabled",
        "delivery-enabled",
        "veg",
        "services",
        "sf-not-vegan",
        "veg"
      ]
    },
    {
      "name": "Cheese Garlic Naan Plain",
      "description": "",
      "media": null,
      "price": 110,
      "menuName": "Breads",
      "categoryName": "",
      "slugs": [
        "veg",
        "services",
        "sf-not-vegan",
        "delivery-enabled",
        "delivery-enabled",
        "veg",
        "services",
        "sf-not-vegan",
        "veg"
      ]
    },
    {
      "name": "Cheese Naan Butter",
      "description": "",
      "media": null,
      "price": 110,
      "menuName": "Breads",
      "categoryName": "",
      "slugs": [
        "veg",
        "services",
        "sf-not-vegan",
        "delivery-enabled",
        "delivery-enabled",
        "veg",
        "services",
        "sf-not-vegan",
        "veg"
      ]
    },
    {
      "name": "Cheese Naan Plain",
      "description": "",
      "media": null,
      "price": 90,
      "menuName": "Breads",
      "categoryName": "",
      "slugs": [
        "veg",
        "services",
        "sf-not-vegan",
        "delivery-enabled",
        "delivery-enabled",
        "veg",
        "services",
        "sf-not-vegan",
        "veg"
      ]
    },
    {
      "name": "Garlic Naan Butter",
      "description": "",
      "media": null,
      "price": 90,
      "menuName": "Breads",
      "categoryName": "",
      "slugs": [
        "veg",
        "services",
        "sf-not-vegan",
        "delivery-enabled",
        "delivery-enabled",
        "veg",
        "services",
        "sf-not-vegan",
        "veg"
      ]
    },
    {
      "name": "Garlic Naan Plain",
      "description": "",
      "media": null,
      "price": 80,
      "menuName": "Breads",
      "categoryName": "",
      "slugs": [
        "veg",
        "services",
        "delivery-enabled",
        "delivery-enabled",
        "veg",
        "services",
        "veg"
      ]
    },
    {
      "name": "Garlic Roti Butter",
      "description": "",
      "media": null,
      "price": 70,
      "menuName": "Breads",
      "categoryName": "",
      "slugs": [
        "veg",
        "services",
        "sf-not-vegan",
        "delivery-enabled",
        "delivery-enabled",
        "veg",
        "services",
        "sf-not-vegan",
        "veg"
      ]
    },
    {
      "name": "Garlic Roti Plain",
      "description": "",
      "media": null,
      "price": 60,
      "menuName": "Breads",
      "categoryName": "",
      "slugs": [
        "veg",
        "services",
        "delivery-enabled",
        "delivery-enabled",
        "veg",
        "services",
        "veg"
      ]
    },
    {
      "name": "Kulcha Butter",
      "description": "",
      "media": null,
      "price": 80,
      "menuName": "Breads",
      "categoryName": "",
      "slugs": [
        "veg",
        "services",
        "sf-not-vegan",
        "delivery-enabled",
        "delivery-enabled",
        "veg",
        "services",
        "sf-not-vegan",
        "veg"
      ]
    },
    {
      "name": "Kulcha Plain",
      "description": "",
      "media": null,
      "price": 70,
      "menuName": "Breads",
      "categoryName": "",
      "slugs": [
        "veg",
        "services",
        "delivery-enabled",
        "delivery-enabled",
        "veg",
        "services",
        "veg"
      ]
    },
    {
      "name": "Lachha Paratha Butter",
      "description": "",
      "media": null,
      "price": 80,
      "menuName": "Breads",
      "categoryName": "",
      "slugs": [
        "veg",
        "services",
        "sf-not-vegan",
        "delivery-enabled",
        "delivery-enabled",
        "veg",
        "services",
        "sf-not-vegan",
        "veg"
      ]
    },
    {
      "name": "Lachha Paratha Plain",
      "description": "",
      "media": null,
      "price": 70,
      "menuName": "Breads",
      "categoryName": "",
      "slugs": [
        "veg",
        "services",
        "delivery-enabled",
        "delivery-enabled",
        "veg",
        "services",
        "veg"
      ]
    },
    {
      "name": "Naan Butter",
      "description": "",
      "media": null,
      "price": 80,
      "menuName": "Breads",
      "categoryName": "",
      "slugs": [
        "veg",
        "services",
        "sf-not-vegan",
        "delivery-enabled",
        "delivery-enabled",
        "veg",
        "services",
        "sf-not-vegan",
        "veg"
      ]
    },
    {
      "name": "Naan Plain",
      "description": "",
      "media": null,
      "price": 70,
      "menuName": "Breads",
      "categoryName": "",
      "slugs": [
        "veg",
        "services",
        "delivery-enabled",
        "delivery-enabled",
        "veg",
        "services",
        "veg"
      ]
    },
    {
      "name": "Tandoori Roti Butter",
      "description": "",
      "media": null,
      "price": 40,
      "menuName": "Breads",
      "categoryName": "",
      "slugs": [
        "veg",
        "services",
        "sf-not-vegan",
        "delivery-enabled",
        "delivery-enabled",
        "veg",
        "services",
        "sf-not-vegan",
        "veg"
      ]
    },
    {
      "name": "Tandoori Roti Plain",
      "description": "",
      "media": null,
      "price": 30,
      "menuName": "Breads",
      "categoryName": "",
      "slugs": [
        "veg",
        "services",
        "delivery-enabled",
        "delivery-enabled",
        "veg",
        "services",
        "veg"
      ]
    },
    {
      "name": "Chicken Dum Biryani",
      "description": "",
      "media": null,
      "price": 310,
      "menuName": "Rice / Biryani",
      "categoryName": "",
      "slugs": [
        "non-veg",
        "services",
        "delivery-enabled",
        "delivery-enabled",
        "non-veg",
        "services",
        "non-veg"
      ]
    },
    {
      "name": "Chicken Dum Biryani Bl",
      "description": "",
      "media": null,
      "price": 320,
      "menuName": "Rice / Biryani",
      "categoryName": "",
      "slugs": [
        "non-veg",
        "services",
        "delivery-enabled",
        "delivery-enabled",
        "non-veg",
        "services",
        "non-veg"
      ]
    },
    {
      "name": "Egg Dum Biryani",
      "description": "",
      "media": null,
      "price": 270,
      "menuName": "Rice / Biryani",
      "categoryName": "",
      "slugs": [
        "egg",
        "services",
        "delivery-enabled",
        "delivery-enabled",
        "egg",
        "services",
        "egg"
      ]
    },
    {
      "name": "Jeera Rice",
      "description": "",
      "media": null,
      "price": 0,
      "menuName": "Rice / Biryani",
      "categoryName": "",
      "slugs": [
        "veg",
        "services",
        "delivery-enabled",
        "delivery-enabled",
        "veg",
        "services",
        "veg"
      ]
    },
    {
      "name": "Mutton Dum Biryani",
      "description": "",
      "media": null,
      "price": 420,
      "menuName": "Rice / Biryani",
      "categoryName": "",
      "slugs": [
        "non-veg",
        "services",
        "delivery-enabled",
        "delivery-enabled",
        "non-veg",
        "services",
        "non-veg"
      ]
    },
    {
      "name": "Steamed Rice",
      "description": "",
      "media": null,
      "price": 0,
      "menuName": "Rice / Biryani",
      "categoryName": "",
      "slugs": [
        "veg",
        "services",
        "delivery-enabled",
        "delivery-enabled",
        "veg",
        "services",
        "veg"
      ]
    },
    {
      "name": "Veg Dum Biryani",
      "description": "",
      "media": null,
      "price": 270,
      "menuName": "Rice / Biryani",
      "categoryName": "",
      "slugs": [
        "veg",
        "services",
        "delivery-enabled",
        "delivery-enabled",
        "veg",
        "services",
        "veg"
      ]
    },
    {
      "name": "Veg Burnt Garlic Noodles",
      "description": "",
      "media": null,
      "price": 300,
      "menuName": "Veg Rice / Noodles",
      "categoryName": "",
      "slugs": [
        "veg",
        "services",
        "delivery-enabled",
        "delivery-enabled",
        "veg",
        "services",
        "veg"
      ]
    },
    {
      "name": "Veg Burnt Garlic Rice",
      "description": "",
      "media": null,
      "price": 300,
      "menuName": "Veg Rice / Noodles",
      "categoryName": "",
      "slugs": [
        "veg",
        "services",
        "delivery-enabled",
        "delivery-enabled",
        "veg",
        "services",
        "veg"
      ]
    },
    {
      "name": "Veg Chilli Garlic Noodles",
      "description": "",
      "media": null,
      "price": 290,
      "menuName": "Veg Rice / Noodles",
      "categoryName": "",
      "slugs": [
        "veg",
        "services",
        "delivery-enabled",
        "delivery-enabled",
        "veg",
        "services",
        "veg"
      ]
    },
    {
      "name": "Veg Chilli Garlic Rice",
      "description": "",
      "media": null,
      "price": 290,
      "menuName": "Veg Rice / Noodles",
      "categoryName": "",
      "slugs": [
        "veg",
        "services",
        "delivery-enabled",
        "delivery-enabled",
        "veg",
        "services",
        "veg"
      ]
    },
    {
      "name": "Veg Fried Rice",
      "description": "",
      "media": "https://b.zmtcdn.com/data/dish_photos/94b/572e93330f8cc438324e61bbff23894b.jpeg",
      "price": 250,
      "menuName": "Veg Rice / Noodles",
      "categoryName": "",
      "slugs": [
        "veg",
        "services",
        "delivery-enabled",
        "delivery-enabled",
        "veg",
        "services",
        "veg"
      ]
    },
    {
      "name": "Veg Hakka Noodles",
      "description": "",
      "media": "https://b.zmtcdn.com/data/dish_photos/b51/bec0eb53315babd33576a7bf5f311b51.jpeg",
      "price": 250,
      "menuName": "Veg Rice / Noodles",
      "categoryName": "",
      "slugs": [
        "veg",
        "services",
        "delivery-enabled",
        "delivery-enabled",
        "veg",
        "services",
        "veg"
      ]
    },
    {
      "name": "Veg Hot Basil Noodles",
      "description": "",
      "media": null,
      "price": 300,
      "menuName": "Veg Rice / Noodles",
      "categoryName": "",
      "slugs": [
        "veg",
        "services",
        "delivery-enabled",
        "delivery-enabled",
        "veg",
        "services",
        "veg"
      ]
    },
    {
      "name": "Veg Hot Basil Rice",
      "description": "",
      "media": null,
      "price": 300,
      "menuName": "Veg Rice / Noodles",
      "categoryName": "",
      "slugs": [
        "veg",
        "services",
        "delivery-enabled",
        "delivery-enabled",
        "veg",
        "services",
        "veg"
      ]
    },
    {
      "name": "Veg Korean Rice",
      "description": "",
      "media": null,
      "price": 390,
      "menuName": "Veg Rice / Noodles",
      "categoryName": "",
      "slugs": [
        "veg",
        "services",
        "delivery-enabled",
        "delivery-enabled",
        "veg",
        "services",
        "veg"
      ]
    },
    {
      "name": "Veg Schezwan Noodles",
      "description": "",
      "media": null,
      "price": 290,
      "menuName": "Veg Rice / Noodles",
      "categoryName": "",
      "slugs": [
        "veg",
        "services",
        "sf-spicy",
        "delivery-enabled",
        "delivery-enabled",
        "veg",
        "services",
        "sf-spicy",
        "veg"
      ]
    },
    {
      "name": "Veg Schezwan Rice",
      "description": "",
      "media": null,
      "price": 290,
      "menuName": "Veg Rice / Noodles",
      "categoryName": "",
      "slugs": [
        "veg",
        "services",
        "sf-spicy",
        "delivery-enabled",
        "delivery-enabled",
        "veg",
        "services",
        "sf-spicy",
        "veg"
      ]
    },
    {
      "name": "Chic Burnt Garlic Noodles",
      "description": "",
      "media": null,
      "price": 310,
      "menuName": "Non-Veg Rice / Noodles",
      "categoryName": "",
      "slugs": [
        "non-veg",
        "services",
        "delivery-enabled",
        "delivery-enabled",
        "non-veg",
        "services",
        "non-veg"
      ]
    },
    {
      "name": "Chic Burnt Garlic Rice",
      "description": "",
      "media": null,
      "price": 310,
      "menuName": "Non-Veg Rice / Noodles",
      "categoryName": "",
      "slugs": [
        "non-veg",
        "services",
        "delivery-enabled",
        "delivery-enabled",
        "non-veg",
        "services",
        "non-veg"
      ]
    },
    {
      "name": "Chic Chilli Garlic Noodles",
      "description": "",
      "media": null,
      "price": 300,
      "menuName": "Non-Veg Rice / Noodles",
      "categoryName": "",
      "slugs": [
        "non-veg",
        "services",
        "delivery-enabled",
        "delivery-enabled",
        "non-veg",
        "services",
        "non-veg"
      ]
    },
    {
      "name": "Chic Chilli Garlic Rice",
      "description": "",
      "media": null,
      "price": 300,
      "menuName": "Non-Veg Rice / Noodles",
      "categoryName": "",
      "slugs": [
        "non-veg",
        "services",
        "delivery-enabled",
        "delivery-enabled",
        "non-veg",
        "services",
        "non-veg"
      ]
    },
    {
      "name": "Chic Hakka Noodles",
      "description": "",
      "media": null,
      "price": 260,
      "menuName": "Non-Veg Rice / Noodles",
      "categoryName": "",
      "slugs": [
        "non-veg",
        "services",
        "delivery-enabled",
        "delivery-enabled",
        "non-veg",
        "services",
        "non-veg"
      ]
    },
    {
      "name": "Chic Hot Basil Noodles",
      "description": "",
      "media": "https://b.zmtcdn.com/data/dish_photos/4ea/4ae782e03e11cb9c4f4ce29a832934ea.jpeg",
      "price": 310,
      "menuName": "Non-Veg Rice / Noodles",
      "categoryName": "",
      "slugs": [
        "non-veg",
        "services",
        "delivery-enabled",
        "delivery-enabled",
        "non-veg",
        "services",
        "non-veg"
      ]
    },
    {
      "name": "Chic Hot Basil Rice",
      "description": "",
      "media": null,
      "price": 310,
      "menuName": "Non-Veg Rice / Noodles",
      "categoryName": "",
      "slugs": [
        "non-veg",
        "services",
        "delivery-enabled",
        "delivery-enabled",
        "non-veg",
        "services",
        "non-veg"
      ]
    },
    {
      "name": "Chic Korean Rice",
      "description": "",
      "media": null,
      "price": 390,
      "menuName": "Non-Veg Rice / Noodles",
      "categoryName": "",
      "slugs": [
        "non-veg",
        "services",
        "delivery-enabled",
        "delivery-enabled",
        "non-veg",
        "services",
        "non-veg"
      ]
    },
    {
      "name": "Chic Schezwan Noodles",
      "description": "",
      "media": null,
      "price": 300,
      "menuName": "Non-Veg Rice / Noodles",
      "categoryName": "",
      "slugs": [
        "non-veg",
        "services",
        "sf-spicy",
        "delivery-enabled",
        "delivery-enabled",
        "non-veg",
        "services",
        "sf-spicy",
        "non-veg"
      ]
    },
    {
      "name": "Chic Schezwan Rice",
      "description": "",
      "media": null,
      "price": 300,
      "menuName": "Non-Veg Rice / Noodles",
      "categoryName": "",
      "slugs": [
        "non-veg",
        "services",
        "sf-spicy",
        "delivery-enabled",
        "delivery-enabled",
        "non-veg",
        "services",
        "sf-spicy",
        "non-veg"
      ]
    },
    {
      "name": "Chicken Fried Rice",
      "description": "",
      "media": "https://b.zmtcdn.com/data/dish_photos/f95/f1525d3d8b56951ebb0ebe2dd5896f95.png",
      "price": 260,
      "menuName": "Non-Veg Rice / Noodles",
      "categoryName": "",
      "slugs": [
        "non-veg",
        "services",
        "delivery-enabled",
        "delivery-enabled",
        "non-veg",
        "services",
        "non-veg"
      ]
    },
    {
      "name": "Chicken Pot Rice In Choice Of Sauce (online)",
      "description": "",
      "media": null,
      "price": 390,
      "menuName": "Non-Veg Rice / Noodles",
      "categoryName": "",
      "slugs": [
        "non-veg",
        "services",
        "delivery-enabled",
        "delivery-enabled",
        "non-veg",
        "services",
        "non-veg"
      ]
    },
    {
      "name": "Egg Fried Rice",
      "description": "",
      "media": null,
      "price": 250,
      "menuName": "Non-Veg Rice / Noodles",
      "categoryName": "",
      "slugs": [
        "egg",
        "services",
        "delivery-enabled",
        "delivery-enabled",
        "egg",
        "services",
        "egg"
      ]
    },
    {
      "name": "Fish Pot Rice In Choice Of Sauce",
      "description": "",
      "media": null,
      "price": 450,
      "menuName": "Pot Rice / Pan Fry Noodles",
      "categoryName": "",
      "slugs": [
        "non-veg",
        "services",
        "delivery-enabled",
        "delivery-enabled",
        "non-veg",
        "services",
        "non-veg"
      ]
    },
    {
      "name": "Prawn Pot Rice In Choice Of Sauce",
      "description": "",
      "media": null,
      "price": 450,
      "menuName": "Pot Rice / Pan Fry Noodles",
      "categoryName": "",
      "slugs": [
        "non-veg",
        "services",
        "delivery-enabled",
        "delivery-enabled",
        "non-veg",
        "services",
        "non-veg"
      ]
    },
    {
      "name": "Veg Pot Rice In Choice Of Sauce",
      "description": "",
      "media": null,
      "price": 390,
      "menuName": "Pot Rice / Pan Fry Noodles",
      "categoryName": "",
      "slugs": [
        "veg",
        "services",
        "delivery-enabled",
        "delivery-enabled",
        "veg",
        "services",
        "veg"
      ]
    },
    {
      "name": "Mix Veg Raita",
      "description": "",
      "media": null,
      "price": 110,
      "menuName": "Papad And Salad",
      "categoryName": "",
      "slugs": [
        "veg",
        "services",
        "delivery-enabled",
        "delivery-enabled",
        "veg",
        "services",
        "veg"
      ]
    },
    {
      "name": "Roasted Papad",
      "description": "",
      "media": null,
      "price": 30,
      "menuName": "Papad And Salad",
      "categoryName": "",
      "slugs": [
        "veg",
        "services",
        "delivery-enabled",
        "delivery-enabled",
        "veg",
        "services",
        "veg"
      ]
    },
    {
      "name": "Chicken Roasted Salad",
      "description": "",
      "media": null,
      "price": 0,
      "menuName": "Health Food",
      "categoryName": "",
      "slugs": [
        "non-veg",
        "services",
        "delivery-enabled",
        "delivery-enabled",
        "non-veg",
        "services",
        "non-veg"
      ]
    },
    {
      "name": "Gym Fish Tikka",
      "description": "",
      "media": null,
      "price": 410,
      "menuName": "Health Food",
      "categoryName": "",
      "slugs": [
        "non-veg",
        "services",
        "delivery-enabled",
        "delivery-enabled",
        "non-veg",
        "services",
        "non-veg"
      ]
    }
  ]
}