{
  "basicInfo": {
    "name": "Laxmi Pizza & Burger",
    "cuisine_string": "Pizza, Burger, Sandwich, Fast Food",
    "canonicalUrl": "https://www.zomato.com/surat/laxmi-pizza-burger-katargam/order"
  },
  "ratings": {
    "DINING": {
      "rating_type": "DINING",
      "rating": "",
      "reviewCount": "1",
      "reviewTextSmall": "1 Reviews",
      "subtext": "Does not offer Dining",
      "color": "",
      "ratingV2": "-",
      "subtitle": "DINING",
      "sideSubTitle": "Dining Ratings",
      "bgColorV2": {
        "type": "grey",
        "tint": "500"
      },
      "newOnDining": false
    },
    "DELIVERY": {
      "rating_type": "DELIVERY",
      "rating": "3.4",
      "reviewCount": "14",
      "reviewTextSmall": "14 Reviews",
      "subtext": "14 Delivery Reviews",
      "color": "#E23744",
      "ratingV2": "3.4",
      "subtitle": "DELIVERY",
      "sideSubTitle": "Delivery Ratings",
      "bgColorV2": {
        "type": "green",
        "tint": "500"
      },
      "newOnDelivery": false
    }
  },
  "establishment": {
    "city_id": 38,
    "city_name": "Surat",
    "country_id": 1,
    "country_name": "India",
    "zipcode": "395004",
    "is_dark_kitchen": false,
    "locality_verbose": "Katargam, Surat",
    "latitude": "21.2241721593",
    "longitude": "72.8288948536",
    "static_map_url": "https://maps.zomato.com/php/staticmap?center=21.2241721593,72.8288948536&maptype=zomato&markers=21.2241721593,72.8288948536,pin_res32&sensor=false&scale=2&zoom=16&language=en&size=240x150&size=400x240",
    "address": "Shop-2, Survey-10/2, Plot-1, Khodiyar Nagar Society, Singanpore Road, Katargam, Surat",
    "is_phone_available": 1,
    "phoneDetails": {
      "title": "Phone Numbers",
      "phoneStr": "+916354769070"
    },
    "res_chain_text": "",
    "res_group_text": "",
    "res_chain_url": "",
    "res_group_url": "",
    "show_res_map": true
  },
  "items": [
    {
      "name": "Veg Pizza [6 inches]",
      "description": "Pizza with cheese, capsicum, onion, tomato, topping.",
      "media": null,
      "price": 70,
      "menuName": "Pizza",
      "categoryName": "",
      "slugs": [
        "veg",
        "services",
        "sf-kid-friendly",
        "sf-not-vegan",
        "delivery-enabled",
        "delivery-enabled",
        "veg",
        "services",
        "sf-kid-friendly",
        "sf-not-vegan",
        "veg"
      ]
    },
    {
      "name": "Jain Pizza [6 inches]",
      "description": "Capsicum, tomato, topping, oregano masala, cheese.",
      "media": null,
      "price": 70,
      "menuName": "Pizza",
      "categoryName": "",
      "slugs": [
        "veg",
        "services",
        "sf-no-onion",
        "sf-no-garlic",
        "sf-kid-friendly",
        "sf-not-vegan",
        "delivery-enabled",
        "delivery-enabled",
        "veg",
        "services",
        "sf-no-onion",
        "sf-no-garlic",
        "sf-kid-friendly",
        "sf-not-vegan",
        "veg"
      ]
    },
    {
      "name": "Corn Capsicum Pizza [6 inches]",
      "description": "Sweet corn, capsicum, chilli tomato onion, oregano masala and cheese.",
      "media": null,
      "price": 84,
      "menuName": "Pizza",
      "categoryName": "",
      "slugs": [
        "veg",
        "services",
        "sf-kid-friendly",
        "sf-not-vegan",
        "delivery-enabled",
        "delivery-enabled",
        "veg",
        "services",
        "sf-kid-friendly",
        "sf-not-vegan",
        "veg"
      ]
    },
    {
      "name": "Schezwan Cheese Pizza [6 inches]",
      "description": "Schezwan chutney, capsicum, onion, tomato, oregano, masala and cheese.",
      "media": null,
      "price": 112,
      "menuName": "Pizza",
      "categoryName": "",
      "slugs": [
        "veg",
        "services",
        "sf-spicy",
        "sf-not-vegan",
        "delivery-enabled",
        "delivery-enabled",
        "veg",
        "services",
        "sf-spicy",
        "sf-not-vegan",
        "veg"
      ]
    },
    {
      "name": "Cheese Paneer Pizza [6 inches]",
      "description": "Paneer, tomato, capsicum, onion, oregano, masala with cheese.",
      "media": null,
      "price": 112,
      "menuName": "Pizza",
      "categoryName": "",
      "slugs": [
        "veg",
        "services",
        "sf-kid-friendly",
        "sf-not-vegan",
        "delivery-enabled",
        "delivery-enabled",
        "veg",
        "services",
        "sf-kid-friendly",
        "sf-not-vegan",
        "veg"
      ]
    },
    {
      "name": "Special Mozzarella Pizza [6 inches]",
      "description": "Amul mozzarella melting cheese, black olive, red paprika, oregano masala, tomato, onion, capsicum, topping.",
      "media": null,
      "price": 140,
      "menuName": "Pizza",
      "categoryName": "",
      "slugs": [
        "veg",
        "services",
        "sf-spicy",
        "sf-not-vegan",
        "delivery-enabled",
        "delivery-enabled",
        "veg",
        "services",
        "sf-spicy",
        "sf-not-vegan",
        "veg"
      ]
    },
    {
      "name": "Veg Maharaja Cheese Grilled Burger",
      "description": "",
      "media": null,
      "price": 91,
      "menuName": "Burgers and Sandwiches",
      "categoryName": "Burgers",
      "slugs": [
        "veg",
        "services",
        "sf-not-vegan",
        "delivery-enabled",
        "delivery-enabled",
        "veg",
        "services",
        "sf-not-vegan",
        "veg"
      ]
    },
    {
      "name": "Veg Burger",
      "description": "",
      "media": null,
      "price": 49,
      "menuName": "Burgers and Sandwiches",
      "categoryName": "Burgers",
      "slugs": [
        "veg",
        "services",
        "delivery-enabled",
        "delivery-enabled",
        "veg",
        "services",
        "veg"
      ]
    },
    {
      "name": "Veg Cheese Burger",
      "description": "",
      "media": "https://b.zmtcdn.com/data/dish_photos/9de/a7d93f0273ce586607b6ef9a120589de.png",
      "price": 63,
      "menuName": "Burgers and Sandwiches",
      "categoryName": "Burgers",
      "slugs": [
        "veg",
        "services",
        "sf-not-vegan",
        "delivery-enabled",
        "delivery-enabled",
        "veg",
        "services",
        "sf-not-vegan",
        "veg"
      ]
    },
    {
      "name": "Veg Tandoori Burger",
      "description": "",
      "media": null,
      "price": 56,
      "menuName": "Burgers and Sandwiches",
      "categoryName": "Burgers",
      "slugs": [
        "veg",
        "services",
        "delivery-enabled",
        "delivery-enabled",
        "veg",
        "services",
        "veg"
      ]
    },
    {
      "name": "Veg Cheese Tandoori Burger",
      "description": "",
      "media": null,
      "price": 70,
      "menuName": "Burgers and Sandwiches",
      "categoryName": "Burgers",
      "slugs": [
        "veg",
        "services",
        "sf-not-vegan",
        "delivery-enabled",
        "delivery-enabled",
        "veg",
        "services",
        "sf-not-vegan",
        "veg"
      ]
    },
    {
      "name": "Schezwan Burger",
      "description": "",
      "media": null,
      "price": 56,
      "menuName": "Burgers and Sandwiches",
      "categoryName": "Burgers",
      "slugs": [
        "veg",
        "services",
        "sf-spicy",
        "delivery-enabled",
        "delivery-enabled",
        "veg",
        "services",
        "sf-spicy",
        "veg"
      ]
    },
    {
      "name": "Cheese Schezwan Burger",
      "description": "",
      "media": null,
      "price": 70,
      "menuName": "Burgers and Sandwiches",
      "categoryName": "Burgers",
      "slugs": [
        "veg",
        "services",
        "sf-spicy",
        "sf-not-vegan",
        "delivery-enabled",
        "delivery-enabled",
        "veg",
        "services",
        "sf-spicy",
        "sf-not-vegan",
        "veg"
      ]
    },
    {
      "name": "Veg Cheese Grilled Sandwich",
      "description": "",
      "media": "https://b.zmtcdn.com/data/dish_photos/464/e2e9f33a64a497884e7bc5da8b996464.jpg",
      "price": 112,
      "menuName": "Burgers and Sandwiches",
      "categoryName": "Sandwiches",
      "slugs": [
        "veg",
        "services",
        "sf-not-vegan",
        "delivery-enabled",
        "delivery-enabled",
        "veg",
        "services",
        "sf-not-vegan",
        "veg"
      ]
    },
    {
      "name": "Veg Cheese Paneer Grilled Sandwich",
      "description": "Paneer masala, cabbage, capsicum, beet, gajar, veg mayo, topped with cheese.",
      "media": null,
      "price": 140,
      "menuName": "Burgers and Sandwiches",
      "categoryName": "Sandwiches",
      "slugs": [
        "veg",
        "services",
        "sf-not-vegan",
        "delivery-enabled",
        "delivery-enabled",
        "veg",
        "services",
        "sf-not-vegan",
        "veg"
      ]
    },
    {
      "name": "Garlic Bread",
      "description": "",
      "media": "https://b.zmtcdn.com/data/dish_photos/e8c/07612fe9168b912f3fc08a06961fbe8c.png",
      "price": 98,
      "menuName": "Garlic Bread",
      "categoryName": "",
      "slugs": [
        "veg",
        "services",
        "delivery-enabled",
        "delivery-enabled",
        "veg",
        "services",
        "veg"
      ]
    },
    {
      "name": "Salted French Fries",
      "description": "",
      "media": null,
      "price": 56,
      "menuName": "Snacks",
      "categoryName": "",
      "slugs": [
        "veg",
        "services",
        "delivery-enabled",
        "delivery-enabled",
        "veg",
        "services",
        "veg"
      ]
    },
    {
      "name": "Flavoured French Fries",
      "description": "",
      "media": null,
      "price": 70,
      "menuName": "Snacks",
      "categoryName": "",
      "slugs": [
        "veg",
        "services",
        "delivery-enabled",
        "delivery-enabled",
        "veg",
        "services",
        "veg"
      ]
    }
  ]
}