{
  "basicInfo": {
    "name": "Martino'z Pizza",
    "cuisine_string": "Pizza, Fast Food, Mexican",
    "canonicalUrl": "https://www.zomato.com/surat/martinoz-pizza-1-pal-gam/order"
  },
  "ratings": {
    "DINING": {
      "rating_type": "DINING",
      "rating": "3.9",
      "reviewCount": "12",
      "reviewTextSmall": "12 Reviews",
      "subtext": "12 Dining Reviews",
      "color": "#1C1C1C",
      "ratingV2": "3.9",
      "subtitle": "DINING",
      "sideSubTitle": "Dining Ratings",
      "bgColorV2": {
        "type": "green",
        "tint": "600"
      },
      "newOnDining": false
    },
    "DELIVERY": {
      "rating_type": "DELIVERY",
      "rating": "3.9",
      "reviewCount": "557",
      "reviewTextSmall": "557 Reviews",
      "subtext": "557 Delivery Reviews",
      "color": "#E23744",
      "ratingV2": "3.9",
      "subtitle": "DELIVERY",
      "sideSubTitle": "Delivery Ratings",
      "bgColorV2": {
        "type": "green",
        "tint": "600"
      },
      "newOnDelivery": false
    }
  },
  "establishment": {
    "city_id": 38,
    "city_name": "Surat",
    "country_id": 1,
    "country_name": "India",
    "zipcode": "394510",
    "is_dark_kitchen": false,
    "locality_verbose": "Pal Gam, Surat",
    "latitude": "21.1899800000",
    "longitude": "72.7794600000",
    "static_map_url": "https://maps.zomato.com/php/staticmap?center=21.1899800000,72.7794600000&maptype=zomato&markers=21.1899800000,72.7794600000,pin_res32&sensor=false&scale=2&zoom=16&language=en&size=240x150&size=400x240",
    "address": "Shop 3, Ground Floor, Helios, Near Green City Road, Pal Gam, Surat",
    "is_phone_available": 1,
    "phoneDetails": {
      "title": "Phone Numbers",
      "phoneStr": "+919998644104"
    },
    "res_chain_text": "See all 8 Martino'z Pizza outlets in Surat",
    "res_group_text": "",
    "res_chain_url": "https://www.zomato.com/surat/restaurants/martinoz-pizza",
    "res_group_url": "",
    "show_res_map": true
  },
  "items": [
    {
      "name": "9- Cheesy Giant Slice",
      "description": "The Magic Of 9 Kind Of Cheese On Your Pizza Long Stands Of Stringy Mozzarella, Cheddar, Monterey Jack,Colby, Orange Cheddar, Orange Cream Cheese ,White Cream Cheese, Processed Cheese, Veg Feta Cheese. It Is A Cheesy Experience Even Angels Fall For.",
      "media": "https://b.zmtcdn.com/data/dish_photos/56a/0cbeb485bc2129388a91d3cd51a2056a.jpeg",
      "price": 286,
      "menuName": "Personal Gaint Slices",
      "categoryName": "",
      "slugs": [
        "veg",
        "services",
        "sf-not-vegan",
        "delivery-enabled",
        "delivery-enabled",
        "veg",
        "services",
        "sf-not-vegan",
        "veg"
      ]
    },
    {
      "name": "Awesome Blossom Giant Slice",
      "description": "Tangy Tomato,Freshly Cut Onion And Juicy Sweet Corn With 100% Real Mozzarella Cheddar Cheese",
      "media": null,
      "price": 196,
      "menuName": "Personal Gaint Slices",
      "categoryName": "",
      "slugs": [
        "veg",
        "services",
        "sf-not-vegan",
        "delivery-enabled",
        "delivery-enabled",
        "veg",
        "services",
        "sf-not-vegan",
        "veg"
      ]
    },
    {
      "name": "Crazy Korma Giant Slice",
      "description": "Rich,Flavourful Korma Dip Topped With Freshly Cut Onions,Jalape?s,Buttery Corn, Paneer & Extra Cheese",
      "media": "https://b.zmtcdn.com/data/dish_photos/dfa/3228a3beef9f48728b799971e1e8bdfa.jpeg",
      "price": 263,
      "menuName": "Personal Gaint Slices",
      "categoryName": "",
      "slugs": [
        "veg",
        "services",
        "sf-not-vegan",
        "delivery-enabled",
        "delivery-enabled",
        "veg",
        "services",
        "sf-not-vegan",
        "veg"
      ]
    },
    {
      "name": "Double Cheese Margherita Giant Slice",
      "description": "Extra Loaded 100% Real Mozzarella Cheese Over A Zesty Tomato Gravy",
      "media": "https://b.zmtcdn.com/data/dish_photos/8ac/3ab6b087bef3a64234c8a3e6f7c798ac.jpeg",
      "price": 196,
      "menuName": "Personal Gaint Slices",
      "categoryName": "",
      "slugs": [
        "veg",
        "services",
        "sf-not-vegan",
        "delivery-enabled",
        "delivery-enabled",
        "veg",
        "services",
        "sf-not-vegan",
        "veg"
      ]
    },
    {
      "name": "Farm Fresh Giant Slice",
      "description": "It Is Oh So Indian Juicy Paneer With Tangy Tomatoes,, onion Crisp Broccoli And Spicy Red Paprika With Loads Of Mozzarella And Cheddar Blend",
      "media": "https://b.zmtcdn.com/data/dish_photos/293/17f7bf4f3f793c1cf9fa25a323d53293.jpeg",
      "price": 263,
      "menuName": "Personal Gaint Slices",
      "categoryName": "",
      "slugs": [
        "veg",
        "services",
        "sf-spicy",
        "sf-not-vegan",
        "delivery-enabled",
        "delivery-enabled",
        "veg",
        "services",
        "sf-spicy",
        "sf-not-vegan",
        "veg"
      ]
    },
    {
      "name": "Flying Spring Giant Slice",
      "description": "Loaded With Fresh Paneer, Crispy Capsicum, Juicy Sweet Corn & Tangy Tomatoes.",
      "media": "https://b.zmtcdn.com/data/dish_photos/78c/8bfc1cb39ff61f8fcdd6304146a4478c.jpeg",
      "price": 215,
      "menuName": "Personal Gaint Slices",
      "categoryName": "",
      "slugs": [
        "veg",
        "services",
        "sf-not-vegan",
        "delivery-enabled",
        "delivery-enabled",
        "veg",
        "services",
        "sf-not-vegan",
        "veg"
      ]
    },
    {
      "name": "Fresh Delight Giant Slice",
      "description": "Loaded With Crips Green Peppers, Fresh Cut Onion,Juicy Tomatoes With 100% Mozzarella And Cheddar Cheese",
      "media": "https://b.zmtcdn.com/data/dish_photos/65e/9b6ed81d100244325f1a12df7764565e.jpeg",
      "price": 196,
      "menuName": "Personal Gaint Slices",
      "categoryName": "",
      "slugs": [
        "veg",
        "services",
        "sf-not-vegan",
        "delivery-enabled",
        "delivery-enabled",
        "veg",
        "services",
        "sf-not-vegan",
        "veg"
      ]
    },
    {
      "name": "Great Lovers Giant Slice",
      "description": "Cheese Lovers Paradise. Loaded With Fresh Paneer,Baby Corn, Mushrooms, Crisp Capsicum And It's Tastes Best With Jalapenos Dip & Premium Cheese Dip",
      "media": "https://b.zmtcdn.com/data/dish_photos/022/630f0284786edfb37e556bec3cd57022.jpeg",
      "price": 286,
      "menuName": "Personal Gaint Slices",
      "categoryName": "",
      "slugs": [
        "veg",
        "services",
        "sf-not-vegan",
        "delivery-enabled",
        "delivery-enabled",
        "veg",
        "services",
        "sf-not-vegan",
        "veg"
      ]
    },
    {
      "name": "Hawaiian Style Giant Slice",
      "description": "Flavourful Trio Of Juicy Paneer, Freshly Cut Pineapple, Sweet Corn With Extra Cheese",
      "media": "https://b.zmtcdn.com/data/dish_photos/4ef/66821066018e484a231d90f9212744ef.jpeg",
      "price": 215,
      "menuName": "Personal Gaint Slices",
      "categoryName": "",
      "slugs": [
        "veg",
        "services",
        "sf-not-vegan",
        "delivery-enabled",
        "delivery-enabled",
        "veg",
        "services",
        "sf-not-vegan",
        "veg"
      ]
    },
    {
      "name": "Hell Boy Giant Slice",
      "description": "Perfect Combination Of Capsicum,Mushroom, Olives And Jalapeno With Hot & Garlic Dip That Is Sure To Set Your Pizza On Fire!",
      "media": "https://b.zmtcdn.com/data/dish_photos/e47/ee326d7268da1315e0a0aa8086a72e47.jpeg",
      "price": 263,
      "menuName": "Personal Gaint Slices",
      "categoryName": "",
      "slugs": [
        "veg",
        "services",
        "delivery-enabled",
        "delivery-enabled",
        "veg",
        "services",
        "veg"
      ]
    },
    {
      "name": "Hot Fantasy Giant Slice",
      "description": "Spice Up Your Mood With Jalapenos, Red Paprika, Mushrooms, Yellow Bell Pepper And Tangy Tomatoes With Jalape? Dip Sauce & Extra Cheese",
      "media": "https://b.zmtcdn.com/data/dish_photos/e82/2a2f3d949d33d77030b5d0262646ae82.jpeg",
      "price": 286,
      "menuName": "Personal Gaint Slices",
      "categoryName": "",
      "slugs": [
        "veg",
        "services",
        "sf-spicy",
        "sf-not-vegan",
        "delivery-enabled",
        "delivery-enabled",
        "veg",
        "services",
        "sf-spicy",
        "sf-not-vegan",
        "veg"
      ]
    },
    {
      "name": "Indian Bite Giant Slice",
      "description": "Fresh Juice Sweet Corn,Olives And Mushroom With 100% Real Mozzarella And Cheddar Cheese",
      "media": "https://b.zmtcdn.com/data/dish_photos/d6d/5ddc098a1b6d2cb2b260153d53921d6d.jpeg",
      "price": 196,
      "menuName": "Personal Gaint Slices",
      "categoryName": "",
      "slugs": [
        "veg",
        "services",
        "sf-not-vegan",
        "delivery-enabled",
        "delivery-enabled",
        "veg",
        "services",
        "sf-not-vegan",
        "veg"
      ]
    },
    {
      "name": "Indian Garden Giant Slice",
      "description": "Delightful Combination Of Onion,Yellow Bell Pepper,Cherry Tomatoes & Grilled Mushroom",
      "media": "https://b.zmtcdn.com/data/dish_photos/2d2/4f13a1b8aeac156b210166ea23f0e2d2.jpeg",
      "price": 215,
      "menuName": "Personal Gaint Slices",
      "categoryName": "",
      "slugs": [
        "veg",
        "services",
        "delivery-enabled",
        "delivery-enabled",
        "veg",
        "services",
        "veg"
      ]
    },
    {
      "name": "Indian Tikka Masala Giant Slice",
      "description": "Mouth-watering paneer tikka, Onion, Capsicum, Yellow bell paper, Mushroom, Jalapeños with our delicious secret dip",
      "media": "https://b.zmtcdn.com/data/dish_photos/acf/54d78a5eca5ad59fc400fd09d7276acf.jpeg",
      "price": 286,
      "menuName": "Personal Gaint Slices",
      "categoryName": "",
      "slugs": [
        "veg",
        "services",
        "sf-not-vegan",
        "delivery-enabled",
        "delivery-enabled",
        "veg",
        "services",
        "sf-not-vegan",
        "veg"
      ]
    },
    {
      "name": "Italian Retreat Giant Slice",
      "description": "Flavourful Combination Of Olives, Red Paprika, Yellow Bell Pepper, Tomatoes , Fresh Paneer & Capsicum Along With Jalapeno Dip",
      "media": "https://b.zmtcdn.com/data/dish_photos/23f/75f3951142c03e7071974d33c55da23f.jpeg",
      "price": 286,
      "menuName": "Personal Gaint Slices",
      "categoryName": "",
      "slugs": [
        "veg",
        "services",
        "sf-spicy",
        "sf-not-vegan",
        "delivery-enabled",
        "delivery-enabled",
        "veg",
        "services",
        "sf-spicy",
        "sf-not-vegan",
        "veg"
      ]
    },
    {
      "name": "Korma Ka Karishma Giant Slice",
      "description": "Rich, Flavourful Pizza Topped With Fresh Paneer, Crisp Capsicum, Red Paprika, Sweet Corn & Baby Corn In Korma Dip",
      "media": "https://b.zmtcdn.com/data/dish_photos/3fa/0973a770f253a13fd654ed3374c7b3fa.jpeg",
      "price": 286,
      "menuName": "Personal Gaint Slices",
      "categoryName": "",
      "slugs": [
        "veg",
        "services",
        "sf-spicy",
        "sf-not-vegan",
        "delivery-enabled",
        "delivery-enabled",
        "veg",
        "services",
        "sf-spicy",
        "sf-not-vegan",
        "veg"
      ]
    },
    {
      "name": "Mac Cheesy Giant Slice",
      "description": "Lip-Smacking Creamy Macaroni, Crispy Capsicum,Onions,Baby Corn, Olives With Extra Cheese",
      "media": "https://b.zmtcdn.com/data/dish_photos/aac/bc02447dd5dd6bfcc2c82afc38100aac.jpeg",
      "price": 286,
      "menuName": "Personal Gaint Slices",
      "categoryName": "",
      "slugs": [
        "veg",
        "services",
        "sf-not-vegan",
        "delivery-enabled",
        "delivery-enabled",
        "veg",
        "services",
        "sf-not-vegan",
        "veg"
      ]
    },
    {
      "name": "Mac O Mac Giant Slice",
      "description": "Cheesey macroniwith storm of jalapeno dips & mozzarella cheddar cheese",
      "media": "https://b.zmtcdn.com/data/dish_photos/d80/43bfaacaa912346ecc313cd5d8091d80.jpeg",
      "price": 165,
      "menuName": "Personal Gaint Slices",
      "categoryName": "",
      "slugs": [
        "veg",
        "services",
        "sf-not-vegan",
        "delivery-enabled",
        "delivery-enabled",
        "veg",
        "services",
        "sf-not-vegan",
        "veg"
      ]
    },
    {
      "name": "Makhani Mashhoor Giant Slice",
      "description": "Crisp onlion over makhani sauce with real mozzarella & cheddar cheese",
      "media": "https://b.zmtcdn.com/data/dish_photos/930/d242c95bf2e8c873bb56d5608f0ae930.jpeg",
      "price": 165,
      "menuName": "Personal Gaint Slices",
      "categoryName": "",
      "slugs": [
        "veg",
        "services",
        "sf-not-vegan",
        "delivery-enabled",
        "delivery-enabled",
        "veg",
        "services",
        "sf-not-vegan",
        "veg"
      ]
    },
    {
      "name": "Margherita Giant Slice",
      "description": "Enjoy 100% Real Mozzarella Cheese Over A Zesty Gravy",
      "media": "https://b.zmtcdn.com/data/dish_photos/8ac/3ab6b087bef3a64234c8a3e6f7c798ac.jpeg",
      "price": 134,
      "menuName": "Personal Gaint Slices",
      "categoryName": "",
      "slugs": [
        "veg",
        "services",
        "sf-not-vegan",
        "delivery-enabled",
        "delivery-enabled",
        "veg",
        "services",
        "sf-not-vegan",
        "veg"
      ]
    },
    {
      "name": "Martino'Z Cottage Cheese Giant Slice",
      "description": "Nutritious Combination Of Cottage Cheese, Green&Red Bell Paper,Juicy American Corn And Onions With Cheesy Sauce",
      "media": "https://b.zmtcdn.com/data/dish_photos/fb3/d442c0e1dd4270025ee65f87f3dc6fb3.jpeg",
      "price": 286,
      "menuName": "Personal Gaint Slices",
      "categoryName": "",
      "slugs": [
        "veg",
        "services",
        "sf-not-vegan",
        "delivery-enabled",
        "delivery-enabled",
        "veg",
        "services",
        "sf-not-vegan",
        "veg"
      ]
    },
    {
      "name": "Mexicano Giant Slice",
      "description": "The Awesome Foursome! Golden Corn,Onions,Mushrooms & Baby Corn With Blend Of Cheese Over Your Favourite Salsa Sauce",
      "media": "https://b.zmtcdn.com/data/dish_photos/c8e/6c1af0ca8464a4aaadd59d5a38724c8e.jpeg",
      "price": 263,
      "menuName": "Personal Gaint Slices",
      "categoryName": "",
      "slugs": [
        "veg",
        "services",
        "sf-not-vegan",
        "delivery-enabled",
        "delivery-enabled",
        "veg",
        "services",
        "sf-not-vegan",
        "veg"
      ]
    },
    {
      "name": "Morocco Fusion Giant Slice",
      "description": "A Supreme combination of jalapenos, Red paprika, sweet corn, onion and baby corn with flavourful Moroccon fusion dip",
      "media": "https://b.zmtcdn.com/data/dish_photos/37a/6d7ec217166cffb253e708bae157c37a.jpeg",
      "price": 286,
      "menuName": "Personal Gaint Slices",
      "categoryName": "",
      "slugs": [
        "veg",
        "services",
        "sf-spicy",
        "delivery-enabled",
        "delivery-enabled",
        "veg",
        "services",
        "sf-spicy",
        "veg"
      ]
    },
    {
      "name": "Peri Peri Giant Slice",
      "description": "Paneer Chunks With Your Favourite Toppings Of Mushroom, Olives, Red&Green Bell Paper,Onions & Delicious Cheese",
      "media": "https://b.zmtcdn.com/data/dish_photos/b47/7b5676cacaa64548bee1299ca833eb47.jpeg",
      "price": 286,
      "menuName": "Personal Gaint Slices",
      "categoryName": "",
      "slugs": [
        "veg",
        "services",
        "sf-spicy",
        "sf-not-vegan",
        "delivery-enabled",
        "delivery-enabled",
        "veg",
        "services",
        "sf-spicy",
        "sf-not-vegan",
        "veg"
      ]
    },
    {
      "name": "Pesto Painting Giant Slice",
      "description": "Loaded With Fresh Paneer, Crisp Capsicum And Well Chopped Jalapenos Over Basil Pesto Sauce",
      "media": "https://b.zmtcdn.com/data/dish_photos/533/5a0fd97d5c2095d24cafdda9095f3533.jpeg",
      "price": 263,
      "menuName": "Personal Gaint Slices",
      "categoryName": "",
      "slugs": [
        "veg",
        "services",
        "sf-not-vegan",
        "delivery-enabled",
        "delivery-enabled",
        "veg",
        "services",
        "sf-not-vegan",
        "veg"
      ]
    },
    {
      "name": "Punjab Da Paneer Tadka Giant Slice",
      "description": "Flavourful Twist Of Cheesy Sauce With Paneer Tikka, Chopped Onions, Red Paprika, Capsicum, Mozzarella & Cheddar",
      "media": null,
      "price": 286,
      "menuName": "Personal Gaint Slices",
      "categoryName": "",
      "slugs": [
        "veg",
        "services",
        "sf-spicy",
        "sf-not-vegan",
        "delivery-enabled",
        "delivery-enabled",
        "veg",
        "services",
        "sf-spicy",
        "sf-not-vegan",
        "veg"
      ]
    },
    {
      "name": "Rome Chipotle Giant Slice",
      "description": "Absolutely feast of red bell pepper, Capsicum, Olives, Onion and Golden corn over Mexican Chipotle Dip",
      "media": "https://b.zmtcdn.com/data/dish_photos/d2b/dbe314629665dfd58463c43068317d2b.jpeg",
      "price": 286,
      "menuName": "Personal Gaint Slices",
      "categoryName": "",
      "slugs": [
        "veg",
        "services",
        "sf-spicy",
        "delivery-enabled",
        "delivery-enabled",
        "veg",
        "services",
        "sf-spicy",
        "veg"
      ]
    },
    {
      "name": "Salsa Mexicano Giant Slice",
      "description": "Tangy & Spicy Flavours Of Fresh Onion, Jalapenos, Bell Pepper, Sweet Corn, Olives In Delicious Mexican Salsa Dip With Blend Of Cheese",
      "media": "https://b.zmtcdn.com/data/dish_photos/e68/6b8d260f72a42da4a0a2b28ce1322e68.jpeg",
      "price": 286,
      "menuName": "Personal Gaint Slices",
      "categoryName": "",
      "slugs": [
        "veg",
        "services",
        "sf-spicy",
        "sf-not-vegan",
        "delivery-enabled",
        "delivery-enabled",
        "veg",
        "services",
        "sf-spicy",
        "sf-not-vegan",
        "veg"
      ]
    },
    {
      "name": "Schezwan Thunder Giant Slice",
      "description": "Pizza Topped with spicy schezwan sauce crunchy capsicum, onion, mushroom, red paprika sween corn & real mozzarella & cheddar making it spice lovers paradise.",
      "media": "https://b.zmtcdn.com/data/dish_photos/f42/3b8c7dd7c04319263beab1d76fb7df42.jpeg",
      "price": 286,
      "menuName": "Personal Gaint Slices",
      "categoryName": "",
      "slugs": [
        "veg",
        "services",
        "sf-spicy",
        "delivery-enabled",
        "delivery-enabled",
        "veg",
        "services",
        "sf-spicy",
        "veg"
      ]
    },
    {
      "name": "Smokey Barbeque Giant Slice",
      "description": "Flavourful Trio of Onion, Capsicum and Smokey barbeque paneer with Cheese Dip",
      "media": "https://b.zmtcdn.com/data/dish_photos/331/57d9aad87443d4609ba6b1741c165331.jpeg",
      "price": 286,
      "menuName": "Personal Gaint Slices",
      "categoryName": "",
      "slugs": [
        "veg",
        "services",
        "sf-not-vegan",
        "delivery-enabled",
        "delivery-enabled",
        "veg",
        "services",
        "sf-not-vegan",
        "veg"
      ]
    },
    {
      "name": "Special Paneer Giant Slice",
      "description": "Topped With Double Paneer And The Refreshing Burst From The Capsicum, Onion And Red Paprika.",
      "media": "https://b.zmtcdn.com/data/dish_photos/020/622a18c237b912fef1542fb5b9817020.jpeg",
      "price": 215,
      "menuName": "Personal Gaint Slices",
      "categoryName": "",
      "slugs": [
        "veg",
        "services",
        "sf-spicy",
        "sf-not-vegan",
        "delivery-enabled",
        "delivery-enabled",
        "veg",
        "services",
        "sf-spicy",
        "sf-not-vegan",
        "veg"
      ]
    },
    {
      "name": "Sweet Spicy Giant Slice",
      "description": "It Is Hot. It Is So Sweet. Sweet & Juicy Golden Corn With Red Paprika, Jalapenos And Freshly Cut Pineapple With Extra Cheese",
      "media": "https://b.zmtcdn.com/data/dish_photos/fd5/00c61d0a4d8bc7af7ef1c412129a7fd5.jpeg",
      "price": 215,
      "menuName": "Personal Gaint Slices",
      "categoryName": "",
      "slugs": [
        "veg",
        "services",
        "sf-spicy",
        "sf-not-vegan",
        "delivery-enabled",
        "delivery-enabled",
        "veg",
        "services",
        "sf-spicy",
        "sf-not-vegan",
        "veg"
      ]
    },
    {
      "name": "Tandoori Tadka Giant Slice",
      "description": "Loaded with capsicum, paneer,onion sweet corn with korma",
      "media": "https://b.zmtcdn.com/data/dish_photos/abd/332530752188ff404a60ae771bcf8abd.jpeg",
      "price": 263,
      "menuName": "Personal Gaint Slices",
      "categoryName": "",
      "slugs": [
        "veg",
        "services",
        "sf-not-vegan",
        "delivery-enabled",
        "delivery-enabled",
        "veg",
        "services",
        "sf-not-vegan",
        "veg"
      ]
    },
    {
      "name": "Tandoori Touch Giant Slice",
      "description": "A Delectable Combination Of Double Paneer,Capsicum, Jalape?s, Juicy American Corn & Red Paprika In Korma Dip",
      "media": "https://b.zmtcdn.com/data/dish_photos/04c/de2395d24c386da3c9d653168cec504c.jpeg",
      "price": 286,
      "menuName": "Personal Gaint Slices",
      "categoryName": "",
      "slugs": [
        "veg",
        "services",
        "sf-spicy",
        "sf-not-vegan",
        "delivery-enabled",
        "delivery-enabled",
        "veg",
        "services",
        "sf-spicy",
        "sf-not-vegan",
        "veg"
      ]
    },
    {
      "name": "Texas Treat Giant Slice",
      "description": "A Pizza Loaded With Tangy Tomatoes, Baby Corn,Jalapenos,Mushrooms And Capsicum In Lip Smacking Peri-Peri Dip",
      "media": "https://b.zmtcdn.com/data/dish_photos/75b/c3b1c740f2b9cd58a94fa893814af75b.jpeg",
      "price": 286,
      "menuName": "Personal Gaint Slices",
      "categoryName": "",
      "slugs": [
        "veg",
        "services",
        "sf-spicy",
        "delivery-enabled",
        "delivery-enabled",
        "veg",
        "services",
        "sf-spicy",
        "veg"
      ]
    },
    {
      "name": "Veg Avengers Giant Slice",
      "description": "All The Veg. Toppings With Extra Cheese",
      "media": "https://b.zmtcdn.com/data/dish_photos/cb7/d06c3a0d0cb0ee099daaa1a106f0acb7.jpeg",
      "price": 295,
      "menuName": "Personal Gaint Slices",
      "categoryName": "",
      "slugs": [
        "veg",
        "services",
        "sf-not-vegan",
        "delivery-enabled",
        "delivery-enabled",
        "veg",
        "services",
        "sf-not-vegan",
        "veg"
      ]
    },
    {
      "name": "Wild Garlic Giant Slice",
      "description": "Only For True Garlic Lover's. Presenting Hot Garlic Dip With Onion, Crispy Capsicum, Fresh Paneer, Mushrooms And Jalapeno",
      "media": "https://b.zmtcdn.com/data/dish_photos/2af/5286c8b112975f965413c223479b72af.jpeg",
      "price": 286,
      "menuName": "Personal Gaint Slices",
      "categoryName": "",
      "slugs": [
        "veg",
        "services",
        "sf-not-vegan",
        "delivery-enabled",
        "delivery-enabled",
        "veg",
        "services",
        "sf-not-vegan",
        "veg"
      ]
    },
    {
      "name": "Cheesy Combo",
      "description": "Save 150 on this combo.   9 Cheesy (Medium) Paneer Tikka Garlic Bread Coke (750ml)",
      "media": "https://b.zmtcdn.com/data/dish_photos/81d/21c455aca420d12db1a758c9c044481d.jpeg",
      "price": 749,
      "menuName": "Top Selling Combos",
      "categoryName": "",
      "slugs": [
        "veg",
        "services",
        "sf-not-vegan",
        "delivery-enabled",
        "delivery-enabled",
        "veg",
        "services",
        "sf-not-vegan",
        "veg"
      ]
    },
    {
      "name": "Family Combo",
      "description": "Save 171 on this combo.  Peri-Peri Pizza (Large) Cheesy Garlic Bread White Sauce Pasta  Choco Lava Coke (750ml)",
      "media": "https://b.zmtcdn.com/data/dish_photos/c69/0468c37a925697d2b707157b7ce8bc69.jpeg",
      "price": 1029,
      "menuName": "Top Selling Combos",
      "categoryName": "",
      "slugs": [
        "veg",
        "services",
        "sf-spicy",
        "sf-not-vegan",
        "delivery-enabled",
        "delivery-enabled",
        "veg",
        "services",
        "sf-spicy",
        "sf-not-vegan",
        "veg"
      ]
    },
    {
      "name": "Pocket Friendly Combo",
      "description": "Save 91 on this combo. Punjab Da Paneer Tadka (Medium) Stuffed Garlic Bread Sticks Coke (750ml)",
      "media": "https://b.zmtcdn.com/data/dish_photos/d45/2769d1fef26c671559d064d22ee1dd45.jpeg",
      "price": 709,
      "menuName": "Top Selling Combos",
      "categoryName": "",
      "slugs": [
        "veg",
        "services",
        "sf-not-vegan",
        "delivery-enabled",
        "delivery-enabled",
        "veg",
        "services",
        "sf-not-vegan",
        "veg"
      ]
    },
    {
      "name": "Single Regular Veg Pack Of 4",
      "description": "\"Onion|Tomatoes|Capsicum|Sweet Corn Regular Size \"",
      "media": "https://b.zmtcdn.com/data/dish_photos/9a5/8ade76dd75f04be021fb2d74105aa9a5.jpeg",
      "price": 369,
      "menuName": "Top Selling Combos",
      "categoryName": "",
      "slugs": [
        "veg",
        "services",
        "delivery-enabled",
        "delivery-enabled",
        "veg",
        "services",
        "veg"
      ]
    },
    {
      "name": "Capsicum & Cheese Pizza [Serve 1][17 Cm]",
      "description": "",
      "media": "https://b.zmtcdn.com/data/dish_photos/663/c88dd0178723ce737176f1449bca1663.jpeg",
      "price": 99,
      "menuName": "Pizza",
      "categoryName": "Classic Pizza",
      "slugs": [
        "veg",
        "services",
        "sf-kid-friendly",
        "sf-not-vegan",
        "delivery-enabled",
        "delivery-enabled",
        "veg",
        "services",
        "sf-kid-friendly",
        "sf-not-vegan",
        "veg"
      ]
    },
    {
      "name": "Capsicum & Paneer Pizza [Serve 1][17 Cm]",
      "description": "",
      "media": "https://b.zmtcdn.com/data/dish_photos/232/1da4a382b5b0be7ccc01dc3ca7121232.jpeg",
      "price": 139,
      "menuName": "Pizza",
      "categoryName": "Classic Pizza",
      "slugs": [
        "veg",
        "services",
        "sf-kid-friendly",
        "sf-not-vegan",
        "delivery-enabled",
        "delivery-enabled",
        "veg",
        "services",
        "sf-kid-friendly",
        "sf-not-vegan",
        "veg"
      ]
    },
    {
      "name": "Golden Corn & Cheese Pizza [Serve 1][17 Cm]",
      "description": "",
      "media": "https://b.zmtcdn.com/data/dish_photos/8b3/d5a3b32675324a7be57a626ab9d188b3.jpeg",
      "price": 125,
      "menuName": "Pizza",
      "categoryName": "Classic Pizza",
      "slugs": [
        "veg",
        "services",
        "sf-kid-friendly",
        "sf-not-vegan",
        "delivery-enabled",
        "delivery-enabled",
        "veg",
        "services",
        "sf-kid-friendly",
        "sf-not-vegan",
        "veg"
      ]
    },
    {
      "name": "Jalapeno, Golden Corn, Paneer & Cheese Pizza [Serve 1][17 Cm]",
      "description": "",
      "media": "https://b.zmtcdn.com/data/dish_photos/26d/70c17c6a9dbb76b66b84f9952771526d.jpeg",
      "price": 165,
      "menuName": "Pizza",
      "categoryName": "Classic Pizza",
      "slugs": [
        "veg",
        "services",
        "sf-kid-friendly",
        "sf-not-vegan",
        "delivery-enabled",
        "delivery-enabled",
        "veg",
        "services",
        "sf-kid-friendly",
        "sf-not-vegan",
        "veg"
      ]
    },
    {
      "name": "Jalapeno, Olives & Cheese Pizza [Serve 1][17 Cm]",
      "description": "",
      "media": "https://b.zmtcdn.com/data/dish_photos/d6c/d62d82acfca1bc6b555ed30e98138d6c.jpeg",
      "price": 165,
      "menuName": "Pizza",
      "categoryName": "Classic Pizza",
      "slugs": [
        "veg",
        "services",
        "sf-kid-friendly",
        "sf-not-vegan",
        "delivery-enabled",
        "delivery-enabled",
        "veg",
        "services",
        "sf-kid-friendly",
        "sf-not-vegan",
        "veg"
      ]
    },
    {
      "name": "Onion & Cheese Pizza [Serve 1][17 Cm]",
      "description": "",
      "media": "https://b.zmtcdn.com/data/dish_photos/776/465cd52b271cabefad86cdf7426eb776.jpeg",
      "price": 99,
      "menuName": "Pizza",
      "categoryName": "Classic Pizza",
      "slugs": [
        "veg",
        "restaurant-recommended",
        "services",
        "sf-kid-friendly",
        "sf-not-vegan",
        "delivery-enabled",
        "delivery-enabled",
        "veg",
        "restaurant-recommended",
        "services",
        "sf-kid-friendly",
        "sf-not-vegan",
        "veg"
      ]
    },
    {
      "name": "Onion & Paneer Pizza [Serve 1][17 Cm]",
      "description": "",
      "media": "https://b.zmtcdn.com/data/dish_photos/83e/a0d8644718684ef832e290dc6f67183e.jpeg",
      "price": 139,
      "menuName": "Pizza",
      "categoryName": "Classic Pizza",
      "slugs": [
        "veg",
        "services",
        "sf-kid-friendly",
        "sf-not-vegan",
        "delivery-enabled",
        "delivery-enabled",
        "veg",
        "services",
        "sf-kid-friendly",
        "sf-not-vegan",
        "veg"
      ]
    },
    {
      "name": "Onion, Bell Pepper & Cheese Pizza [Serve 1][17 Cm]",
      "description": "",
      "media": "https://b.zmtcdn.com/data/dish_photos/127/2085852c3d9d1af6a5b56786b5ee5127.jpeg",
      "price": 129,
      "menuName": "Pizza",
      "categoryName": "Classic Pizza",
      "slugs": [
        "veg",
        "services",
        "sf-kid-friendly",
        "sf-not-vegan",
        "delivery-enabled",
        "delivery-enabled",
        "veg",
        "services",
        "sf-kid-friendly",
        "sf-not-vegan",
        "veg"
      ]
    },
    {
      "name": "Red & Yellow Bell Pepper, Red Paprika, Paneer & Cheese Pizza[17 Cm]",
      "description": "",
      "media": "https://b.zmtcdn.com/data/dish_photos/313/853cbf69baf239e5165ed2a6043b7313.jpeg",
      "price": 165,
      "menuName": "Pizza",
      "categoryName": "Classic Pizza",
      "slugs": [
        "veg",
        "services",
        "sf-spicy",
        "sf-not-vegan",
        "delivery-enabled",
        "delivery-enabled",
        "veg",
        "services",
        "sf-spicy",
        "sf-not-vegan",
        "veg"
      ]
    },
    {
      "name": "Tomato & Cheese Pizza [Serve 1][17 Cm]",
      "description": "",
      "media": "https://b.zmtcdn.com/data/dish_photos/b5b/fb3cfd006140f862beec6c22d8c3db5b.jpeg",
      "price": 99,
      "menuName": "Pizza",
      "categoryName": "Classic Pizza",
      "slugs": [
        "veg",
        "services",
        "sf-kid-friendly",
        "sf-not-vegan",
        "delivery-enabled",
        "delivery-enabled",
        "veg",
        "services",
        "sf-kid-friendly",
        "sf-not-vegan",
        "veg"
      ]
    },
    {
      "name": "Margherita Pizza",
      "description": "Enjoy 100% Real Mozzarella Cheese Over A Zesty Gravy",
      "media": "https://b.zmtcdn.com/data/dish_photos/b95/09ba66f3e7ea27ddb8f23e97e7789b95.jpeg",
      "price": 0,
      "menuName": "Pizza",
      "categoryName": "Simple Pizza",
      "slugs": [
        "veg",
        "restaurant-recommended",
        "services",
        "sf-kid-friendly",
        "sf-not-vegan",
        "delivery-enabled",
        "delivery-enabled",
        "veg",
        "restaurant-recommended",
        "services",
        "sf-kid-friendly",
        "sf-not-vegan",
        "veg"
      ]
    },
    {
      "name": "Mac O Mac",
      "description": "Cheesey macroniwith storm of jalapeno dips & mozzarella cheddar cheese",
      "media": "https://b.zmtcdn.com/data/dish_photos/a96/58a6cb6e9110ce44ef4149b15019ea96.jpeg",
      "price": 0,
      "menuName": "Pizza",
      "categoryName": "Stylish",
      "slugs": [
        "veg",
        "services",
        "sf-kid-friendly",
        "sf-not-vegan",
        "delivery-enabled",
        "delivery-enabled",
        "veg",
        "services",
        "sf-kid-friendly",
        "sf-not-vegan",
        "veg"
      ]
    },
    {
      "name": "Makhani Mashhoor",
      "description": "Crisp onlion over makhani sauce with real mozzarella & cheddar cheese",
      "media": "https://b.zmtcdn.com/data/dish_photos/56d/1e43e58c401f9e7fca173d0dc08fd56d.jpeg",
      "price": 0,
      "menuName": "Pizza",
      "categoryName": "Stylish",
      "slugs": [
        "veg",
        "services",
        "sf-kid-friendly",
        "sf-not-vegan",
        "delivery-enabled",
        "delivery-enabled",
        "veg",
        "services",
        "sf-kid-friendly",
        "sf-not-vegan",
        "veg"
      ]
    },
    {
      "name": "Awesome Blossom Pizza",
      "description": "Tangy Tomato,Freshly Cut Onion And Juicy Sweet Corn With 100% Real Mozzarella Cheddar Cheese",
      "media": "https://b.zmtcdn.com/data/dish_photos/843/e17adc85f5f6d78183fcccd59b89d843.jpeg",
      "price": 0,
      "menuName": "Pizza",
      "categoryName": "Simply Veg Pizza",
      "slugs": [
        "veg",
        "services",
        "sf-kid-friendly",
        "sf-not-vegan",
        "delivery-enabled",
        "delivery-enabled",
        "veg",
        "services",
        "sf-kid-friendly",
        "sf-not-vegan",
        "veg"
      ]
    },
    {
      "name": "Double Cheese Margheritra Pizza",
      "description": "Extra Loaded 100% Real Mozzarella Cheese Over A Zesty Tomato Gravy",
      "media": "https://b.zmtcdn.com/data/dish_photos/b5b/390e1500ea13e39df38c872ff1d90b5b.jpeg",
      "price": 0,
      "menuName": "Pizza",
      "categoryName": "Simply Veg Pizza",
      "slugs": [
        "veg",
        "services",
        "sf-kid-friendly",
        "sf-not-vegan",
        "delivery-enabled",
        "delivery-enabled",
        "veg",
        "services",
        "sf-kid-friendly",
        "sf-not-vegan",
        "veg"
      ]
    },
    {
      "name": "Fresh Delight Pizza",
      "description": "Loaded With Crips Green Peppers, Fresh Cut Onion,Juicy Tomatoes With 100% Mozzarella And Cheddar Cheese",
      "media": "https://b.zmtcdn.com/data/dish_photos/e95/5d56cbaf84d42b43bc5aa0955406ee95.jpeg",
      "price": 0,
      "menuName": "Pizza",
      "categoryName": "Simply Veg Pizza",
      "slugs": [
        "veg",
        "services",
        "sf-kid-friendly",
        "sf-not-vegan",
        "delivery-enabled",
        "delivery-enabled",
        "veg",
        "services",
        "sf-kid-friendly",
        "sf-not-vegan",
        "veg"
      ]
    },
    {
      "name": "Indian Bite Pizza",
      "description": "Fresh Juice Sweet Corn,Olives And Mushroom With 100% Real Mozzarella And Cheddar Cheese",
      "media": "https://b.zmtcdn.com/data/dish_photos/84c/4c11c3b4926ab5215294d17318c3d84c.jpeg",
      "price": 0,
      "menuName": "Pizza",
      "categoryName": "Simply Veg Pizza",
      "slugs": [
        "veg",
        "services",
        "sf-kid-friendly",
        "sf-not-vegan",
        "delivery-enabled",
        "delivery-enabled",
        "veg",
        "services",
        "sf-kid-friendly",
        "sf-not-vegan",
        "veg"
      ]
    },
    {
      "name": "Flying Spring Pizza",
      "description": "Loaded With Fresh Paneer, Crispy Capsicum, Juicy Sweet Corn & Tangy Tomatoes.",
      "media": "https://b.zmtcdn.com/data/dish_photos/0ce/2fa32ec9b58f268ebcfd66a9a23780ce.jpeg",
      "price": 0,
      "menuName": "Pizza",
      "categoryName": "Premium Pizza",
      "slugs": [
        "veg",
        "services",
        "sf-kid-friendly",
        "sf-not-vegan",
        "delivery-enabled",
        "delivery-enabled",
        "veg",
        "services",
        "sf-kid-friendly",
        "sf-not-vegan",
        "veg"
      ]
    },
    {
      "name": "Hawaiian Style Pizza",
      "description": "Flavourful Trio Of Juicy Paneer, Freshly Cut Pineapple, Sweet Corn With Extra Cheese",
      "media": "https://b.zmtcdn.com/data/dish_photos/206/605f65a54b571442f57f302a09e2a206.jpeg",
      "price": 0,
      "menuName": "Pizza",
      "categoryName": "Premium Pizza",
      "slugs": [
        "veg",
        "services",
        "sf-kid-friendly",
        "sf-not-vegan",
        "delivery-enabled",
        "delivery-enabled",
        "veg",
        "services",
        "sf-kid-friendly",
        "sf-not-vegan",
        "veg"
      ]
    },
    {
      "name": "Indian Garden Pizza",
      "description": "Delightful Combination Of Onion,Yellow Bell Pepper,Cherry Tomatoes & Grilled Mushroom",
      "media": "https://b.zmtcdn.com/data/dish_photos/426/008942ca787b63a455d2557545f77426.jpeg",
      "price": 0,
      "menuName": "Pizza",
      "categoryName": "Premium Pizza",
      "slugs": [
        "veg",
        "services",
        "sf-kid-friendly",
        "delivery-enabled",
        "delivery-enabled",
        "veg",
        "services",
        "sf-kid-friendly",
        "veg"
      ]
    },
    {
      "name": "Special Paneer Pizza",
      "description": "Topped With Double Paneer And The Refreshing Burst From The Capsicum, Onion And Red Paprika.",
      "media": "https://b.zmtcdn.com/data/dish_photos/b2b/bdc57ae88fe83a04f6ab140fe25d6b2b.jpeg",
      "price": 0,
      "menuName": "Pizza",
      "categoryName": "Premium Pizza",
      "slugs": [
        "veg",
        "restaurant-recommended",
        "services",
        "sf-spicy",
        "sf-not-vegan",
        "delivery-enabled",
        "delivery-enabled",
        "veg",
        "restaurant-recommended",
        "services",
        "sf-spicy",
        "sf-not-vegan",
        "veg"
      ]
    },
    {
      "name": "Sweet Spicy Pizza",
      "description": "It Is Hot. It Is So Sweet. Sweet & Juicy Golden Corn With Red Paprika, Jalapenos And Freshly Cut Pineapple With Extra Cheese",
      "media": "https://b.zmtcdn.com/data/dish_photos/5a9/2eea6794e753e00c672ed8ea89b695a9.jpeg",
      "price": 0,
      "menuName": "Pizza",
      "categoryName": "Premium Pizza",
      "slugs": [
        "veg",
        "services",
        "sf-spicy",
        "sf-not-vegan",
        "delivery-enabled",
        "delivery-enabled",
        "veg",
        "services",
        "sf-spicy",
        "sf-not-vegan",
        "veg"
      ]
    },
    {
      "name": "Crazy Korma Pizza",
      "description": "Rich,Flavourful Korma Dip Topped With Freshly Cut Onions,Jalape?s,Buttery Corn, Paneer & Extra Cheese",
      "media": "https://b.zmtcdn.com/data/dish_photos/ca8/ee527ac62b4346995ae8349a7031cca8.jpeg",
      "price": 0,
      "menuName": "Pizza",
      "categoryName": "Royal Pizza",
      "slugs": [
        "veg",
        "services",
        "sf-kid-friendly",
        "sf-not-vegan",
        "delivery-enabled",
        "delivery-enabled",
        "veg",
        "services",
        "sf-kid-friendly",
        "sf-not-vegan",
        "veg"
      ]
    },
    {
      "name": "Farm Fresh",
      "description": "It Is Oh So Indian Juicy Paneer With Tangy Tomatoes,, onion Crisp Broccoli And Spicy Red Paprika With Loads Of Mozzarella And Cheddar Blend",
      "media": "https://b.zmtcdn.com/data/dish_photos/a5f/d59039d1f783680638bf42c451a44a5f.jpeg",
      "price": 0,
      "menuName": "Pizza",
      "categoryName": "Royal Pizza",
      "slugs": [
        "veg",
        "services",
        "sf-spicy",
        "sf-not-vegan",
        "delivery-enabled",
        "delivery-enabled",
        "veg",
        "services",
        "sf-spicy",
        "sf-not-vegan",
        "veg"
      ]
    },
    {
      "name": "Hell Boy Pizza",
      "description": "Perfect Combination Of Capsicum,Mushroom, Olives And Jalapeno With Hot & Garlic Dip That Is Sure To Set Your Pizza On Fire!",
      "media": "https://b.zmtcdn.com/data/dish_photos/069/17aeca7ff0e46dbc444cfcd1b9c1f069.jpeg",
      "price": 0,
      "menuName": "Pizza",
      "categoryName": "Royal Pizza",
      "slugs": [
        "veg",
        "services",
        "sf-kid-friendly",
        "delivery-enabled",
        "delivery-enabled",
        "veg",
        "services",
        "sf-kid-friendly",
        "veg"
      ]
    },
    {
      "name": "Mexicano Pizza",
      "description": "The Awesome Foursome! Golden Corn,Onions,Mushrooms & Baby Corn With Blend Of Cheese Over Your Favourite Salsa Sauce",
      "media": "https://b.zmtcdn.com/data/dish_photos/bbb/63c3a9c298a932c026c779369bca3bbb.jpeg",
      "price": 0,
      "menuName": "Pizza",
      "categoryName": "Royal Pizza",
      "slugs": [
        "veg",
        "services",
        "sf-kid-friendly",
        "sf-not-vegan",
        "delivery-enabled",
        "delivery-enabled",
        "veg",
        "services",
        "sf-kid-friendly",
        "sf-not-vegan",
        "veg"
      ]
    },
    {
      "name": "Pesto Painting Pizza",
      "description": "Loaded With Fresh Paneer, Crisp Capsicum And Well Chopped Jalapenos Over Basil Pesto Sauce",
      "media": "https://b.zmtcdn.com/data/dish_photos/4ae/ba69c0080c990c36e582a4ac34e914ae.jpeg",
      "price": 0,
      "menuName": "Pizza",
      "categoryName": "Royal Pizza",
      "slugs": [
        "veg",
        "services",
        "sf-kid-friendly",
        "sf-not-vegan",
        "delivery-enabled",
        "delivery-enabled",
        "veg",
        "services",
        "sf-kid-friendly",
        "sf-not-vegan",
        "veg"
      ]
    },
    {
      "name": "Tandoori Tadka",
      "description": "Loaded With Capsicum,Paneer,Onion, Sweet Corn With Korma Dip",
      "media": "https://b.zmtcdn.com/data/dish_photos/b7c/5ff4890421da092fdae5a0b8f0980b7c.jpeg",
      "price": 0,
      "menuName": "Pizza",
      "categoryName": "Royal Pizza",
      "slugs": [
        "veg",
        "services",
        "sf-kid-friendly",
        "delivery-enabled",
        "delivery-enabled",
        "veg",
        "services",
        "sf-kid-friendly",
        "veg"
      ]
    },
    {
      "name": "9 Cheesy Pizza",
      "description": "The Magic Of 9 Kind Of Cheese On Your Pizza Long Stands Of Stringy Mozzarella, Cheddar, Monterey Jack,Colby, Orange Cheddar, Orange Cream Cheese ,White Cream Cheese, Processed Cheese, Veg Feta Cheese. It Is A Cheesy Experience Even Angels Fall For.",
      "media": "https://b.zmtcdn.com/data/dish_photos/d19/8e5028d730dab9c4c243a9428a939d19.jpeg",
      "price": 0,
      "menuName": "Pizza",
      "categoryName": "Legend Pizza",
      "slugs": [
        "veg",
        "restaurant-recommended",
        "services",
        "sf-kid-friendly",
        "sf-not-vegan",
        "delivery-enabled",
        "delivery-enabled",
        "veg",
        "restaurant-recommended",
        "services",
        "sf-kid-friendly",
        "sf-not-vegan",
        "veg"
      ]
    },
    {
      "name": "Great Lovers",
      "description": "Cheese Lovers Paradise. Loaded With Fresh Paneer,Baby Corn, Mushrooms, Crisp Capsicum And It's Tastes Best With Jalapenos Dip & Premium Cheese Dip",
      "media": "https://b.zmtcdn.com/data/dish_photos/61d/33a88c0e9b444c56c5879bfc50a7761d.jpeg",
      "price": 0,
      "menuName": "Pizza",
      "categoryName": "Legend Pizza",
      "slugs": [
        "veg",
        "services",
        "sf-kid-friendly",
        "sf-not-vegan",
        "delivery-enabled",
        "delivery-enabled",
        "veg",
        "services",
        "sf-kid-friendly",
        "sf-not-vegan",
        "veg"
      ]
    },
    {
      "name": "Hot Fantasy",
      "description": "Spice Up Your Mood With Jalapenos, Red Paprika, Mushrooms, Yellow Bell Pepper And Tangy Tomatoes With Jalape? Dip Sauce & Extra Cheese",
      "media": "https://b.zmtcdn.com/data/dish_photos/ce6/78e799fb8a5c53199c3546d000abdce6.jpeg",
      "price": 0,
      "menuName": "Pizza",
      "categoryName": "Legend Pizza",
      "slugs": [
        "veg",
        "restaurant-recommended",
        "services",
        "sf-spicy",
        "sf-not-vegan",
        "delivery-enabled",
        "delivery-enabled",
        "veg",
        "restaurant-recommended",
        "services",
        "sf-spicy",
        "sf-not-vegan",
        "veg"
      ]
    },
    {
      "name": "Indian Tikka Mashala",
      "description": "Mouth-watering paneer tikka, Onion, Capsicum, Yellow bell paper, Mushroom, Jalapeños with our delicious secret dip",
      "media": "https://b.zmtcdn.com/data/dish_photos/c18/3e5d9508d8d7a9bdc50a5eb5c394ec18.png",
      "price": 0,
      "menuName": "Pizza",
      "categoryName": "Legend Pizza",
      "slugs": [
        "veg",
        "services",
        "sf-kid-friendly",
        "sf-not-vegan",
        "delivery-enabled",
        "delivery-enabled",
        "veg",
        "services",
        "sf-kid-friendly",
        "sf-not-vegan",
        "veg"
      ]
    },
    {
      "name": "Italian Retreat Pizza",
      "description": "Flavourful Combination Of Olives, Red Paprika, Yellow Bell Pepper, Tomatoes , Fresh Paneer & Capsicum Along With Jalapeno Dip",
      "media": "https://b.zmtcdn.com/data/dish_photos/07b/3ebfbe37488a9c2af5113c923a7db07b.jpeg",
      "price": 0,
      "menuName": "Pizza",
      "categoryName": "Legend Pizza",
      "slugs": [
        "veg",
        "services",
        "sf-spicy",
        "sf-not-vegan",
        "delivery-enabled",
        "delivery-enabled",
        "veg",
        "services",
        "sf-spicy",
        "sf-not-vegan",
        "veg"
      ]
    },
    {
      "name": "Korma Ka Karishma",
      "description": "Rich, Flavourful Pizza Topped With Fresh Paneer, Crisp Capsicum, Red Paprika, Sweet Corn & Baby Corn In Korma Dip",
      "media": "https://b.zmtcdn.com/data/dish_photos/14f/0635494a023ac0ee00dc7e8f9e0f614f.jpeg",
      "price": 0,
      "menuName": "Pizza",
      "categoryName": "Legend Pizza",
      "slugs": [
        "veg",
        "services",
        "sf-spicy",
        "sf-not-vegan",
        "delivery-enabled",
        "delivery-enabled",
        "veg",
        "services",
        "sf-spicy",
        "sf-not-vegan",
        "veg"
      ]
    },
    {
      "name": "Mac Cheesy",
      "description": "Lip-Smacking Creamy Macaroni, Crispy Capsicum,Onions,Baby Corn, Olives With Extra Cheese",
      "media": "https://b.zmtcdn.com/data/dish_photos/8dc/9cb33e55c10ff21df97ad77c6a43e8dc.jpeg",
      "price": 0,
      "menuName": "Pizza",
      "categoryName": "Legend Pizza",
      "slugs": [
        "veg",
        "services",
        "sf-kid-friendly",
        "sf-not-vegan",
        "delivery-enabled",
        "delivery-enabled",
        "veg",
        "services",
        "sf-kid-friendly",
        "sf-not-vegan",
        "veg"
      ]
    },
    {
      "name": "Martinoz Cottage Cheese Pizza",
      "description": "Nutritious Combination Of Cottage Cheese, Green&Red Bell Paper,Juicy American Corn And Onions With Cheesy Sauce",
      "media": "https://b.zmtcdn.com/data/dish_photos/b60/25e037563ba641756e025c682a3e8b60.jpeg",
      "price": 0,
      "menuName": "Pizza",
      "categoryName": "Legend Pizza",
      "slugs": [
        "veg",
        "restaurant-recommended",
        "services",
        "sf-kid-friendly",
        "sf-not-vegan",
        "delivery-enabled",
        "delivery-enabled",
        "veg",
        "restaurant-recommended",
        "services",
        "sf-kid-friendly",
        "sf-not-vegan",
        "veg"
      ]
    },
    {
      "name": "Morocco Fusion",
      "description": "A Supreme combination of jalapenos, Red paprika, sweet corn, onion and baby corn with flavourful Moroccon fusion dip",
      "media": "https://b.zmtcdn.com/data/dish_photos/fa6/ae6ec56474b70b85b12b1a8fd1e82fa6.png",
      "price": 0,
      "menuName": "Pizza",
      "categoryName": "Legend Pizza",
      "slugs": [
        "veg",
        "services",
        "sf-spicy",
        "delivery-enabled",
        "delivery-enabled",
        "veg",
        "services",
        "sf-spicy",
        "veg"
      ]
    },
    {
      "name": "Peri Peri Pizza",
      "description": "Paneer Chunks With Your Favourite Toppings Of Mushroom, Olives, Red&Green Bell Paper,Onions & Delicious Cheese",
      "media": "https://b.zmtcdn.com/data/dish_photos/88a/21c752840715447827111ebd206ca88a.jpeg",
      "price": 0,
      "menuName": "Pizza",
      "categoryName": "Legend Pizza",
      "slugs": [
        "veg",
        "services",
        "sf-spicy",
        "sf-not-vegan",
        "delivery-enabled",
        "delivery-enabled",
        "veg",
        "services",
        "sf-spicy",
        "sf-not-vegan",
        "veg"
      ]
    },
    {
      "name": "Punjab Da Paneer Tadka",
      "description": "Flavourful Twist Of Cheesy Sauce With Paneer Tikka, Chopped Onions, Red Paprika, Capsicum, Mozzarella & Cheddar",
      "media": "https://b.zmtcdn.com/data/dish_photos/982/059ce7bc1e23641763f5f1146b77f982.jpeg",
      "price": 0,
      "menuName": "Pizza",
      "categoryName": "Legend Pizza",
      "slugs": [
        "veg",
        "restaurant-recommended",
        "services",
        "sf-spicy",
        "sf-not-vegan",
        "delivery-enabled",
        "delivery-enabled",
        "veg",
        "restaurant-recommended",
        "services",
        "sf-spicy",
        "sf-not-vegan",
        "veg"
      ]
    },
    {
      "name": "Rome Chipotle",
      "description": "Absolutely feast of red bell pepper, Capsicum, Olives, Onion and Golden corn over Mexican Chipotle Dip",
      "media": "https://b.zmtcdn.com/data/dish_photos/2ae/7b6d6e15b70ba6fc67831758d5d2d2ae.png",
      "price": 0,
      "menuName": "Pizza",
      "categoryName": "Legend Pizza",
      "slugs": [
        "veg",
        "services",
        "sf-spicy",
        "delivery-enabled",
        "delivery-enabled",
        "veg",
        "services",
        "sf-spicy",
        "veg"
      ]
    },
    {
      "name": "Salsa Mexicano",
      "description": "Tangy & Spicy Flavours Of Fresh Onion, Jalapenos, Bell Pepper, Sweet Corn, Olives In Delicious Mexican Salsa Dip With Blend Of Cheese",
      "media": "https://b.zmtcdn.com/data/dish_photos/0d5/4a15fbb39aa5f506507eb55b93a290d5.jpeg",
      "price": 0,
      "menuName": "Pizza",
      "categoryName": "Legend Pizza",
      "slugs": [
        "veg",
        "services",
        "sf-spicy",
        "sf-not-vegan",
        "delivery-enabled",
        "delivery-enabled",
        "veg",
        "services",
        "sf-spicy",
        "sf-not-vegan",
        "veg"
      ]
    },
    {
      "name": "Schezwan Thunder",
      "description": "Pizza Topped with spicy schezwan sauce crunchy capsicum, onion, mushroom, red paprika sween corn & real mozzarella & cheddar making it spice lovers paradise.",
      "media": "https://b.zmtcdn.com/data/dish_photos/b84/1121b35c8968c71dba5e3e478a251b84.jpeg",
      "price": 0,
      "menuName": "Pizza",
      "categoryName": "Legend Pizza",
      "slugs": [
        "veg",
        "services",
        "sf-spicy",
        "delivery-enabled",
        "delivery-enabled",
        "veg",
        "services",
        "sf-spicy",
        "veg"
      ]
    },
    {
      "name": "Smokey Barbeque",
      "description": "Flavourful Trio of Onion, Capsicum and Smokey barbeque paneer with Cheese Dip",
      "media": "https://b.zmtcdn.com/data/dish_photos/c11/493c2aec91e065d86229d41745c63c11.png",
      "price": 0,
      "menuName": "Pizza",
      "categoryName": "Legend Pizza",
      "slugs": [
        "veg",
        "services",
        "sf-kid-friendly",
        "sf-not-vegan",
        "delivery-enabled",
        "delivery-enabled",
        "veg",
        "services",
        "sf-kid-friendly",
        "sf-not-vegan",
        "veg"
      ]
    },
    {
      "name": "Tandoori Touch",
      "description": "A Delectable Combination Of Double Paneer,Capsicum, Jalape?s, Juicy American Corn & Red Paprika In Korma Dip",
      "media": "https://b.zmtcdn.com/data/dish_photos/b64/643cb105d9ec8ef7cd0c97af9c426b64.jpeg",
      "price": 0,
      "menuName": "Pizza",
      "categoryName": "Legend Pizza",
      "slugs": [
        "veg",
        "restaurant-recommended",
        "services",
        "sf-spicy",
        "sf-not-vegan",
        "delivery-enabled",
        "delivery-enabled",
        "veg",
        "restaurant-recommended",
        "services",
        "sf-spicy",
        "sf-not-vegan",
        "veg"
      ]
    },
    {
      "name": "Texas Treat Pizza",
      "description": "A Pizza Loaded With Tangy Tomatoes, Baby Corn,Jalapenos,Mushrooms And Capsicum In Lip Smacking Peri-Peri Dip",
      "media": "https://b.zmtcdn.com/data/dish_photos/c62/13035910e3c6e11f3297debb26bf7c62.jpeg",
      "price": 0,
      "menuName": "Pizza",
      "categoryName": "Legend Pizza",
      "slugs": [
        "veg",
        "services",
        "sf-spicy",
        "delivery-enabled",
        "delivery-enabled",
        "veg",
        "services",
        "sf-spicy",
        "veg"
      ]
    },
    {
      "name": "Wild Garlic Pizza",
      "description": "Only For True Garlic Lover's. Presenting Hot Garlic Dip With Onion, Crispy Capsicum, Fresh Paneer, Mushrooms And Jalapeno",
      "media": "https://b.zmtcdn.com/data/dish_photos/271/ad7c657123a820673dde2cab6b21a271.jpeg",
      "price": 0,
      "menuName": "Pizza",
      "categoryName": "Legend Pizza",
      "slugs": [
        "veg",
        "services",
        "sf-kid-friendly",
        "sf-not-vegan",
        "delivery-enabled",
        "delivery-enabled",
        "veg",
        "services",
        "sf-kid-friendly",
        "sf-not-vegan",
        "veg"
      ]
    },
    {
      "name": "Veg Avengers",
      "description": "All The Veg. Toppings With Extra Cheese",
      "media": "https://b.zmtcdn.com/data/dish_photos/31b/c0de17cc3123fc94834270629dfc231b.jpeg",
      "price": 0,
      "menuName": "Pizza",
      "categoryName": "Ultra Legend Pizza",
      "slugs": [
        "veg",
        "services",
        "sf-kid-friendly",
        "sf-not-vegan",
        "delivery-enabled",
        "delivery-enabled",
        "veg",
        "services",
        "sf-kid-friendly",
        "sf-not-vegan",
        "veg"
      ]
    },
    {
      "name": "Pocket Friendly Combo 1",
      "description": "Punjab Da Paneer Tadka (Regular 7\" inch)  + Stuffed Garlic Bread Sticks  + Coke (250ml)",
      "media": "https://b.zmtcdn.com/data/dish_photos/3d2/213a7423a748d12a7ec93e58aea663d2.jpeg",
      "price": 399,
      "menuName": "Combos",
      "categoryName": "",
      "slugs": [
        "veg",
        "services",
        "sf-not-vegan",
        "delivery-enabled",
        "delivery-enabled",
        "veg",
        "services",
        "sf-not-vegan",
        "veg"
      ]
    },
    {
      "name": "Pocket Friendly Combo 2",
      "description": "9 cheesy (Regular 7\" inch)  + Paneer Tikka Garlic Bread  + Coke (250)",
      "media": "https://b.zmtcdn.com/data/dish_photos/5fc/6af490f862c7d47268ef5232790855fc.jpeg",
      "price": 429,
      "menuName": "Combos",
      "categoryName": "",
      "slugs": [
        "veg",
        "services",
        "sf-not-vegan",
        "delivery-enabled",
        "delivery-enabled",
        "veg",
        "services",
        "sf-not-vegan",
        "veg"
      ]
    },
    {
      "name": "Pocket Friendly Combo 3",
      "description": "Martino'z cottage cheese pizza (Medium 10\" inch) + Cheesy garlic bread+ Coke (250)",
      "media": "https://b.zmtcdn.com/data/dish_photos/f8f/a67893d6c9792cca3063971544760f8f.jpeg",
      "price": 629,
      "menuName": "Combos",
      "categoryName": "",
      "slugs": [
        "veg",
        "services",
        "sf-not-vegan",
        "delivery-enabled",
        "delivery-enabled",
        "veg",
        "services",
        "sf-not-vegan",
        "veg"
      ]
    },
    {
      "name": "Premium Veg Pack Of 4",
      "description": "Onion & Capsicum/Capsicum &Paneer| Onion & Paneer / Jalapeno & Olives",
      "media": "https://b.zmtcdn.com/data/dish_photos/be0/d7f66888da9d0ea0eec67e050d985be0.png",
      "price": 559,
      "menuName": "Pack Of 4",
      "categoryName": "",
      "slugs": [
        "veg",
        "restaurant-recommended",
        "services",
        "sf-not-vegan",
        "delivery-enabled",
        "delivery-enabled",
        "veg",
        "restaurant-recommended",
        "services",
        "sf-not-vegan",
        "veg"
      ]
    },
    {
      "name": "Single Veg Pack Of 4",
      "description": "Onion|Tomatoes|Capsicum|Sweet Corn",
      "media": "https://b.zmtcdn.com/data/dish_photos/ac0/7e50af8527f91198ef406ca9fe2fdac0.png",
      "price": 369,
      "menuName": "Pack Of 4",
      "categoryName": "",
      "slugs": [
        "veg",
        "services",
        "delivery-enabled",
        "delivery-enabled",
        "veg",
        "services",
        "veg"
      ]
    },
    {
      "name": "Cheesy Garlic Bread",
      "description": "",
      "media": "https://b.zmtcdn.com/data/dish_photos/2a5/10255dcd3ed90b1e117757183e7332a5.jpeg",
      "price": 119,
      "menuName": "Garlic Breads",
      "categoryName": "",
      "slugs": [
        "veg",
        "services",
        "sf-not-vegan",
        "delivery-enabled",
        "delivery-enabled",
        "veg",
        "services",
        "sf-not-vegan",
        "veg"
      ]
    },
    {
      "name": "Corn & Chilli Garlic Bread",
      "description": "",
      "media": "https://b.zmtcdn.com/data/dish_photos/03c/717329746a8fe787f6b1809cf9dcc03c.jpeg",
      "price": 125,
      "menuName": "Garlic Breads",
      "categoryName": "",
      "slugs": [
        "veg",
        "services",
        "delivery-enabled",
        "delivery-enabled",
        "veg",
        "services",
        "veg"
      ]
    },
    {
      "name": "Onion & Chilli Garlic Bread",
      "description": "",
      "media": "https://b.zmtcdn.com/data/dish_photos/be8/1748409b7913070792d664f3ebbbbbe8.jpeg",
      "price": 125,
      "menuName": "Garlic Breads",
      "categoryName": "",
      "slugs": [
        "veg",
        "services",
        "delivery-enabled",
        "delivery-enabled",
        "veg",
        "services",
        "veg"
      ]
    },
    {
      "name": "Paneer Tikka Garlic Bread",
      "description": "Paneer Tikka & Red Paprica",
      "media": "https://b.zmtcdn.com/data/dish_photos/123/99c3ade14a7000e7531a13571389d123.jpeg",
      "price": 139,
      "menuName": "Garlic Breads",
      "categoryName": "",
      "slugs": [
        "veg",
        "services",
        "sf-not-vegan",
        "delivery-enabled",
        "delivery-enabled",
        "veg",
        "services",
        "sf-not-vegan",
        "veg"
      ]
    },
    {
      "name": "Plain Garlic Bread",
      "description": "",
      "media": "https://b.zmtcdn.com/data/dish_photos/e8e/4d2146a1d677d4beb5eea2907dd76e8e.jpeg",
      "price": 99,
      "menuName": "Garlic Breads",
      "categoryName": "",
      "slugs": [
        "veg",
        "services",
        "delivery-enabled",
        "delivery-enabled",
        "veg",
        "services",
        "veg"
      ]
    },
    {
      "name": "Supreme Garlic Bread",
      "description": "Sweet Corn, Onion,Jalapeno, Olives",
      "media": "https://b.zmtcdn.com/data/dish_photos/a3e/14979fde3c1948c2091b2a0af3e12a3e.jpeg",
      "price": 139,
      "menuName": "Garlic Breads",
      "categoryName": "",
      "slugs": [
        "veg",
        "services",
        "delivery-enabled",
        "delivery-enabled",
        "veg",
        "services",
        "veg"
      ]
    },
    {
      "name": "5 Cheese Stuff Garlic Bread",
      "description": "Freshly Baked Garlic Bread Stuffed With Sweet Corn,Spicy Jalapenos, Mozzarella Cheese, Cheddar Cheese, Monterey Jack, Colby & Orange Cheddar  Cheese",
      "media": "https://b.zmtcdn.com/data/dish_photos/c9f/f94c340bd77b25f59790e293dff3ec9f.jpeg",
      "price": 185,
      "menuName": "Stuffed & Sticks",
      "categoryName": "",
      "slugs": [
        "veg",
        "restaurant-recommended",
        "services",
        "sf-spicy",
        "sf-not-vegan",
        "delivery-enabled",
        "delivery-enabled",
        "veg",
        "restaurant-recommended",
        "services",
        "sf-spicy",
        "sf-not-vegan",
        "veg"
      ]
    },
    {
      "name": "Cheddar Garlic Sticks",
      "description": "",
      "media": "https://b.zmtcdn.com/data/dish_photos/8bc/7087188107a3b6997454006d29a568bc.jpeg",
      "price": 185,
      "menuName": "Stuffed & Sticks",
      "categoryName": "",
      "slugs": [
        "veg",
        "services",
        "delivery-enabled",
        "delivery-enabled",
        "veg",
        "services",
        "veg"
      ]
    },
    {
      "name": "Italian Garlic Stick",
      "description": "",
      "media": "https://b.zmtcdn.com/data/dish_photos/630/2affffd19fb76c6f92fa24170620f630.jpeg",
      "price": 135,
      "menuName": "Stuffed & Sticks",
      "categoryName": "",
      "slugs": [
        "veg",
        "services",
        "delivery-enabled",
        "delivery-enabled",
        "veg",
        "services",
        "veg"
      ]
    },
    {
      "name": "Paneer Tikka Stuffed Garlic Stick",
      "description": "",
      "media": "https://b.zmtcdn.com/data/dish_photos/aae/5ca169f18d631191fe151cffde994aae.jpeg",
      "price": 185,
      "menuName": "Stuffed & Sticks",
      "categoryName": "",
      "slugs": [
        "veg",
        "services",
        "sf-not-vegan",
        "delivery-enabled",
        "delivery-enabled",
        "veg",
        "services",
        "sf-not-vegan",
        "veg"
      ]
    },
    {
      "name": "Schezwan Stuffed Garlic Stick",
      "description": "",
      "media": "https://b.zmtcdn.com/data/dish_photos/c59/6ec24bbf5659216856f58e57df5fdc59.jpeg",
      "price": 185,
      "menuName": "Stuffed & Sticks",
      "categoryName": "",
      "slugs": [
        "veg",
        "services",
        "sf-spicy",
        "delivery-enabled",
        "delivery-enabled",
        "veg",
        "services",
        "sf-spicy",
        "veg"
      ]
    },
    {
      "name": "Stuffed Garlic Bread Sticks",
      "description": "Sweet Corn ,Jalape? With Cheese",
      "media": "https://b.zmtcdn.com/data/dish_photos/6a0/cee426ff5b669b393328cb54bd1226a0.jpeg",
      "price": 175,
      "menuName": "Stuffed & Sticks",
      "categoryName": "",
      "slugs": [
        "veg",
        "services",
        "sf-not-vegan",
        "delivery-enabled",
        "delivery-enabled",
        "veg",
        "services",
        "sf-not-vegan",
        "veg"
      ]
    },
    {
      "name": "Desi Bruschetta",
      "description": "Finely chopped onion, green chilli & cheese",
      "media": "https://b.zmtcdn.com/data/dish_photos/12c/f58e9233b8d17a4b846695c37632f12c.jpeg",
      "price": 135,
      "menuName": "Bruschetta",
      "categoryName": "",
      "slugs": [
        "veg",
        "services",
        "sf-not-vegan",
        "delivery-enabled",
        "delivery-enabled",
        "veg",
        "services",
        "sf-not-vegan",
        "veg"
      ]
    },
    {
      "name": "Videsi Bruschetta",
      "description": "Finely chopped jalapeno, olive, red paprika , capsicum, green chilli & cheese",
      "media": "https://b.zmtcdn.com/data/dish_photos/c4e/4b72cde69c134575d0298b9aa5377c4e.jpeg",
      "price": 149,
      "menuName": "Bruschetta",
      "categoryName": "",
      "slugs": [
        "veg",
        "services",
        "sf-spicy",
        "sf-not-vegan",
        "delivery-enabled",
        "delivery-enabled",
        "veg",
        "services",
        "sf-spicy",
        "sf-not-vegan",
        "veg"
      ]
    },
    {
      "name": "Arabitta Pasta",
      "description": "Secret dip, onion, Capsicum, Paprika & mushrooms",
      "media": "https://b.zmtcdn.com/data/dish_photos/65d/ce0620f3bcc9e0e8ce3c7a42e906865d.jpeg",
      "price": 195,
      "menuName": "Pasta",
      "categoryName": "",
      "slugs": [
        "veg",
        "services",
        "sf-spicy",
        "delivery-enabled",
        "delivery-enabled",
        "veg",
        "services",
        "sf-spicy",
        "veg"
      ]
    },
    {
      "name": "Cheesy White Sauce Pasta",
      "description": "Onion, Capsicum, Mushrooms, Olives & sweet corn",
      "media": "https://b.zmtcdn.com/data/dish_photos/c8a/b74cd70b3cb166cf9b6f26cfad1e3c8a.jpeg",
      "price": 195,
      "menuName": "Pasta",
      "categoryName": "",
      "slugs": [
        "veg",
        "services",
        "sf-not-vegan",
        "delivery-enabled",
        "delivery-enabled",
        "veg",
        "services",
        "sf-not-vegan",
        "veg"
      ]
    },
    {
      "name": "Mix Sauce Pasta",
      "description": "Onion, Capsicum, Paneer, Mushroom",
      "media": "https://b.zmtcdn.com/data/dish_photos/3a4/afa8f1da469183458709693d9d16b3a4.jpeg",
      "price": 195,
      "menuName": "Pasta",
      "categoryName": "",
      "slugs": [
        "veg",
        "services",
        "sf-not-vegan",
        "delivery-enabled",
        "delivery-enabled",
        "veg",
        "services",
        "sf-not-vegan",
        "veg"
      ]
    },
    {
      "name": "Spicy Maxi Pasta",
      "description": "Exotic Red Sauce With Olives, Capsicum, Mushrooms & Onions",
      "media": "https://b.zmtcdn.com/data/dish_photos/491/ba341470e731c9a3b71cbc339611c491.jpeg",
      "price": 195,
      "menuName": "Pasta",
      "categoryName": "",
      "slugs": [
        "veg",
        "services",
        "sf-spicy",
        "delivery-enabled",
        "delivery-enabled",
        "veg",
        "services",
        "sf-spicy",
        "veg"
      ]
    },
    {
      "name": "Mushroom Corn & Onion Tacos",
      "description": "",
      "media": "https://b.zmtcdn.com/data/dish_photos/3ad/f13ddf6b2b42958892bffbe8667473ad.jpeg",
      "price": 165,
      "menuName": "Tacos",
      "categoryName": "",
      "slugs": [
        "veg",
        "services",
        "sf-kid-friendly",
        "delivery-enabled",
        "delivery-enabled",
        "veg",
        "services",
        "sf-kid-friendly",
        "veg"
      ]
    },
    {
      "name": "Paneer & Corn Tacos",
      "description": "",
      "media": "https://b.zmtcdn.com/data/dish_photos/8f2/da5c1fbda8d04b30bec40a00ceb8c8f2.jpeg",
      "price": 165,
      "menuName": "Tacos",
      "categoryName": "",
      "slugs": [
        "veg",
        "services",
        "sf-kid-friendly",
        "sf-not-vegan",
        "delivery-enabled",
        "delivery-enabled",
        "veg",
        "services",
        "sf-kid-friendly",
        "sf-not-vegan",
        "veg"
      ]
    },
    {
      "name": "Paneer Tikka & Red Paprika Tacos",
      "description": "",
      "media": "https://b.zmtcdn.com/data/dish_photos/f2c/38d7d6b1716038af9bf4955564ac6f2c.jpeg",
      "price": 165,
      "menuName": "Tacos",
      "categoryName": "",
      "slugs": [
        "veg",
        "combo-item",
        "services",
        "value-meal",
        "sf-spicy",
        "sf-not-vegan",
        "delivery-enabled",
        "delivery-enabled",
        "veg",
        "combo-item",
        "services",
        "value-meal",
        "sf-spicy",
        "sf-not-vegan",
        "veg"
      ]
    },
    {
      "name": "Schezwan Paneer & Red Paprika Tacos",
      "description": "",
      "media": "https://b.zmtcdn.com/data/dish_photos/a46/676e45835f07fdca8c5dd93634589a46.jpeg",
      "price": 165,
      "menuName": "Tacos",
      "categoryName": "",
      "slugs": [
        "veg",
        "services",
        "sf-spicy",
        "sf-not-vegan",
        "delivery-enabled",
        "delivery-enabled",
        "veg",
        "services",
        "sf-spicy",
        "sf-not-vegan",
        "veg"
      ]
    },
    {
      "name": "Mushroom Olive Cheese Quesadillas",
      "description": "",
      "media": "https://b.zmtcdn.com/data/dish_photos/4d2/99ec945193eb3984c2e66276f6be74d2.jpeg",
      "price": 165,
      "menuName": "Quesadilla",
      "categoryName": "",
      "slugs": [
        "veg",
        "services",
        "sf-not-vegan",
        "delivery-enabled",
        "delivery-enabled",
        "veg",
        "services",
        "sf-not-vegan",
        "veg"
      ]
    },
    {
      "name": "Paneer Sweet Corn Cheese Quesadillas",
      "description": "",
      "media": "https://b.zmtcdn.com/data/dish_photos/7bc/c7a4ed853d189320c647b9350d4eb7bc.jpeg",
      "price": 165,
      "menuName": "Quesadilla",
      "categoryName": "",
      "slugs": [
        "veg",
        "services",
        "sf-not-vegan",
        "delivery-enabled",
        "delivery-enabled",
        "veg",
        "services",
        "sf-not-vegan",
        "veg"
      ]
    },
    {
      "name": "Mac & Cheese Veg",
      "description": "",
      "media": "https://b.zmtcdn.com/data/dish_photos/86c/4ab8c358134d7e2f59cb82ed0af9b86c.jpeg",
      "price": 175,
      "menuName": "Mac & Cheese",
      "categoryName": "",
      "slugs": [
        "veg",
        "services",
        "sf-not-vegan",
        "delivery-enabled",
        "delivery-enabled",
        "veg",
        "services",
        "sf-not-vegan",
        "veg"
      ]
    },
    {
      "name": "Smoke Chilly Mac",
      "description": "",
      "media": "https://b.zmtcdn.com/data/dish_photos/73e/f7319742be4e8b935fe0b56834a9373e.jpeg",
      "price": 175,
      "menuName": "Mac & Cheese",
      "categoryName": "",
      "slugs": [
        "veg",
        "services",
        "sf-not-vegan",
        "delivery-enabled",
        "delivery-enabled",
        "veg",
        "services",
        "sf-not-vegan",
        "veg"
      ]
    },
    {
      "name": "Choco Lava Cake",
      "description": "",
      "media": "https://b.zmtcdn.com/data/dish_photos/79a/7d1cc9a61cc3b3b39c26dbc2d5a7579a.jpeg",
      "price": 140,
      "menuName": "Desserts",
      "categoryName": "",
      "slugs": [
        "veg",
        "restaurant-recommended",
        "services",
        "delivery-enabled",
        "delivery-enabled",
        "veg",
        "restaurant-recommended",
        "services",
        "veg"
      ]
    },
    {
      "name": "Coca Cola (250 Ml)",
      "description": "",
      "media": "https://b.zmtcdn.com/data/dish_photos/f58/6c9a6ad8650389ec1aac8fe85411df58.jpeg",
      "price": 28.5,
      "menuName": "Drinks (Beverages)",
      "categoryName": "",
      "slugs": [
        "veg",
        "coke",
        "restaurant-recommended",
        "mrp-item",
        "non-gold",
        "non-promo",
        "packaged",
        "non-refundable",
        "commission-free",
        "services",
        "mrp-commission",
        "delivery-enabled",
        "delivery-enabled",
        "veg",
        "coke",
        "restaurant-recommended",
        "mrp-item",
        "non-gold",
        "non-promo",
        "packaged",
        "non-refundable",
        "commission-free",
        "services",
        "mrp-commission",
        "veg"
      ]
    },
    {
      "name": "Coca Cola (750 Ml)",
      "description": "",
      "media": "https://b.zmtcdn.com/data/dish_photos/970/93b2ebce41690e1d206037aaec6cd970.png",
      "price": 57,
      "menuName": "Drinks (Beverages)",
      "categoryName": "",
      "slugs": [
        "veg",
        "coke",
        "restaurant-recommended",
        "mrp-item",
        "non-gold",
        "non-promo",
        "packaged",
        "non-refundable",
        "commission-free",
        "services",
        "mrp-commission",
        "delivery-enabled",
        "delivery-enabled",
        "veg",
        "coke",
        "restaurant-recommended",
        "mrp-item",
        "non-gold",
        "non-promo",
        "packaged",
        "non-refundable",
        "commission-free",
        "services",
        "mrp-commission",
        "veg"
      ]
    },
    {
      "name": "Thumps Up (250 Ml)",
      "description": "",
      "media": "https://b.zmtcdn.com/data/dish_photos/a26/1cb18ce214926a8a0f9a353a027e0a26.png",
      "price": 28.5,
      "menuName": "Drinks (Beverages)",
      "categoryName": "",
      "slugs": [
        "veg",
        "restaurant-recommended",
        "services",
        "delivery-enabled",
        "delivery-enabled",
        "veg",
        "restaurant-recommended",
        "services",
        "veg"
      ]
    },
    {
      "name": "Thums Up (750 Ml)",
      "description": "",
      "media": "https://b.zmtcdn.com/data/dish_photos/190/97672a04cb386d981f998731fc0c6190.png",
      "price": 57,
      "menuName": "Drinks (Beverages)",
      "categoryName": "",
      "slugs": [
        "veg",
        "thums-up",
        "restaurant-recommended",
        "mrp-item",
        "non-gold",
        "non-promo",
        "packaged",
        "non-refundable",
        "commission-free",
        "services",
        "mrp-commission",
        "delivery-enabled",
        "delivery-enabled",
        "veg",
        "thums-up",
        "restaurant-recommended",
        "mrp-item",
        "non-gold",
        "non-promo",
        "packaged",
        "non-refundable",
        "commission-free",
        "services",
        "mrp-commission",
        "veg"
      ]
    },
    {
      "name": "Cheese",
      "description": "",
      "media": "https://b.zmtcdn.com/data/dish_photos/659/c65e94cc092210bc18d1ca170d51e659.jpeg",
      "price": 25,
      "menuName": "Dips",
      "categoryName": "",
      "slugs": [
        "veg",
        "mrp-item",
        "non-gold",
        "non-promo",
        "non-refundable",
        "goods",
        "mrp-commission",
        "sf-not-vegan",
        "delivery-enabled",
        "delivery-enabled",
        "veg",
        "mrp-item",
        "non-gold",
        "non-promo",
        "non-refundable",
        "goods",
        "mrp-commission",
        "sf-not-vegan",
        "veg"
      ]
    },
    {
      "name": "Hot & Garlic",
      "description": "",
      "media": "https://b.zmtcdn.com/data/dish_photos/dfc/db80c3c796d6bd291ec89fe269103dfc.jpeg",
      "price": 25,
      "menuName": "Dips",
      "categoryName": "",
      "slugs": [
        "veg",
        "mrp-item",
        "non-gold",
        "non-promo",
        "non-refundable",
        "goods",
        "mrp-commission",
        "delivery-enabled",
        "delivery-enabled",
        "veg",
        "mrp-item",
        "non-gold",
        "non-promo",
        "non-refundable",
        "goods",
        "mrp-commission",
        "veg"
      ]
    },
    {
      "name": "Jelepino",
      "description": "",
      "media": "https://b.zmtcdn.com/data/dish_photos/fb8/478e0002436549145c4c81fca5e2afb8.jpeg",
      "price": 25,
      "menuName": "Dips",
      "categoryName": "",
      "slugs": [
        "veg",
        "mrp-item",
        "non-gold",
        "non-promo",
        "non-refundable",
        "goods",
        "mrp-commission",
        "delivery-enabled",
        "delivery-enabled",
        "veg",
        "mrp-item",
        "non-gold",
        "non-promo",
        "non-refundable",
        "goods",
        "mrp-commission",
        "veg"
      ]
    },
    {
      "name": "Peri Peri",
      "description": "",
      "media": "https://b.zmtcdn.com/data/dish_photos/c3f/28fab83a43c7a6e09a3c56781c5f9c3f.jpeg",
      "price": 25,
      "menuName": "Dips",
      "categoryName": "",
      "slugs": [
        "veg",
        "mrp-item",
        "non-gold",
        "non-promo",
        "non-refundable",
        "goods",
        "mrp-commission",
        "delivery-enabled",
        "delivery-enabled",
        "veg",
        "mrp-item",
        "non-gold",
        "non-promo",
        "non-refundable",
        "goods",
        "mrp-commission",
        "veg"
      ]
    }
  ]
}