{
  "basicInfo": {
    "name": "MH-01 The Real Taste Of Mumbai",
    "cuisine_string": "Chinese, North Indian, Sichuan",
    "canonicalUrl": "https://www.zomato.com/surat/mh-01-the-real-taste-of-mumbai-althan-bhatar/order"
  },
  "ratings": {
    "DINING": {
      "rating_type": "DINING",
      "rating": "4.1",
      "reviewCount": "37",
      "reviewTextSmall": "37 Reviews",
      "subtext": "37 Dining Reviews",
      "color": "#1C1C1C",
      "ratingV2": "4.1",
      "subtitle": "DINING",
      "sideSubTitle": "Dining Ratings",
      "bgColorV2": {
        "type": "green",
        "tint": "700"
      },
      "newOnDining": false
    },
    "DELIVERY": {
      "rating_type": "DELIVERY",
      "rating": "3.7",
      "reviewCount": "540",
      "reviewTextSmall": "540 Reviews",
      "subtext": "540 Delivery Reviews",
      "color": "#E23744",
      "ratingV2": "3.7",
      "subtitle": "DELIVERY",
      "sideSubTitle": "Delivery Ratings",
      "bgColorV2": {
        "type": "green",
        "tint": "600"
      },
      "newOnDelivery": false
    }
  },
  "establishment": {
    "city_id": 38,
    "city_name": "Surat",
    "country_id": 1,
    "country_name": "India",
    "zipcode": "395001",
    "is_dark_kitchen": false,
    "locality_verbose": "Althan Bhatar, Surat",
    "latitude": "21.1639375595",
    "longitude": "72.8091420606",
    "static_map_url": "https://maps.zomato.com/php/staticmap?center=21.1639375595,72.8091420606&maptype=zomato&markers=21.1639375595,72.8091420606,pin_res32&sensor=false&scale=2&zoom=16&language=en&size=240x150&size=400x240",
    "address": "Survey 76 P, 23/B, Ravi Darshan Society, Near Vanita Park, Althan Bhatar, Surat",
    "is_phone_available": 1,
    "phoneDetails": {
      "title": "Phone Numbers",
      "phoneStr": "+917972744845"
    },
    "res_chain_text": "",
    "res_group_text": "",
    "res_chain_url": "",
    "res_group_url": "",
    "show_res_map": true
  },
  "items": [
    {
      "name": "Dry Manchurian + Jeera Soda",
      "description": "",
      "media": "https://b.zmtcdn.com/data/dish_photos/2d1/d4da65c1fe0e245dea095cd340a802d1.jpg",
      "price": 190,
      "menuName": "Zomato Special Combos",
      "categoryName": "",
      "slugs": [
        "veg",
        "restaurant-recommended",
        "combo-item",
        "services",
        "delivery-enabled",
        "delivery-enabled",
        "veg",
        "restaurant-recommended",
        "combo-item",
        "services",
        "veg"
      ]
    },
    {
      "name": "Dry manchurian + Masala Maggi + 2 Jeera Soda",
      "description": "",
      "media": "https://b.zmtcdn.com/data/dish_photos/2d1/d4da65c1fe0e245dea095cd340a802d1.jpg",
      "price": 260,
      "menuName": "Zomato Special Combos",
      "categoryName": "",
      "slugs": [
        "veg",
        "combo-item",
        "zpl-combo",
        "services",
        "delivery-enabled",
        "delivery-enabled",
        "veg",
        "combo-item",
        "zpl-combo",
        "services",
        "veg"
      ]
    },
    {
      "name": "Paneer Cheese Frankie with Cheese Burger and Jeera Soda",
      "description": "Frankie Size (11 inch, Jumbo)",
      "media": null,
      "price": 255,
      "menuName": "Zomato Special Combos",
      "categoryName": "",
      "slugs": [
        "veg",
        "combo-item",
        "services",
        "sf-not-vegan",
        "delivery-enabled",
        "delivery-enabled",
        "veg",
        "combo-item",
        "services",
        "sf-not-vegan",
        "veg"
      ]
    },
    {
      "name": "Fried Rice + Chatpata Fries + Jeera Soda",
      "description": "",
      "media": "https://b.zmtcdn.com/data/dish_photos/772/c097578cae533475a5ee9a18aecec772.jpg",
      "price": 270,
      "menuName": "Zomato Special Combos",
      "categoryName": "",
      "slugs": [
        "veg",
        "combo-item",
        "zpl-combo",
        "services",
        "delivery-enabled",
        "delivery-enabled",
        "veg",
        "combo-item",
        "zpl-combo",
        "services",
        "veg"
      ]
    },
    {
      "name": "Garlic Bread [4 Pieces] with Shezwan Maggi and Jeera Soda",
      "description": "",
      "media": "https://b.zmtcdn.com/data/dish_photos/b32/d3704fbacc819912e08b335c7e71eb32.jpg",
      "price": 290,
      "menuName": "Zomato Special Combos",
      "categoryName": "",
      "slugs": [
        "veg",
        "combo-item",
        "zpl-combo",
        "services",
        "delivery-enabled",
        "delivery-enabled",
        "veg",
        "combo-item",
        "zpl-combo",
        "services",
        "veg"
      ]
    },
    {
      "name": "Paneer Chilly Dry + Jeera Soda",
      "description": "",
      "media": "https://b.zmtcdn.com/data/dish_photos/27a/0c3d91a9b5212cfabcf561357516d27a.jpg",
      "price": 260,
      "menuName": "Zomato Special Combos",
      "categoryName": "",
      "slugs": [
        "veg",
        "combo-item",
        "zpl-combo",
        "services",
        "sf-not-vegan",
        "delivery-enabled",
        "delivery-enabled",
        "veg",
        "combo-item",
        "zpl-combo",
        "services",
        "sf-not-vegan",
        "veg"
      ]
    },
    {
      "name": "Cream N Onion Maggi + Cheese Chilly Fries + 2 Jeera Soda",
      "description": "",
      "media": "https://b.zmtcdn.com/data/dish_photos/b30/cca8f48d4425ddf6d68739a55a385b30.jpg",
      "price": 299,
      "menuName": "Zomato Special Combos",
      "categoryName": "",
      "slugs": [
        "veg",
        "combo-item",
        "zpl-combo",
        "services",
        "sf-not-vegan",
        "delivery-enabled",
        "delivery-enabled",
        "veg",
        "combo-item",
        "zpl-combo",
        "services",
        "sf-not-vegan",
        "veg"
      ]
    },
    {
      "name": "Italian Pizza [6 inches] with Chatpata Fries and 2 Jeera Soda",
      "description": "",
      "media": null,
      "price": 310,
      "menuName": "Zomato Special Combos",
      "categoryName": "",
      "slugs": [
        "veg",
        "combo-item",
        "zpl-combo",
        "services",
        "delivery-enabled",
        "delivery-enabled",
        "veg",
        "combo-item",
        "zpl-combo",
        "services",
        "veg"
      ]
    },
    {
      "name": "American Garden Pizza [6 Inches] with Chatpata Fries and Jeera Soda",
      "description": "",
      "media": null,
      "price": 310,
      "menuName": "Zomato Special Combos",
      "categoryName": "",
      "slugs": [
        "veg",
        "combo-item",
        "services",
        "delivery-enabled",
        "delivery-enabled",
        "veg",
        "combo-item",
        "services",
        "veg"
      ]
    },
    {
      "name": "Cheese Burst Tandoori Paneer Pizza [6 Inches] with Peri Peri Fries and Soda",
      "description": "",
      "media": null,
      "price": 365,
      "menuName": "Zomato Special Combos",
      "categoryName": "",
      "slugs": [
        "veg",
        "combo-item",
        "services",
        "sf-spicy",
        "sf-not-vegan",
        "delivery-enabled",
        "delivery-enabled",
        "veg",
        "combo-item",
        "services",
        "sf-spicy",
        "sf-not-vegan",
        "veg"
      ]
    },
    {
      "name": "Biscuit Pie with Cheese Mayo Burger+salted fries+2 jeera soda",
      "description": "Biscuit Pie+Cheese Mayo Burger+Salted Fries+2 Jeera Soda",
      "media": null,
      "price": 315,
      "menuName": "Zomato Special Combos",
      "categoryName": "",
      "slugs": [
        "veg",
        "combo-item",
        "services",
        "sf-not-vegan",
        "delivery-enabled",
        "delivery-enabled",
        "veg",
        "combo-item",
        "services",
        "sf-not-vegan",
        "veg"
      ]
    },
    {
      "name": "Exotic Chana Dal Samosa+Double Masala Maggi+2 lemon soda",
      "description": "",
      "media": null,
      "price": 210,
      "menuName": "Zomato Special Combos",
      "categoryName": "",
      "slugs": [
        "veg",
        "services",
        "delivery-enabled",
        "delivery-enabled",
        "veg",
        "services",
        "veg"
      ]
    },
    {
      "name": "Manchow Soup",
      "description": "",
      "media": "https://b.zmtcdn.com/data/dish_photos/23e/b13c15ee877e780cbe185e1116ea723e.jpg",
      "price": 90,
      "menuName": "Soups",
      "categoryName": "",
      "slugs": [
        "veg",
        "restaurant-recommended",
        "low-calorie",
        "healthy",
        "services",
        "delivery-enabled",
        "delivery-enabled",
        "veg",
        "restaurant-recommended",
        "low-calorie",
        "healthy",
        "services",
        "veg"
      ]
    },
    {
      "name": "Hot and Sour Soup",
      "description": "",
      "media": "https://b.zmtcdn.com/data/dish_photos/748/610bcac5a40b20782207518043956748.jpg",
      "price": 100,
      "menuName": "Soups",
      "categoryName": "",
      "slugs": [
        "veg",
        "low-calorie",
        "healthy",
        "services",
        "delivery-enabled",
        "delivery-enabled",
        "veg",
        "low-calorie",
        "healthy",
        "services",
        "veg"
      ]
    },
    {
      "name": "Lemon Coriander Soup",
      "description": "",
      "media": "https://b.zmtcdn.com/data/dish_photos/685/0444438da2c2ff85a61c1722d9e6d685.jpg",
      "price": 100,
      "menuName": "Soups",
      "categoryName": "",
      "slugs": [
        "veg",
        "low-calorie",
        "healthy",
        "services",
        "delivery-enabled",
        "delivery-enabled",
        "veg",
        "low-calorie",
        "healthy",
        "services",
        "veg"
      ]
    },
    {
      "name": "Sweet Corn Soup",
      "description": "",
      "media": "https://b.zmtcdn.com/data/dish_photos/c65/cec1a1b5ce041997d411b9c7ef7dac65.jpg",
      "price": 100,
      "menuName": "Soups",
      "categoryName": "",
      "slugs": [
        "veg",
        "services",
        "delivery-enabled",
        "delivery-enabled",
        "veg",
        "services",
        "veg"
      ]
    },
    {
      "name": "Mushroom Soup",
      "description": "",
      "media": null,
      "price": 110,
      "menuName": "Soups",
      "categoryName": "",
      "slugs": [
        "veg",
        "healthy",
        "services",
        "delivery-enabled",
        "delivery-enabled",
        "veg",
        "healthy",
        "services",
        "veg"
      ]
    },
    {
      "name": "Plain Roti",
      "description": "",
      "media": null,
      "price": 12,
      "menuName": "Indian Breads",
      "categoryName": "Roti/Phulka (wheat)",
      "slugs": [
        "veg",
        "reco-breads",
        "home-style-meal",
        "services",
        "delivery-enabled",
        "delivery-enabled",
        "veg",
        "reco-breads",
        "home-style-meal",
        "services",
        "veg"
      ]
    },
    {
      "name": "Butter Roti",
      "description": "",
      "media": null,
      "price": 20,
      "menuName": "Indian Breads",
      "categoryName": "Roti/Phulka (wheat)",
      "slugs": [
        "veg",
        "reco-breads",
        "home-style-meal",
        "services",
        "sf-not-vegan",
        "delivery-enabled",
        "delivery-enabled",
        "veg",
        "reco-breads",
        "home-style-meal",
        "services",
        "sf-not-vegan",
        "veg"
      ]
    },
    {
      "name": "Ghee Roti",
      "description": "",
      "media": null,
      "price": 20,
      "menuName": "Indian Breads",
      "categoryName": "Roti/Phulka (wheat)",
      "slugs": [
        "veg",
        "reco-breads",
        "bread",
        "home-style-meal",
        "services",
        "sf-not-vegan",
        "delivery-enabled",
        "delivery-enabled",
        "veg",
        "reco-breads",
        "bread",
        "home-style-meal",
        "services",
        "sf-not-vegan",
        "veg"
      ]
    },
    {
      "name": "Dry Manchurian",
      "description": "",
      "media": "https://b.zmtcdn.com/data/dish_photos/2d1/d4da65c1fe0e245dea095cd340a802d1.jpg",
      "price": 170,
      "menuName": "Chinese",
      "categoryName": "",
      "slugs": [
        "veg",
        "bestseller-lunch",
        "bestseller-evening",
        "bestseller-dinner",
        "bestseller-late-night",
        "restaurant-recommended",
        "hero-item",
        "services",
        "delivery-enabled",
        "delivery-enabled",
        "veg",
        "bestseller-lunch",
        "bestseller-evening",
        "bestseller-dinner",
        "bestseller-late-night",
        "restaurant-recommended",
        "hero-item",
        "services",
        "veg"
      ]
    },
    {
      "name": "Manchurian Gravy",
      "description": "",
      "media": "https://b.zmtcdn.com/data/dish_photos/6ae/363053b72dbd644d132fe6d797f586ae.jpg",
      "price": 0,
      "menuName": "Chinese",
      "categoryName": "",
      "slugs": [
        "veg",
        "restaurant-recommended",
        "services",
        "delivery-enabled",
        "delivery-enabled",
        "veg",
        "restaurant-recommended",
        "services",
        "veg"
      ]
    },
    {
      "name": "Paneer Chilli Gravy",
      "description": "",
      "media": "https://b.zmtcdn.com/data/dish_photos/6cd/962c4203ba09c28194a3a6858e0886cd.jpg",
      "price": 215,
      "menuName": "Chinese",
      "categoryName": "",
      "slugs": [
        "veg",
        "services",
        "sf-not-vegan",
        "delivery-enabled",
        "delivery-enabled",
        "veg",
        "services",
        "sf-not-vegan",
        "veg"
      ]
    },
    {
      "name": "Paneer Schezwan Gravy",
      "description": "",
      "media": "https://b.zmtcdn.com/data/dish_photos/0e4/d2b4bc316e90ae6e0cc2a2f6ba8740e4.jpg",
      "price": 225,
      "menuName": "Chinese",
      "categoryName": "",
      "slugs": [
        "veg",
        "services",
        "sf-spicy",
        "sf-not-vegan",
        "delivery-enabled",
        "delivery-enabled",
        "veg",
        "services",
        "sf-spicy",
        "sf-not-vegan",
        "veg"
      ]
    },
    {
      "name": "Paneer Chilli Dry",
      "description": "",
      "media": "https://b.zmtcdn.com/data/dish_photos/27a/0c3d91a9b5212cfabcf561357516d27a.jpg",
      "price": 265,
      "menuName": "Chinese",
      "categoryName": "",
      "slugs": [
        "veg",
        "bestseller-evening",
        "bestseller-dinner",
        "services",
        "sf-not-vegan",
        "delivery-enabled",
        "delivery-enabled",
        "veg",
        "bestseller-evening",
        "bestseller-dinner",
        "services",
        "sf-not-vegan",
        "veg"
      ]
    },
    {
      "name": "Paneer Shanghai",
      "description": "",
      "media": null,
      "price": 230,
      "menuName": "Chinese",
      "categoryName": "",
      "slugs": [
        "veg",
        "services",
        "sf-not-vegan",
        "delivery-enabled",
        "delivery-enabled",
        "veg",
        "services",
        "sf-not-vegan",
        "veg"
      ]
    },
    {
      "name": "Paneer Schezwan Dry",
      "description": "",
      "media": null,
      "price": 265,
      "menuName": "Chinese",
      "categoryName": "",
      "slugs": [
        "veg",
        "services",
        "sf-spicy",
        "sf-not-vegan",
        "delivery-enabled",
        "delivery-enabled",
        "veg",
        "services",
        "sf-spicy",
        "sf-not-vegan",
        "veg"
      ]
    },
    {
      "name": "Mushroom Chilli",
      "description": "",
      "media": null,
      "price": 250,
      "menuName": "Chinese",
      "categoryName": "",
      "slugs": [
        "veg",
        "services",
        "delivery-enabled",
        "delivery-enabled",
        "veg",
        "services",
        "veg"
      ]
    },
    {
      "name": "Fried Rice",
      "description": "",
      "media": "https://b.zmtcdn.com/data/dish_photos/772/c097578cae533475a5ee9a18aecec772.jpg",
      "price": 0,
      "menuName": "Fried Rice and Noodles",
      "categoryName": "",
      "slugs": [
        "veg",
        "bestseller-dinner",
        "restaurant-recommended",
        "services",
        "delivery-enabled",
        "delivery-enabled",
        "veg",
        "bestseller-dinner",
        "restaurant-recommended",
        "services",
        "veg"
      ]
    },
    {
      "name": "Singapuri Rice",
      "description": "",
      "media": "https://b.zmtcdn.com/data/dish_photos/a3b/581517a2d424f16bec2f13687912aa3b.jpg",
      "price": 0,
      "menuName": "Fried Rice and Noodles",
      "categoryName": "",
      "slugs": [
        "veg",
        "bestseller-late-night",
        "rice",
        "services",
        "delivery-enabled",
        "delivery-enabled",
        "veg",
        "bestseller-late-night",
        "rice",
        "services",
        "veg"
      ]
    },
    {
      "name": "Schezwan Rice",
      "description": "",
      "media": null,
      "price": 0,
      "menuName": "Fried Rice and Noodles",
      "categoryName": "",
      "slugs": [
        "veg",
        "services",
        "sf-spicy",
        "delivery-enabled",
        "delivery-enabled",
        "veg",
        "services",
        "sf-spicy",
        "veg"
      ]
    },
    {
      "name": "Triple Schezwan Rice",
      "description": "",
      "media": null,
      "price": 0,
      "menuName": "Fried Rice and Noodles",
      "categoryName": "",
      "slugs": [
        "veg",
        "services",
        "sf-spicy",
        "delivery-enabled",
        "delivery-enabled",
        "veg",
        "services",
        "sf-spicy",
        "veg"
      ]
    },
    {
      "name": "Combination Rice",
      "description": "Noodles and rice.",
      "media": null,
      "price": 0,
      "menuName": "Fried Rice and Noodles",
      "categoryName": "",
      "slugs": [
        "veg",
        "services",
        "delivery-enabled",
        "delivery-enabled",
        "veg",
        "services",
        "veg"
      ]
    },
    {
      "name": "Hakka Noodles",
      "description": "",
      "media": "https://b.zmtcdn.com/data/dish_photos/1dc/bbf57df0ba5ea563033e65482a7a31dc.jpg",
      "price": 0,
      "menuName": "Fried Rice and Noodles",
      "categoryName": "",
      "slugs": [
        "veg",
        "bestseller-dinner",
        "hero-item",
        "services",
        "delivery-enabled",
        "delivery-enabled",
        "veg",
        "bestseller-dinner",
        "hero-item",
        "services",
        "veg"
      ]
    },
    {
      "name": "Schezwan Noodles",
      "description": "",
      "media": "https://b.zmtcdn.com/data/dish_photos/575/a85e524d7346c62a34f610bf8b800575.jpg",
      "price": 0,
      "menuName": "Fried Rice and Noodles",
      "categoryName": "",
      "slugs": [
        "veg",
        "restaurant-recommended",
        "services",
        "sf-spicy",
        "delivery-enabled",
        "delivery-enabled",
        "veg",
        "restaurant-recommended",
        "services",
        "sf-spicy",
        "veg"
      ]
    },
    {
      "name": "Singapuri Noodles",
      "description": "",
      "media": "https://b.zmtcdn.com/data/dish_photos/2f8/3813d25a7dcdde977465e05407acf2f8.jpg",
      "price": 0,
      "menuName": "Fried Rice and Noodles",
      "categoryName": "",
      "slugs": [
        "veg",
        "bestseller-late-night",
        "services",
        "delivery-enabled",
        "delivery-enabled",
        "veg",
        "bestseller-late-night",
        "services",
        "veg"
      ]
    },
    {
      "name": "Margherita Pizza [6 inches]",
      "description": "Plain Cheese",
      "media": null,
      "price": 130,
      "menuName": "Italian",
      "categoryName": "Pizza",
      "slugs": [
        "veg",
        "bestseller-evening",
        "bestseller-late-night",
        "services",
        "sf-kid-friendly",
        "sf-not-vegan",
        "delivery-enabled",
        "delivery-enabled",
        "veg",
        "bestseller-evening",
        "bestseller-late-night",
        "services",
        "sf-kid-friendly",
        "sf-not-vegan",
        "veg"
      ]
    },
    {
      "name": "Chilli Manchurian Pizza [6 inches]",
      "description": "",
      "media": null,
      "price": 180,
      "menuName": "Italian",
      "categoryName": "Pizza",
      "slugs": [
        "veg",
        "services",
        "sf-kid-friendly",
        "delivery-enabled",
        "delivery-enabled",
        "veg",
        "services",
        "sf-kid-friendly",
        "veg"
      ]
    },
    {
      "name": "Italian Pizza [6 inches]",
      "description": "",
      "media": null,
      "price": 170,
      "menuName": "Italian",
      "categoryName": "Pizza",
      "slugs": [
        "veg",
        "bestseller-late-night",
        "services",
        "sf-kid-friendly",
        "delivery-enabled",
        "delivery-enabled",
        "veg",
        "bestseller-late-night",
        "services",
        "sf-kid-friendly",
        "veg"
      ]
    },
    {
      "name": "American Garden Pizza [6 inches]",
      "description": "",
      "media": null,
      "price": 170,
      "menuName": "Italian",
      "categoryName": "Pizza",
      "slugs": [
        "veg",
        "bestseller-evening",
        "bestseller-late-night",
        "services",
        "sf-kid-friendly",
        "delivery-enabled",
        "delivery-enabled",
        "veg",
        "bestseller-evening",
        "bestseller-late-night",
        "services",
        "sf-kid-friendly",
        "veg"
      ]
    },
    {
      "name": "Tandoori Paneer Pizza [6 inches]",
      "description": "",
      "media": null,
      "price": 170,
      "menuName": "Italian",
      "categoryName": "Pizza",
      "slugs": [
        "veg",
        "services",
        "sf-kid-friendly",
        "sf-not-vegan",
        "delivery-enabled",
        "delivery-enabled",
        "veg",
        "services",
        "sf-kid-friendly",
        "sf-not-vegan",
        "veg"
      ]
    },
    {
      "name": "Jain Italian Pizza [6 inches]",
      "description": "",
      "media": null,
      "price": 170,
      "menuName": "Italian",
      "categoryName": "Pizza",
      "slugs": [
        "veg",
        "services",
        "sf-no-onion",
        "sf-no-garlic",
        "sf-kid-friendly",
        "delivery-enabled",
        "delivery-enabled",
        "veg",
        "services",
        "sf-no-onion",
        "sf-no-garlic",
        "sf-kid-friendly",
        "veg"
      ]
    },
    {
      "name": "Mexican Pizza [6 Inches]",
      "description": "",
      "media": null,
      "price": 170,
      "menuName": "Italian",
      "categoryName": "Pizza",
      "slugs": [
        "veg",
        "services",
        "sf-kid-friendly",
        "delivery-enabled",
        "delivery-enabled",
        "veg",
        "services",
        "sf-kid-friendly",
        "veg"
      ]
    },
    {
      "name": "Garlic Bread [4 Pieces]",
      "description": "",
      "media": "https://b.zmtcdn.com/data/dish_photos/b32/d3704fbacc819912e08b335c7e71eb32.jpg",
      "price": 165,
      "menuName": "Italian",
      "categoryName": "Pizza",
      "slugs": [
        "veg",
        "bestseller-evening",
        "hero-item",
        "services",
        "sf-kid-friendly",
        "delivery-enabled",
        "delivery-enabled",
        "veg",
        "bestseller-evening",
        "hero-item",
        "services",
        "sf-kid-friendly",
        "veg"
      ]
    },
    {
      "name": "Tandoori Paneer Garlic Bread",
      "description": "",
      "media": null,
      "price": 195,
      "menuName": "Italian",
      "categoryName": "Pizza",
      "slugs": [
        "veg",
        "services",
        "sf-kid-friendly",
        "sf-not-vegan",
        "delivery-enabled",
        "delivery-enabled",
        "veg",
        "services",
        "sf-kid-friendly",
        "sf-not-vegan",
        "veg"
      ]
    },
    {
      "name": "Aloo Patty Burger",
      "description": "",
      "media": null,
      "price": 65,
      "menuName": "Burgers",
      "categoryName": "Burgers",
      "slugs": [
        "veg",
        "services",
        "delivery-enabled",
        "delivery-enabled",
        "veg",
        "services",
        "veg"
      ]
    },
    {
      "name": "Mayo Burger",
      "description": "",
      "media": null,
      "price": 75,
      "menuName": "Burgers",
      "categoryName": "Burgers",
      "slugs": [
        "veg",
        "services",
        "delivery-enabled",
        "delivery-enabled",
        "veg",
        "services",
        "veg"
      ]
    },
    {
      "name": "Cheese Burger",
      "description": "",
      "media": "https://b.zmtcdn.com/data/dish_photos/189/5c979243581d007b1149e8d692c4e189.jpg",
      "price": 90,
      "menuName": "Burgers",
      "categoryName": "Burgers",
      "slugs": [
        "veg",
        "restaurant-recommended",
        "hero-item",
        "services",
        "sf-not-vegan",
        "delivery-enabled",
        "delivery-enabled",
        "veg",
        "restaurant-recommended",
        "hero-item",
        "services",
        "sf-not-vegan",
        "veg"
      ]
    },
    {
      "name": "Schezwan Burger",
      "description": "",
      "media": null,
      "price": 85,
      "menuName": "Burgers",
      "categoryName": "Burgers",
      "slugs": [
        "veg",
        "services",
        "sf-spicy",
        "delivery-enabled",
        "delivery-enabled",
        "veg",
        "services",
        "sf-spicy",
        "veg"
      ]
    },
    {
      "name": "Cheese Schezwan Burger",
      "description": "",
      "media": null,
      "price": 105,
      "menuName": "Burgers",
      "categoryName": "Burgers",
      "slugs": [
        "veg",
        "services",
        "sf-spicy",
        "sf-not-vegan",
        "delivery-enabled",
        "delivery-enabled",
        "veg",
        "services",
        "sf-spicy",
        "sf-not-vegan",
        "veg"
      ]
    },
    {
      "name": "Cheese Mayo Burger",
      "description": "",
      "media": null,
      "price": 105,
      "menuName": "Burgers",
      "categoryName": "Burgers",
      "slugs": [
        "veg",
        "services",
        "sf-not-vegan",
        "delivery-enabled",
        "delivery-enabled",
        "veg",
        "services",
        "sf-not-vegan",
        "veg"
      ]
    },
    {
      "name": "Cream and Onion Burger",
      "description": "",
      "media": null,
      "price": 95,
      "menuName": "Burgers",
      "categoryName": "Burgers",
      "slugs": [
        "veg",
        "services",
        "sf-not-vegan",
        "delivery-enabled",
        "delivery-enabled",
        "veg",
        "services",
        "sf-not-vegan",
        "veg"
      ]
    },
    {
      "name": "Mexican Chipotale Burger",
      "description": "",
      "media": null,
      "price": 125,
      "menuName": "Burgers",
      "categoryName": "Burgers",
      "slugs": [
        "veg",
        "services",
        "delivery-enabled",
        "delivery-enabled",
        "veg",
        "services",
        "veg"
      ]
    },
    {
      "name": "Peri Peri Burger",
      "description": "",
      "media": null,
      "price": 120,
      "menuName": "Burgers",
      "categoryName": "Burgers",
      "slugs": [
        "veg",
        "services",
        "sf-spicy",
        "delivery-enabled",
        "delivery-enabled",
        "veg",
        "services",
        "sf-spicy",
        "veg"
      ]
    },
    {
      "name": "Tandoori Burger",
      "description": "",
      "media": null,
      "price": 120,
      "menuName": "Burgers",
      "categoryName": "Burgers",
      "slugs": [
        "veg",
        "services",
        "delivery-enabled",
        "delivery-enabled",
        "veg",
        "services",
        "veg"
      ]
    },
    {
      "name": "MH 01 Special Burger",
      "description": "",
      "media": null,
      "price": 135,
      "menuName": "Burgers",
      "categoryName": "Burgers",
      "slugs": [
        "veg",
        "services",
        "delivery-enabled",
        "delivery-enabled",
        "veg",
        "services",
        "veg"
      ]
    },
    {
      "name": "Pizza Bomb",
      "description": "",
      "media": null,
      "price": 75,
      "menuName": "Burgers",
      "categoryName": "Bombs",
      "slugs": [
        "veg",
        "services",
        "delivery-enabled",
        "delivery-enabled",
        "veg",
        "services",
        "veg"
      ]
    },
    {
      "name": "Cheese Bomb",
      "description": "",
      "media": null,
      "price": 110,
      "menuName": "Burgers",
      "categoryName": "Bombs",
      "slugs": [
        "veg",
        "services",
        "sf-not-vegan",
        "delivery-enabled",
        "delivery-enabled",
        "veg",
        "services",
        "sf-not-vegan",
        "veg"
      ]
    },
    {
      "name": "Cheese Shezwan Bomb",
      "description": "",
      "media": null,
      "price": 120,
      "menuName": "Burgers",
      "categoryName": "Bombs",
      "slugs": [
        "veg",
        "services",
        "sf-spicy",
        "sf-not-vegan",
        "delivery-enabled",
        "delivery-enabled",
        "veg",
        "services",
        "sf-spicy",
        "sf-not-vegan",
        "veg"
      ]
    },
    {
      "name": "Plain Bread Butter",
      "description": "",
      "media": null,
      "price": 60,
      "menuName": "Sandwiches & Toast",
      "categoryName": "Sandwiches",
      "slugs": [
        "veg",
        "services",
        "sf-not-vegan",
        "delivery-enabled",
        "delivery-enabled",
        "veg",
        "services",
        "sf-not-vegan",
        "veg"
      ]
    },
    {
      "name": "Cheese Bread Butter",
      "description": "",
      "media": null,
      "price": 80,
      "menuName": "Sandwiches & Toast",
      "categoryName": "Sandwiches",
      "slugs": [
        "veg",
        "services",
        "sf-not-vegan",
        "delivery-enabled",
        "delivery-enabled",
        "veg",
        "services",
        "sf-not-vegan",
        "veg"
      ]
    },
    {
      "name": "Bread Butter Chutney Sandwich",
      "description": "",
      "media": null,
      "price": 80,
      "menuName": "Sandwiches & Toast",
      "categoryName": "Sandwiches",
      "slugs": [
        "veg",
        "services",
        "sf-not-vegan",
        "delivery-enabled",
        "delivery-enabled",
        "veg",
        "services",
        "sf-not-vegan",
        "veg"
      ]
    },
    {
      "name": "Mayo Chutney Sandwich",
      "description": "",
      "media": null,
      "price": 100,
      "menuName": "Sandwiches & Toast",
      "categoryName": "Sandwiches",
      "slugs": [
        "veg",
        "services",
        "delivery-enabled",
        "delivery-enabled",
        "veg",
        "services",
        "veg"
      ]
    },
    {
      "name": "Cheese Bread Butter Chutney Sandwich",
      "description": "",
      "media": null,
      "price": 100,
      "menuName": "Sandwiches & Toast",
      "categoryName": "Sandwiches",
      "slugs": [
        "veg",
        "services",
        "sf-not-vegan",
        "delivery-enabled",
        "delivery-enabled",
        "veg",
        "services",
        "sf-not-vegan",
        "veg"
      ]
    },
    {
      "name": "Sugar Bread Butter",
      "description": "",
      "media": null,
      "price": 60,
      "menuName": "Sandwiches & Toast",
      "categoryName": "Sandwiches",
      "slugs": [
        "veg",
        "services",
        "sf-not-vegan",
        "delivery-enabled",
        "delivery-enabled",
        "veg",
        "services",
        "sf-not-vegan",
        "veg"
      ]
    },
    {
      "name": "Jam Bread Butter",
      "description": "",
      "media": null,
      "price": 60,
      "menuName": "Sandwiches & Toast",
      "categoryName": "Sandwiches",
      "slugs": [
        "veg",
        "services",
        "sf-not-vegan",
        "delivery-enabled",
        "delivery-enabled",
        "veg",
        "services",
        "sf-not-vegan",
        "veg"
      ]
    },
    {
      "name": "Veg Sandwich",
      "description": "",
      "media": null,
      "price": 100,
      "menuName": "Sandwiches & Toast",
      "categoryName": "Sandwiches",
      "slugs": [
        "veg",
        "services",
        "delivery-enabled",
        "delivery-enabled",
        "veg",
        "services",
        "veg"
      ]
    },
    {
      "name": "Cheese Veg Sandwich",
      "description": "",
      "media": null,
      "price": 130,
      "menuName": "Sandwiches & Toast",
      "categoryName": "Sandwiches",
      "slugs": [
        "veg",
        "services",
        "sf-not-vegan",
        "delivery-enabled",
        "delivery-enabled",
        "veg",
        "services",
        "sf-not-vegan",
        "veg"
      ]
    },
    {
      "name": "Mayo Veg Sandwich",
      "description": "",
      "media": null,
      "price": 130,
      "menuName": "Sandwiches & Toast",
      "categoryName": "Sandwiches",
      "slugs": [
        "veg",
        "services",
        "delivery-enabled",
        "delivery-enabled",
        "veg",
        "services",
        "veg"
      ]
    },
    {
      "name": "Special Cheese Veg Mayo Sandwich",
      "description": "",
      "media": null,
      "price": 150,
      "menuName": "Sandwiches & Toast",
      "categoryName": "Sandwiches",
      "slugs": [
        "veg",
        "services",
        "sf-not-vegan",
        "delivery-enabled",
        "delivery-enabled",
        "veg",
        "services",
        "sf-not-vegan",
        "veg"
      ]
    },
    {
      "name": "Schezwan Mayo Sandwich",
      "description": "",
      "media": null,
      "price": 130,
      "menuName": "Sandwiches & Toast",
      "categoryName": "Sandwiches",
      "slugs": [
        "veg",
        "services",
        "sf-spicy",
        "delivery-enabled",
        "delivery-enabled",
        "veg",
        "services",
        "sf-spicy",
        "veg"
      ]
    },
    {
      "name": "Butter Toast",
      "description": "",
      "media": null,
      "price": 80,
      "menuName": "Sandwiches & Toast",
      "categoryName": "Toast",
      "slugs": [
        "veg",
        "services",
        "sf-not-vegan",
        "delivery-enabled",
        "delivery-enabled",
        "veg",
        "services",
        "sf-not-vegan",
        "veg"
      ]
    },
    {
      "name": "Cheese Butter Toast",
      "description": "",
      "media": null,
      "price": 100,
      "menuName": "Sandwiches & Toast",
      "categoryName": "Toast",
      "slugs": [
        "veg",
        "services",
        "sf-not-vegan",
        "delivery-enabled",
        "delivery-enabled",
        "veg",
        "services",
        "sf-not-vegan",
        "veg"
      ]
    },
    {
      "name": "Chutney Toast",
      "description": "",
      "media": null,
      "price": 90,
      "menuName": "Sandwiches & Toast",
      "categoryName": "Toast",
      "slugs": [
        "veg",
        "services",
        "delivery-enabled",
        "delivery-enabled",
        "veg",
        "services",
        "veg"
      ]
    },
    {
      "name": "Cheese Chutney Toast",
      "description": "",
      "media": null,
      "price": 110,
      "menuName": "Sandwiches & Toast",
      "categoryName": "Toast",
      "slugs": [
        "veg",
        "services",
        "sf-not-vegan",
        "delivery-enabled",
        "delivery-enabled",
        "veg",
        "services",
        "sf-not-vegan",
        "veg"
      ]
    },
    {
      "name": "Veg Sandwich Toast",
      "description": "",
      "media": null,
      "price": 130,
      "menuName": "Sandwiches & Toast",
      "categoryName": "Toast",
      "slugs": [
        "veg",
        "services",
        "delivery-enabled",
        "delivery-enabled",
        "veg",
        "services",
        "veg"
      ]
    },
    {
      "name": "Veg Cheese Toast",
      "description": "",
      "media": null,
      "price": 165,
      "menuName": "Sandwiches & Toast",
      "categoryName": "Toast",
      "slugs": [
        "veg",
        "services",
        "sf-not-vegan",
        "delivery-enabled",
        "delivery-enabled",
        "veg",
        "services",
        "sf-not-vegan",
        "veg"
      ]
    },
    {
      "name": "Cheese Chilli Toast",
      "description": "",
      "media": null,
      "price": 170,
      "menuName": "Sandwiches & Toast",
      "categoryName": "Toast",
      "slugs": [
        "veg",
        "services",
        "sf-not-vegan",
        "delivery-enabled",
        "delivery-enabled",
        "veg",
        "services",
        "sf-not-vegan",
        "veg"
      ]
    },
    {
      "name": "Cheese Garlic Toast",
      "description": "",
      "media": null,
      "price": 170,
      "menuName": "Sandwiches & Toast",
      "categoryName": "Toast",
      "slugs": [
        "veg",
        "services",
        "sf-not-vegan",
        "delivery-enabled",
        "delivery-enabled",
        "veg",
        "services",
        "sf-not-vegan",
        "veg"
      ]
    },
    {
      "name": "Cheese Schezwan Mayo Toast",
      "description": "",
      "media": null,
      "price": 170,
      "menuName": "Sandwiches & Toast",
      "categoryName": "Toast",
      "slugs": [
        "veg",
        "services",
        "sf-spicy",
        "sf-not-vegan",
        "delivery-enabled",
        "delivery-enabled",
        "veg",
        "services",
        "sf-spicy",
        "sf-not-vegan",
        "veg"
      ]
    },
    {
      "name": "Salted Fries",
      "description": "",
      "media": "https://b.zmtcdn.com/data/dish_photos/e12/505f088be5f5b12c616e7cdfb1a77e12.jpg",
      "price": 70,
      "menuName": "French Fries(finger chips)",
      "categoryName": "French Fries",
      "slugs": [
        "veg",
        "services",
        "sf-kid-friendly",
        "delivery-enabled",
        "delivery-enabled",
        "veg",
        "services",
        "sf-kid-friendly",
        "veg"
      ]
    },
    {
      "name": "Chatpata Fries",
      "description": "",
      "media": "https://b.zmtcdn.com/data/dish_photos/8e9/4a5bc9db888b822d1733540ceed988e9.jpg",
      "price": 80,
      "menuName": "French Fries(finger chips)",
      "categoryName": "French Fries",
      "slugs": [
        "veg",
        "services",
        "sf-kid-friendly",
        "delivery-enabled",
        "delivery-enabled",
        "veg",
        "services",
        "sf-kid-friendly",
        "veg"
      ]
    },
    {
      "name": "Mayonise Fries",
      "description": "",
      "media": null,
      "price": 90,
      "menuName": "French Fries(finger chips)",
      "categoryName": "French Fries",
      "slugs": [
        "veg",
        "services",
        "sf-kid-friendly",
        "delivery-enabled",
        "delivery-enabled",
        "veg",
        "services",
        "sf-kid-friendly",
        "veg"
      ]
    },
    {
      "name": "Shezwan Fries",
      "description": "",
      "media": null,
      "price": 100,
      "menuName": "French Fries(finger chips)",
      "categoryName": "French Fries",
      "slugs": [
        "veg",
        "services",
        "sf-spicy",
        "delivery-enabled",
        "delivery-enabled",
        "veg",
        "services",
        "sf-spicy",
        "veg"
      ]
    },
    {
      "name": "Peri Peri Fries",
      "description": "",
      "media": "https://b.zmtcdn.com/data/dish_photos/b2c/caa28ebcf197095a935a7280cd02fb2c.jpg",
      "price": 100,
      "menuName": "French Fries(finger chips)",
      "categoryName": "French Fries",
      "slugs": [
        "veg",
        "services",
        "sf-spicy",
        "delivery-enabled",
        "delivery-enabled",
        "veg",
        "services",
        "sf-spicy",
        "veg"
      ]
    },
    {
      "name": "Cheese Mayonise Fries",
      "description": "",
      "media": null,
      "price": 120,
      "menuName": "French Fries(finger chips)",
      "categoryName": "French Fries",
      "slugs": [
        "veg",
        "services",
        "sf-kid-friendly",
        "sf-not-vegan",
        "delivery-enabled",
        "delivery-enabled",
        "veg",
        "services",
        "sf-kid-friendly",
        "sf-not-vegan",
        "veg"
      ]
    },
    {
      "name": "Cheese Chilly Fries",
      "description": "",
      "media": null,
      "price": 120,
      "menuName": "French Fries(finger chips)",
      "categoryName": "French Fries",
      "slugs": [
        "veg",
        "services",
        "sf-kid-friendly",
        "sf-not-vegan",
        "delivery-enabled",
        "delivery-enabled",
        "veg",
        "services",
        "sf-kid-friendly",
        "sf-not-vegan",
        "veg"
      ]
    },
    {
      "name": "Cheese Shezwan Fries",
      "description": "",
      "media": null,
      "price": 120,
      "menuName": "French Fries(finger chips)",
      "categoryName": "French Fries",
      "slugs": [
        "veg",
        "services",
        "sf-spicy",
        "sf-not-vegan",
        "delivery-enabled",
        "delivery-enabled",
        "veg",
        "services",
        "sf-spicy",
        "sf-not-vegan",
        "veg"
      ]
    },
    {
      "name": "Cheese Peri Peri Fries",
      "description": "",
      "media": null,
      "price": 120,
      "menuName": "French Fries(finger chips)",
      "categoryName": "French Fries",
      "slugs": [
        "veg",
        "services",
        "sf-spicy",
        "sf-not-vegan",
        "delivery-enabled",
        "delivery-enabled",
        "veg",
        "services",
        "sf-spicy",
        "sf-not-vegan",
        "veg"
      ]
    },
    {
      "name": "Sabudana Wada [2 big Pieces]",
      "description": "",
      "media": "https://b.zmtcdn.com/data/dish_photos/ab2/f869197ec92659e317cc83aa0d24dab2.jpg",
      "price": 65,
      "menuName": "Farali Special",
      "categoryName": "Wada/Patis/Khichdi",
      "slugs": [
        "veg",
        "navratri-special",
        "services",
        "delivery-enabled",
        "delivery-enabled",
        "veg",
        "navratri-special",
        "services",
        "veg"
      ]
    },
    {
      "name": "Veg Frankie",
      "description": "",
      "media": null,
      "price": 100,
      "menuName": "Frankie",
      "categoryName": "Veg Frankies",
      "slugs": [
        "veg",
        "services",
        "delivery-enabled",
        "delivery-enabled",
        "veg",
        "services",
        "veg"
      ]
    },
    {
      "name": "Veg Cheese Frankie",
      "description": "",
      "media": null,
      "price": 120,
      "menuName": "Frankie",
      "categoryName": "Veg Frankies",
      "slugs": [
        "veg",
        "services",
        "sf-not-vegan",
        "delivery-enabled",
        "delivery-enabled",
        "veg",
        "services",
        "sf-not-vegan",
        "veg"
      ]
    },
    {
      "name": "Mayo Frankie",
      "description": "",
      "media": null,
      "price": 100,
      "menuName": "Frankie",
      "categoryName": "Veg Frankies",
      "slugs": [
        "veg",
        "services",
        "delivery-enabled",
        "delivery-enabled",
        "veg",
        "services",
        "veg"
      ]
    },
    {
      "name": "Cheese Mayo Frankie",
      "description": "",
      "media": null,
      "price": 120,
      "menuName": "Frankie",
      "categoryName": "Veg Frankies",
      "slugs": [
        "veg",
        "services",
        "sf-not-vegan",
        "delivery-enabled",
        "delivery-enabled",
        "veg",
        "services",
        "sf-not-vegan",
        "veg"
      ]
    },
    {
      "name": "Tandoori Frankie",
      "description": "",
      "media": null,
      "price": 100,
      "menuName": "Frankie",
      "categoryName": "Veg Frankies",
      "slugs": [
        "veg",
        "healthy",
        "services",
        "delivery-enabled",
        "delivery-enabled",
        "veg",
        "healthy",
        "services",
        "veg"
      ]
    },
    {
      "name": "Cheese Tandoori Frankie",
      "description": "",
      "media": null,
      "price": 120,
      "menuName": "Frankie",
      "categoryName": "Veg Frankies",
      "slugs": [
        "veg",
        "services",
        "sf-not-vegan",
        "delivery-enabled",
        "delivery-enabled",
        "veg",
        "services",
        "sf-not-vegan",
        "veg"
      ]
    },
    {
      "name": "Cheese Garlic Frankie",
      "description": "",
      "media": null,
      "price": 100,
      "menuName": "Frankie",
      "categoryName": "Veg Frankies",
      "slugs": [
        "veg",
        "services",
        "sf-not-vegan",
        "delivery-enabled",
        "delivery-enabled",
        "veg",
        "services",
        "sf-not-vegan",
        "veg"
      ]
    },
    {
      "name": "Cheese Chilli Frankie",
      "description": "",
      "media": null,
      "price": 100,
      "menuName": "Frankie",
      "categoryName": "Veg Frankies",
      "slugs": [
        "veg",
        "services",
        "sf-not-vegan",
        "delivery-enabled",
        "delivery-enabled",
        "veg",
        "services",
        "sf-not-vegan",
        "veg"
      ]
    },
    {
      "name": "Mayo Blast Frankie",
      "description": "",
      "media": null,
      "price": 150,
      "menuName": "Frankie",
      "categoryName": "Veg Frankies",
      "slugs": [
        "veg",
        "services",
        "delivery-enabled",
        "delivery-enabled",
        "veg",
        "services",
        "veg"
      ]
    },
    {
      "name": "Cheese Blast Frankie",
      "description": "",
      "media": null,
      "price": 150,
      "menuName": "Frankie",
      "categoryName": "Veg Frankies",
      "slugs": [
        "veg",
        "services",
        "sf-not-vegan",
        "delivery-enabled",
        "delivery-enabled",
        "veg",
        "services",
        "sf-not-vegan",
        "veg"
      ]
    },
    {
      "name": "Paneer Frankie",
      "description": "",
      "media": null,
      "price": 110,
      "menuName": "Frankie",
      "categoryName": "Paneer Frankies",
      "slugs": [
        "veg",
        "services",
        "sf-not-vegan",
        "delivery-enabled",
        "delivery-enabled",
        "veg",
        "services",
        "sf-not-vegan",
        "veg"
      ]
    },
    {
      "name": "Paneer Cheese Frankie",
      "description": "",
      "media": null,
      "price": 130,
      "menuName": "Frankie",
      "categoryName": "Paneer Frankies",
      "slugs": [
        "veg",
        "services",
        "sf-not-vegan",
        "delivery-enabled",
        "delivery-enabled",
        "veg",
        "services",
        "sf-not-vegan",
        "veg"
      ]
    },
    {
      "name": "Mayo Paneer Frankie",
      "description": "",
      "media": null,
      "price": 130,
      "menuName": "Frankie",
      "categoryName": "Paneer Frankies",
      "slugs": [
        "veg",
        "services",
        "sf-not-vegan",
        "delivery-enabled",
        "delivery-enabled",
        "veg",
        "services",
        "sf-not-vegan",
        "veg"
      ]
    },
    {
      "name": "Cheese Mayo Paneer Frankie",
      "description": "",
      "media": null,
      "price": 150,
      "menuName": "Frankie",
      "categoryName": "Paneer Frankies",
      "slugs": [
        "veg",
        "services",
        "sf-not-vegan",
        "delivery-enabled",
        "delivery-enabled",
        "veg",
        "services",
        "sf-not-vegan",
        "veg"
      ]
    },
    {
      "name": "Cheese Schezwan Paneer Frankie",
      "description": "",
      "media": null,
      "price": 150,
      "menuName": "Frankie",
      "categoryName": "Paneer Frankies",
      "slugs": [
        "veg",
        "services",
        "sf-spicy",
        "sf-not-vegan",
        "delivery-enabled",
        "delivery-enabled",
        "veg",
        "services",
        "sf-spicy",
        "sf-not-vegan",
        "veg"
      ]
    },
    {
      "name": "Tandoori Paneer Frankie",
      "description": "",
      "media": null,
      "price": 130,
      "menuName": "Frankie",
      "categoryName": "Paneer Frankies",
      "slugs": [
        "veg",
        "healthy",
        "services",
        "sf-not-vegan",
        "delivery-enabled",
        "delivery-enabled",
        "veg",
        "healthy",
        "services",
        "sf-not-vegan",
        "veg"
      ]
    },
    {
      "name": "Cheese Tandoori Paneer Frankie",
      "description": "",
      "media": null,
      "price": 150,
      "menuName": "Frankie",
      "categoryName": "Paneer Frankies",
      "slugs": [
        "veg",
        "services",
        "sf-not-vegan",
        "delivery-enabled",
        "delivery-enabled",
        "veg",
        "services",
        "sf-not-vegan",
        "veg"
      ]
    },
    {
      "name": "Chilli Paneer Frankie",
      "description": "",
      "media": null,
      "price": 130,
      "menuName": "Frankie",
      "categoryName": "Paneer Frankies",
      "slugs": [
        "veg",
        "services",
        "sf-not-vegan",
        "delivery-enabled",
        "delivery-enabled",
        "veg",
        "services",
        "sf-not-vegan",
        "veg"
      ]
    },
    {
      "name": "Cheese Chilli Paneer Frankie",
      "description": "",
      "media": null,
      "price": 150,
      "menuName": "Frankie",
      "categoryName": "Paneer Frankies",
      "slugs": [
        "veg",
        "services",
        "sf-not-vegan",
        "delivery-enabled",
        "delivery-enabled",
        "veg",
        "services",
        "sf-not-vegan",
        "veg"
      ]
    },
    {
      "name": "Paneer Mayo Blast Frankie",
      "description": "",
      "media": null,
      "price": 160,
      "menuName": "Frankie",
      "categoryName": "Paneer Frankies",
      "slugs": [
        "veg",
        "services",
        "sf-not-vegan",
        "delivery-enabled",
        "delivery-enabled",
        "veg",
        "services",
        "sf-not-vegan",
        "veg"
      ]
    },
    {
      "name": "Cheese Paneer Blast Frankie",
      "description": "",
      "media": null,
      "price": 160,
      "menuName": "Frankie",
      "categoryName": "Paneer Frankies",
      "slugs": [
        "veg",
        "services",
        "sf-not-vegan",
        "delivery-enabled",
        "delivery-enabled",
        "veg",
        "services",
        "sf-not-vegan",
        "veg"
      ]
    },
    {
      "name": "Noodles Frankie",
      "description": "",
      "media": null,
      "price": 110,
      "menuName": "Frankie",
      "categoryName": "Chinese Frankie",
      "slugs": [
        "veg",
        "services",
        "delivery-enabled",
        "delivery-enabled",
        "veg",
        "services",
        "veg"
      ]
    },
    {
      "name": "Cheese Noodles Frankie",
      "description": "",
      "media": null,
      "price": 130,
      "menuName": "Frankie",
      "categoryName": "Chinese Frankie",
      "slugs": [
        "veg",
        "services",
        "sf-not-vegan",
        "delivery-enabled",
        "delivery-enabled",
        "veg",
        "services",
        "sf-not-vegan",
        "veg"
      ]
    },
    {
      "name": "Schezwan Noodles Frankie",
      "description": "",
      "media": null,
      "price": 110,
      "menuName": "Frankie",
      "categoryName": "Chinese Frankie",
      "slugs": [
        "veg",
        "services",
        "sf-spicy",
        "delivery-enabled",
        "delivery-enabled",
        "veg",
        "services",
        "sf-spicy",
        "veg"
      ]
    },
    {
      "name": "Cheese Schezwan Noodles Frankie",
      "description": "",
      "media": null,
      "price": 130,
      "menuName": "Frankie",
      "categoryName": "Chinese Frankie",
      "slugs": [
        "veg",
        "services",
        "sf-spicy",
        "sf-not-vegan",
        "delivery-enabled",
        "delivery-enabled",
        "veg",
        "services",
        "sf-spicy",
        "sf-not-vegan",
        "veg"
      ]
    },
    {
      "name": "Manchurian Frankie",
      "description": "",
      "media": null,
      "price": 110,
      "menuName": "Frankie",
      "categoryName": "Chinese Frankie",
      "slugs": [
        "veg",
        "services",
        "delivery-enabled",
        "delivery-enabled",
        "veg",
        "services",
        "veg"
      ]
    },
    {
      "name": "Cheese Manchurian Frankie",
      "description": "",
      "media": null,
      "price": 130,
      "menuName": "Frankie",
      "categoryName": "Chinese Frankie",
      "slugs": [
        "veg",
        "services",
        "sf-not-vegan",
        "delivery-enabled",
        "delivery-enabled",
        "veg",
        "services",
        "sf-not-vegan",
        "veg"
      ]
    },
    {
      "name": "Noodles Manchurian Frankie",
      "description": "",
      "media": null,
      "price": 130,
      "menuName": "Frankie",
      "categoryName": "Chinese Frankie",
      "slugs": [
        "veg",
        "services",
        "delivery-enabled",
        "delivery-enabled",
        "veg",
        "services",
        "veg"
      ]
    },
    {
      "name": "Cheese Noodles Manchurian Frankie",
      "description": "",
      "media": null,
      "price": 150,
      "menuName": "Frankie",
      "categoryName": "Chinese Frankie",
      "slugs": [
        "veg",
        "services",
        "sf-not-vegan",
        "delivery-enabled",
        "delivery-enabled",
        "veg",
        "services",
        "sf-not-vegan",
        "veg"
      ]
    },
    {
      "name": "Biscuit Pie",
      "description": "",
      "media": null,
      "price": 140,
      "menuName": "Biscuit Pie",
      "categoryName": "",
      "slugs": [
        "veg",
        "services",
        "sf-no-onion",
        "sf-no-garlic",
        "sf-kid-friendly",
        "delivery-enabled",
        "delivery-enabled",
        "veg",
        "services",
        "sf-no-onion",
        "sf-no-garlic",
        "sf-kid-friendly",
        "veg"
      ]
    },
    {
      "name": "Shezwan Biscuit Pie",
      "description": "",
      "media": null,
      "price": 140,
      "menuName": "Biscuit Pie",
      "categoryName": "",
      "slugs": [
        "veg",
        "services",
        "sf-spicy",
        "sf-no-onion",
        "sf-no-garlic",
        "delivery-enabled",
        "delivery-enabled",
        "veg",
        "services",
        "sf-spicy",
        "sf-no-onion",
        "sf-no-garlic",
        "veg"
      ]
    },
    {
      "name": "Cheese Blast Biscuit Pie",
      "description": "",
      "media": null,
      "price": 160,
      "menuName": "Biscuit Pie",
      "categoryName": "",
      "slugs": [
        "veg",
        "services",
        "sf-no-onion",
        "sf-no-garlic",
        "sf-kid-friendly",
        "sf-not-vegan",
        "delivery-enabled",
        "delivery-enabled",
        "veg",
        "services",
        "sf-no-onion",
        "sf-no-garlic",
        "sf-kid-friendly",
        "sf-not-vegan",
        "veg"
      ]
    },
    {
      "name": "Mayo Blast Biscuit Pie",
      "description": "",
      "media": null,
      "price": 160,
      "menuName": "Biscuit Pie",
      "categoryName": "",
      "slugs": [
        "veg",
        "services",
        "sf-no-onion",
        "sf-no-garlic",
        "sf-kid-friendly",
        "delivery-enabled",
        "delivery-enabled",
        "veg",
        "services",
        "sf-no-onion",
        "sf-no-garlic",
        "sf-kid-friendly",
        "veg"
      ]
    },
    {
      "name": "Masala Maggi",
      "description": "",
      "media": null,
      "price": 50,
      "menuName": "Maggi",
      "categoryName": "",
      "slugs": [
        "veg",
        "services",
        "delivery-enabled",
        "delivery-enabled",
        "veg",
        "services",
        "veg"
      ]
    },
    {
      "name": "Double Masala Maggi",
      "description": "",
      "media": null,
      "price": 60,
      "menuName": "Maggi",
      "categoryName": "",
      "slugs": [
        "veg",
        "services",
        "delivery-enabled",
        "delivery-enabled",
        "veg",
        "services",
        "veg"
      ]
    },
    {
      "name": "Schezwan Maggi",
      "description": "",
      "media": null,
      "price": 70,
      "menuName": "Maggi",
      "categoryName": "",
      "slugs": [
        "veg",
        "services",
        "sf-spicy",
        "delivery-enabled",
        "delivery-enabled",
        "veg",
        "services",
        "sf-spicy",
        "veg"
      ]
    },
    {
      "name": "Cheese Maggi",
      "description": "",
      "media": null,
      "price": 90,
      "menuName": "Maggi",
      "categoryName": "",
      "slugs": [
        "veg",
        "services",
        "sf-not-vegan",
        "delivery-enabled",
        "delivery-enabled",
        "veg",
        "services",
        "sf-not-vegan",
        "veg"
      ]
    },
    {
      "name": "Cheese Schezwan Maggi",
      "description": "",
      "media": null,
      "price": 110,
      "menuName": "Maggi",
      "categoryName": "",
      "slugs": [
        "veg",
        "services",
        "sf-spicy",
        "sf-not-vegan",
        "delivery-enabled",
        "delivery-enabled",
        "veg",
        "services",
        "sf-spicy",
        "sf-not-vegan",
        "veg"
      ]
    },
    {
      "name": "Cream and Onion Maggi",
      "description": "",
      "media": null,
      "price": 110,
      "menuName": "Maggi",
      "categoryName": "",
      "slugs": [
        "veg",
        "services",
        "sf-not-vegan",
        "delivery-enabled",
        "delivery-enabled",
        "veg",
        "services",
        "sf-not-vegan",
        "veg"
      ]
    },
    {
      "name": "Cheese Mayo Blast Maggi",
      "description": "",
      "media": null,
      "price": 140,
      "menuName": "Maggi",
      "categoryName": "",
      "slugs": [
        "veg",
        "services",
        "sf-not-vegan",
        "delivery-enabled",
        "delivery-enabled",
        "veg",
        "services",
        "sf-not-vegan",
        "veg"
      ]
    }
  ]
}