{
  "basicInfo": {
    "name": "My Cold Zone",
    "cuisine_string": "Beverages, Shake",
    "canonicalUrl": "https://www.zomato.com/surat/my-cold-zone-city-light/order"
  },
  "ratings": {
    "DINING": {
      "rating_type": "DINING",
      "rating": "3.7",
      "reviewCount": "20",
      "reviewTextSmall": "20 Reviews",
      "subtext": "20 Dining Reviews",
      "color": "#1C1C1C",
      "ratingV2": "3.7",
      "subtitle": "DINING",
      "sideSubTitle": "Dining Ratings",
      "bgColorV2": {
        "type": "green",
        "tint": "600"
      },
      "newOnDining": false
    },
    "DELIVERY": {
      "rating_type": "DELIVERY",
      "rating": "4.2",
      "reviewCount": "106",
      "reviewTextSmall": "106 Reviews",
      "subtext": "106 Delivery Reviews",
      "color": "#E23744",
      "ratingV2": "4.2",
      "subtitle": "DELIVERY",
      "sideSubTitle": "Delivery Ratings",
      "bgColorV2": {
        "type": "green",
        "tint": "700"
      },
      "newOnDelivery": false
    }
  },
  "establishment": {
    "city_id": 38,
    "city_name": "Surat",
    "country_id": 1,
    "country_name": "India",
    "zipcode": "",
    "is_dark_kitchen": false,
    "locality_verbose": "City Light, Surat",
    "latitude": "21.1636317755",
    "longitude": "72.7948914841",
    "static_map_url": "https://maps.zomato.com/php/staticmap?center=21.1636317755,72.7948914841&maptype=zomato&markers=21.1636317755,72.7948914841,pin_res32&sensor=false&scale=2&zoom=16&language=en&size=240x150&size=400x240",
    "address": "G8, Agrasen Point Complex, Near Agrasen Bhavan, City Light, Surat",
    "is_phone_available": 1,
    "phoneDetails": {
      "title": "Phone Numbers",
      "phoneStr": "+919510338187"
    },
    "res_chain_text": "",
    "res_group_text": "",
    "res_chain_url": "",
    "res_group_url": "",
    "show_res_map": true
  },
  "items": [
    {
      "name": "Chocolate Oreo Shake",
      "description": "",
      "media": null,
      "price": 130,
      "menuName": "My Cold Zone Special Shakes",
      "categoryName": "My Cold Zone Special Shakes",
      "slugs": [
        "veg",
        "restaurant-recommended",
        "goods",
        "sf-no-onion",
        "sf-no-garlic",
        "sf-kid-friendly",
        "delivery-enabled",
        "delivery-enabled",
        "veg",
        "restaurant-recommended",
        "goods",
        "sf-no-onion",
        "sf-no-garlic",
        "sf-kid-friendly",
        "veg"
      ]
    },
    {
      "name": "Strawberry Oreo Shake",
      "description": "",
      "media": null,
      "price": 130,
      "menuName": "My Cold Zone Special Shakes",
      "categoryName": "My Cold Zone Special Shakes",
      "slugs": [
        "veg",
        "goods",
        "sf-no-onion",
        "sf-no-garlic",
        "sf-kid-friendly",
        "delivery-enabled",
        "delivery-enabled",
        "veg",
        "goods",
        "sf-no-onion",
        "sf-no-garlic",
        "sf-kid-friendly",
        "veg"
      ]
    },
    {
      "name": "Caramel Oreo Shake",
      "description": "",
      "media": null,
      "price": 130,
      "menuName": "My Cold Zone Special Shakes",
      "categoryName": "My Cold Zone Special Shakes",
      "slugs": [
        "veg",
        "goods",
        "sf-no-onion",
        "sf-no-garlic",
        "sf-kid-friendly",
        "delivery-enabled",
        "delivery-enabled",
        "veg",
        "goods",
        "sf-no-onion",
        "sf-no-garlic",
        "sf-kid-friendly",
        "veg"
      ]
    },
    {
      "name": "Butterscotch Caramel Oreo Shake",
      "description": "",
      "media": null,
      "price": 130,
      "menuName": "My Cold Zone Special Shakes",
      "categoryName": "My Cold Zone Special Shakes",
      "slugs": [
        "veg",
        "restaurant-recommended",
        "goods",
        "sf-no-onion",
        "sf-no-garlic",
        "sf-kid-friendly",
        "delivery-enabled",
        "delivery-enabled",
        "veg",
        "restaurant-recommended",
        "goods",
        "sf-no-onion",
        "sf-no-garlic",
        "sf-kid-friendly",
        "veg"
      ]
    },
    {
      "name": "Dark Chocolate Chips Shake",
      "description": "",
      "media": null,
      "price": 130,
      "menuName": "My Cold Zone Special Shakes",
      "categoryName": "My Cold Zone Special Shakes",
      "slugs": [
        "veg",
        "restaurant-recommended",
        "goods",
        "sf-no-onion",
        "sf-no-garlic",
        "sf-kid-friendly",
        "delivery-enabled",
        "delivery-enabled",
        "veg",
        "restaurant-recommended",
        "goods",
        "sf-no-onion",
        "sf-no-garlic",
        "sf-kid-friendly",
        "veg"
      ]
    },
    {
      "name": "Milk Chocolate Chips Shake",
      "description": "",
      "media": null,
      "price": 130,
      "menuName": "My Cold Zone Special Shakes",
      "categoryName": "My Cold Zone Special Shakes",
      "slugs": [
        "veg",
        "restaurant-recommended",
        "goods",
        "sf-no-onion",
        "sf-no-garlic",
        "sf-kid-friendly",
        "delivery-enabled",
        "delivery-enabled",
        "veg",
        "restaurant-recommended",
        "goods",
        "sf-no-onion",
        "sf-no-garlic",
        "sf-kid-friendly",
        "veg"
      ]
    },
    {
      "name": "Chocolate Gems Shake",
      "description": "",
      "media": null,
      "price": 155,
      "menuName": "My Cold Zone Special Shakes",
      "categoryName": "My Cold Zone Special Shakes",
      "slugs": [
        "veg",
        "goods",
        "sf-no-onion",
        "sf-no-garlic",
        "sf-kid-friendly",
        "delivery-enabled",
        "delivery-enabled",
        "veg",
        "goods",
        "sf-no-onion",
        "sf-no-garlic",
        "sf-kid-friendly",
        "veg"
      ]
    },
    {
      "name": "KitKat Shake",
      "description": "",
      "media": null,
      "price": 155,
      "menuName": "My Cold Zone Special Shakes",
      "categoryName": "My Cold Zone Special Shakes",
      "slugs": [
        "veg",
        "restaurant-recommended",
        "goods",
        "sf-no-onion",
        "sf-no-garlic",
        "sf-kid-friendly",
        "delivery-enabled",
        "delivery-enabled",
        "veg",
        "restaurant-recommended",
        "goods",
        "sf-no-onion",
        "sf-no-garlic",
        "sf-kid-friendly",
        "veg"
      ]
    },
    {
      "name": "Snicker Shake",
      "description": "",
      "media": null,
      "price": 155,
      "menuName": "My Cold Zone Special Shakes",
      "categoryName": "My Cold Zone Special Shakes",
      "slugs": [
        "veg",
        "goods",
        "sf-no-onion",
        "sf-no-garlic",
        "sf-kid-friendly",
        "delivery-enabled",
        "delivery-enabled",
        "veg",
        "goods",
        "sf-no-onion",
        "sf-no-garlic",
        "sf-kid-friendly",
        "veg"
      ]
    },
    {
      "name": "Choco Nutella Shake",
      "description": "",
      "media": null,
      "price": 180,
      "menuName": "My Cold Zone Special Shakes",
      "categoryName": "My Cold Zone Special Shakes",
      "slugs": [
        "veg",
        "goods",
        "sf-no-onion",
        "sf-no-garlic",
        "sf-kid-friendly",
        "delivery-enabled",
        "delivery-enabled",
        "veg",
        "goods",
        "sf-no-onion",
        "sf-no-garlic",
        "sf-kid-friendly",
        "veg"
      ]
    },
    {
      "name": "Choco Brownie Shake",
      "description": "",
      "media": null,
      "price": 180,
      "menuName": "My Cold Zone Special Shakes",
      "categoryName": "My Cold Zone Special Shakes",
      "slugs": [
        "veg",
        "restaurant-recommended",
        "goods",
        "sf-no-onion",
        "sf-no-garlic",
        "sf-kid-friendly",
        "delivery-enabled",
        "delivery-enabled",
        "veg",
        "restaurant-recommended",
        "goods",
        "sf-no-onion",
        "sf-no-garlic",
        "sf-kid-friendly",
        "veg"
      ]
    },
    {
      "name": "Anjeer Milkshake",
      "description": "",
      "media": null,
      "price": 155,
      "menuName": "My Cold Zone Special Shakes",
      "categoryName": "Special Nut Milkshakes",
      "slugs": [
        "veg",
        "goods",
        "sf-no-onion",
        "sf-no-garlic",
        "sf-kid-friendly",
        "delivery-enabled",
        "delivery-enabled",
        "veg",
        "goods",
        "sf-no-onion",
        "sf-no-garlic",
        "sf-kid-friendly",
        "veg"
      ]
    },
    {
      "name": "Kaju Anjeer Milkshake",
      "description": "",
      "media": null,
      "price": 155,
      "menuName": "My Cold Zone Special Shakes",
      "categoryName": "Special Nut Milkshakes",
      "slugs": [
        "veg",
        "goods",
        "sf-no-onion",
        "sf-no-garlic",
        "sf-kid-friendly",
        "delivery-enabled",
        "delivery-enabled",
        "veg",
        "goods",
        "sf-no-onion",
        "sf-no-garlic",
        "sf-kid-friendly",
        "veg"
      ]
    },
    {
      "name": "Kaju Badam Milkshake",
      "description": "",
      "media": null,
      "price": 155,
      "menuName": "My Cold Zone Special Shakes",
      "categoryName": "Special Nut Milkshakes",
      "slugs": [
        "veg",
        "goods",
        "sf-no-onion",
        "sf-no-garlic",
        "sf-kid-friendly",
        "delivery-enabled",
        "delivery-enabled",
        "veg",
        "goods",
        "sf-no-onion",
        "sf-no-garlic",
        "sf-kid-friendly",
        "veg"
      ]
    },
    {
      "name": "Rose Milkshake",
      "description": "",
      "media": null,
      "price": 50,
      "menuName": "Milkshakes",
      "categoryName": "",
      "slugs": [
        "veg",
        "goods",
        "delivery-enabled",
        "delivery-enabled",
        "veg",
        "goods",
        "veg"
      ]
    },
    {
      "name": "Kesar Rajbhog Milkshake",
      "description": "",
      "media": null,
      "price": 50,
      "menuName": "Milkshakes",
      "categoryName": "",
      "slugs": [
        "veg",
        "goods",
        "delivery-enabled",
        "delivery-enabled",
        "veg",
        "goods",
        "veg"
      ]
    },
    {
      "name": "Kesar Pista Milkshake",
      "description": "",
      "media": null,
      "price": 50,
      "menuName": "Milkshakes",
      "categoryName": "",
      "slugs": [
        "veg",
        "goods",
        "delivery-enabled",
        "delivery-enabled",
        "veg",
        "goods",
        "veg"
      ]
    },
    {
      "name": "Pineapple Milkshake",
      "description": "",
      "media": null,
      "price": 50,
      "menuName": "Milkshakes",
      "categoryName": "",
      "slugs": [
        "veg",
        "goods",
        "delivery-enabled",
        "delivery-enabled",
        "veg",
        "goods",
        "veg"
      ]
    },
    {
      "name": "Mango Milkshake",
      "description": "",
      "media": null,
      "price": 50,
      "menuName": "Milkshakes",
      "categoryName": "",
      "slugs": [
        "veg",
        "goods",
        "delivery-enabled",
        "delivery-enabled",
        "veg",
        "goods",
        "veg"
      ]
    },
    {
      "name": "Butterscotch Milkshake",
      "description": "",
      "media": null,
      "price": 50,
      "menuName": "Milkshakes",
      "categoryName": "",
      "slugs": [
        "veg",
        "restaurant-recommended",
        "goods",
        "delivery-enabled",
        "delivery-enabled",
        "veg",
        "restaurant-recommended",
        "goods",
        "veg"
      ]
    },
    {
      "name": "Badam Pista Milkshake",
      "description": "",
      "media": null,
      "price": 50,
      "menuName": "Milkshakes",
      "categoryName": "",
      "slugs": [
        "veg",
        "goods",
        "delivery-enabled",
        "delivery-enabled",
        "veg",
        "goods",
        "veg"
      ]
    },
    {
      "name": "Mawa Malai Milkshake",
      "description": "",
      "media": null,
      "price": 50,
      "menuName": "Milkshakes",
      "categoryName": "",
      "slugs": [
        "veg",
        "goods",
        "delivery-enabled",
        "delivery-enabled",
        "veg",
        "goods",
        "veg"
      ]
    },
    {
      "name": "Chocolate Crush Shake",
      "description": "",
      "media": null,
      "price": 75,
      "menuName": "Crush Shakes",
      "categoryName": "",
      "slugs": [
        "veg",
        "restaurant-recommended",
        "goods",
        "sf-no-onion",
        "sf-no-garlic",
        "sf-kid-friendly",
        "delivery-enabled",
        "delivery-enabled",
        "veg",
        "restaurant-recommended",
        "goods",
        "sf-no-onion",
        "sf-no-garlic",
        "sf-kid-friendly",
        "veg"
      ]
    },
    {
      "name": "Pineapple Crush Shake",
      "description": "",
      "media": null,
      "price": 75,
      "menuName": "Crush Shakes",
      "categoryName": "",
      "slugs": [
        "veg",
        "goods",
        "sf-no-onion",
        "sf-no-garlic",
        "sf-kid-friendly",
        "delivery-enabled",
        "delivery-enabled",
        "veg",
        "goods",
        "sf-no-onion",
        "sf-no-garlic",
        "sf-kid-friendly",
        "veg"
      ]
    },
    {
      "name": "Mango Crush Shake",
      "description": "",
      "media": null,
      "price": 75,
      "menuName": "Crush Shakes",
      "categoryName": "",
      "slugs": [
        "veg",
        "goods",
        "sf-no-onion",
        "sf-no-garlic",
        "sf-kid-friendly",
        "delivery-enabled",
        "delivery-enabled",
        "veg",
        "goods",
        "sf-no-onion",
        "sf-no-garlic",
        "sf-kid-friendly",
        "veg"
      ]
    },
    {
      "name": "Vanilla Crush Shake",
      "description": "",
      "media": null,
      "price": 75,
      "menuName": "Crush Shakes",
      "categoryName": "",
      "slugs": [
        "veg",
        "goods",
        "sf-no-onion",
        "sf-no-garlic",
        "sf-kid-friendly",
        "delivery-enabled",
        "delivery-enabled",
        "veg",
        "goods",
        "sf-no-onion",
        "sf-no-garlic",
        "sf-kid-friendly",
        "veg"
      ]
    },
    {
      "name": "Blackcurrant Crush Shake",
      "description": "",
      "media": null,
      "price": 75,
      "menuName": "Crush Shakes",
      "categoryName": "",
      "slugs": [
        "veg",
        "restaurant-recommended",
        "goods",
        "sf-no-onion",
        "sf-no-garlic",
        "sf-kid-friendly",
        "delivery-enabled",
        "delivery-enabled",
        "veg",
        "restaurant-recommended",
        "goods",
        "sf-no-onion",
        "sf-no-garlic",
        "sf-kid-friendly",
        "veg"
      ]
    },
    {
      "name": "Strawberry Crush Shake",
      "description": "",
      "media": null,
      "price": 75,
      "menuName": "Crush Shakes",
      "categoryName": "",
      "slugs": [
        "veg",
        "goods",
        "sf-no-onion",
        "sf-no-garlic",
        "sf-kid-friendly",
        "delivery-enabled",
        "delivery-enabled",
        "veg",
        "goods",
        "sf-no-onion",
        "sf-no-garlic",
        "sf-kid-friendly",
        "veg"
      ]
    },
    {
      "name": "Butterscotch Crush Shake",
      "description": "",
      "media": null,
      "price": 75,
      "menuName": "Crush Shakes",
      "categoryName": "",
      "slugs": [
        "veg",
        "goods",
        "sf-no-onion",
        "sf-no-garlic",
        "sf-kid-friendly",
        "delivery-enabled",
        "delivery-enabled",
        "veg",
        "goods",
        "sf-no-onion",
        "sf-no-garlic",
        "sf-kid-friendly",
        "veg"
      ]
    },
    {
      "name": "Blueberry Crush Shake",
      "description": "",
      "media": null,
      "price": 75,
      "menuName": "Crush Shakes",
      "categoryName": "",
      "slugs": [
        "veg",
        "goods",
        "sf-no-onion",
        "sf-no-garlic",
        "sf-kid-friendly",
        "delivery-enabled",
        "delivery-enabled",
        "veg",
        "goods",
        "sf-no-onion",
        "sf-no-garlic",
        "sf-kid-friendly",
        "veg"
      ]
    },
    {
      "name": "Kiwi Crush Shake",
      "description": "",
      "media": null,
      "price": 75,
      "menuName": "Crush Shakes",
      "categoryName": "",
      "slugs": [
        "veg",
        "goods",
        "sf-no-onion",
        "sf-no-garlic",
        "sf-kid-friendly",
        "delivery-enabled",
        "delivery-enabled",
        "veg",
        "goods",
        "sf-no-onion",
        "sf-no-garlic",
        "sf-kid-friendly",
        "veg"
      ]
    },
    {
      "name": "Cold Coffee",
      "description": "",
      "media": null,
      "price": 70,
      "menuName": "Coffee",
      "categoryName": "",
      "slugs": [
        "veg",
        "restaurant-recommended",
        "services",
        "delivery-enabled",
        "delivery-enabled",
        "veg",
        "restaurant-recommended",
        "services",
        "veg"
      ]
    },
    {
      "name": "Choco Cold Coffee",
      "description": "",
      "media": null,
      "price": 95,
      "menuName": "Coffee",
      "categoryName": "",
      "slugs": [
        "veg",
        "restaurant-recommended",
        "services",
        "delivery-enabled",
        "delivery-enabled",
        "veg",
        "restaurant-recommended",
        "services",
        "veg"
      ]
    },
    {
      "name": "Caramel Coffee",
      "description": "",
      "media": null,
      "price": 95,
      "menuName": "Coffee",
      "categoryName": "",
      "slugs": [
        "veg",
        "services",
        "delivery-enabled",
        "delivery-enabled",
        "veg",
        "services",
        "veg"
      ]
    },
    {
      "name": "Blueberry Pulpy Soda",
      "description": "",
      "media": null,
      "price": 50,
      "menuName": "Pulpy Soda",
      "categoryName": "",
      "slugs": [
        "veg",
        "goods",
        "delivery-enabled",
        "delivery-enabled",
        "veg",
        "goods",
        "veg"
      ]
    },
    {
      "name": "Strawberry Pulpy Soda",
      "description": "",
      "media": null,
      "price": 50,
      "menuName": "Pulpy Soda",
      "categoryName": "",
      "slugs": [
        "veg",
        "goods",
        "delivery-enabled",
        "delivery-enabled",
        "veg",
        "goods",
        "veg"
      ]
    },
    {
      "name": "Pineapple Pulpy Soda",
      "description": "",
      "media": null,
      "price": 50,
      "menuName": "Pulpy Soda",
      "categoryName": "",
      "slugs": [
        "veg",
        "goods",
        "delivery-enabled",
        "delivery-enabled",
        "veg",
        "goods",
        "veg"
      ]
    },
    {
      "name": "Mango Pulpy Soda",
      "description": "",
      "media": null,
      "price": 50,
      "menuName": "Pulpy Soda",
      "categoryName": "",
      "slugs": [
        "veg",
        "goods",
        "delivery-enabled",
        "delivery-enabled",
        "veg",
        "goods",
        "veg"
      ]
    },
    {
      "name": "Orange Pulpy Soda",
      "description": "",
      "media": null,
      "price": 50,
      "menuName": "Pulpy Soda",
      "categoryName": "",
      "slugs": [
        "veg",
        "goods",
        "delivery-enabled",
        "delivery-enabled",
        "veg",
        "goods",
        "veg"
      ]
    },
    {
      "name": "Kiwi Pulpy Soda",
      "description": "",
      "media": null,
      "price": 50,
      "menuName": "Pulpy Soda",
      "categoryName": "",
      "slugs": [
        "veg",
        "goods",
        "delivery-enabled",
        "delivery-enabled",
        "veg",
        "goods",
        "veg"
      ]
    },
    {
      "name": "Green Apple Pulpy Soda",
      "description": "",
      "media": null,
      "price": 50,
      "menuName": "Pulpy Soda",
      "categoryName": "",
      "slugs": [
        "veg",
        "goods",
        "delivery-enabled",
        "delivery-enabled",
        "veg",
        "goods",
        "veg"
      ]
    },
    {
      "name": "Cranberry Pulpy Soda",
      "description": "",
      "media": null,
      "price": 50,
      "menuName": "Pulpy Soda",
      "categoryName": "",
      "slugs": [
        "veg",
        "goods",
        "delivery-enabled",
        "delivery-enabled",
        "veg",
        "goods",
        "veg"
      ]
    },
    {
      "name": "Watermelon Pulpy Soda",
      "description": "",
      "media": null,
      "price": 50,
      "menuName": "Pulpy Soda",
      "categoryName": "",
      "slugs": [
        "veg",
        "goods",
        "delivery-enabled",
        "delivery-enabled",
        "veg",
        "goods",
        "veg"
      ]
    },
    {
      "name": "Guava Pulpy Soda",
      "description": "",
      "media": null,
      "price": 50,
      "menuName": "Pulpy Soda",
      "categoryName": "",
      "slugs": [
        "veg",
        "goods",
        "delivery-enabled",
        "delivery-enabled",
        "veg",
        "goods",
        "veg"
      ]
    },
    {
      "name": "Lemon Up Pulpy Soda",
      "description": "",
      "media": null,
      "price": 50,
      "menuName": "Pulpy Soda",
      "categoryName": "",
      "slugs": [
        "veg",
        "goods",
        "delivery-enabled",
        "delivery-enabled",
        "veg",
        "goods",
        "veg"
      ]
    },
    {
      "name": "3 Color Flavored Soda",
      "description": "Lime lemon, blueberry& strawberry 3 layer soda.",
      "media": null,
      "price": 35,
      "menuName": "Special Flavour Soda",
      "categoryName": "Special Flavou Soda",
      "slugs": [
        "veg",
        "goods",
        "delivery-enabled",
        "delivery-enabled",
        "veg",
        "goods",
        "veg"
      ]
    },
    {
      "name": "Tiranga",
      "description": "Orange, lime lemon & kachi keri 3 Layers.",
      "media": null,
      "price": 35,
      "menuName": "Special Flavour Soda",
      "categoryName": "Special Flavou Soda",
      "slugs": [
        "veg",
        "goods",
        "delivery-enabled",
        "delivery-enabled",
        "veg",
        "goods",
        "veg"
      ]
    },
    {
      "name": "Pudina Sweet",
      "description": "It will b sweet.",
      "media": null,
      "price": 35,
      "menuName": "Special Flavour Soda",
      "categoryName": "Special Flavou Soda",
      "slugs": [
        "veg",
        "goods",
        "delivery-enabled",
        "delivery-enabled",
        "veg",
        "goods",
        "veg"
      ]
    },
    {
      "name": "Pudina Salted",
      "description": "It will b salted.",
      "media": null,
      "price": 35,
      "menuName": "Special Flavour Soda",
      "categoryName": "Special Flavou Soda",
      "slugs": [
        "veg",
        "goods",
        "delivery-enabled",
        "delivery-enabled",
        "veg",
        "goods",
        "veg"
      ]
    },
    {
      "name": "Nimbu Soda",
      "description": "",
      "media": null,
      "price": 30,
      "menuName": "Regular Soda",
      "categoryName": "",
      "slugs": [
        "veg",
        "restaurant-recommended",
        "goods",
        "delivery-enabled",
        "delivery-enabled",
        "veg",
        "restaurant-recommended",
        "goods",
        "veg"
      ]
    },
    {
      "name": "Orange Soda",
      "description": "",
      "media": null,
      "price": 30,
      "menuName": "Regular Soda",
      "categoryName": "",
      "slugs": [
        "veg",
        "goods",
        "delivery-enabled",
        "delivery-enabled",
        "veg",
        "goods",
        "veg"
      ]
    },
    {
      "name": "Jeera Masala Soda",
      "description": "",
      "media": null,
      "price": 30,
      "menuName": "Regular Soda",
      "categoryName": "",
      "slugs": [
        "veg",
        "restaurant-recommended",
        "goods",
        "delivery-enabled",
        "delivery-enabled",
        "veg",
        "restaurant-recommended",
        "goods",
        "veg"
      ]
    },
    {
      "name": "Lime Lemon Soda",
      "description": "",
      "media": null,
      "price": 30,
      "menuName": "Regular Soda",
      "categoryName": "",
      "slugs": [
        "veg",
        "goods",
        "delivery-enabled",
        "delivery-enabled",
        "veg",
        "goods",
        "veg"
      ]
    },
    {
      "name": "Fruit Beer Soda",
      "description": "",
      "media": null,
      "price": 30,
      "menuName": "Regular Soda",
      "categoryName": "",
      "slugs": [
        "veg",
        "goods",
        "delivery-enabled",
        "delivery-enabled",
        "veg",
        "goods",
        "veg"
      ]
    },
    {
      "name": "King Cola Soda",
      "description": "",
      "media": null,
      "price": 30,
      "menuName": "Regular Soda",
      "categoryName": "",
      "slugs": [
        "veg",
        "goods",
        "delivery-enabled",
        "delivery-enabled",
        "veg",
        "goods",
        "veg"
      ]
    },
    {
      "name": "Strawberry Soda",
      "description": "",
      "media": null,
      "price": 30,
      "menuName": "Regular Soda",
      "categoryName": "",
      "slugs": [
        "veg",
        "goods",
        "delivery-enabled",
        "delivery-enabled",
        "veg",
        "goods",
        "veg"
      ]
    },
    {
      "name": "Pineapple Soda",
      "description": "",
      "media": null,
      "price": 30,
      "menuName": "Regular Soda",
      "categoryName": "",
      "slugs": [
        "veg",
        "goods",
        "delivery-enabled",
        "delivery-enabled",
        "veg",
        "goods",
        "veg"
      ]
    },
    {
      "name": "Kiwi Soda",
      "description": "",
      "media": null,
      "price": 30,
      "menuName": "Regular Soda",
      "categoryName": "",
      "slugs": [
        "veg",
        "goods",
        "delivery-enabled",
        "delivery-enabled",
        "veg",
        "goods",
        "veg"
      ]
    },
    {
      "name": "Cranberry Soda",
      "description": "",
      "media": null,
      "price": 30,
      "menuName": "Regular Soda",
      "categoryName": "",
      "slugs": [
        "veg",
        "restaurant-recommended",
        "goods",
        "delivery-enabled",
        "delivery-enabled",
        "veg",
        "restaurant-recommended",
        "goods",
        "veg"
      ]
    },
    {
      "name": "Blueberry Soda",
      "description": "",
      "media": null,
      "price": 30,
      "menuName": "Regular Soda",
      "categoryName": "",
      "slugs": [
        "veg",
        "restaurant-recommended",
        "goods",
        "delivery-enabled",
        "delivery-enabled",
        "veg",
        "restaurant-recommended",
        "goods",
        "veg"
      ]
    },
    {
      "name": "Lichee Soda",
      "description": "",
      "media": null,
      "price": 30,
      "menuName": "Regular Soda",
      "categoryName": "",
      "slugs": [
        "veg",
        "goods",
        "delivery-enabled",
        "delivery-enabled",
        "veg",
        "goods",
        "veg"
      ]
    },
    {
      "name": "Falsa Soda",
      "description": "",
      "media": null,
      "price": 30,
      "menuName": "Regular Soda",
      "categoryName": "",
      "slugs": [
        "veg",
        "goods",
        "delivery-enabled",
        "delivery-enabled",
        "veg",
        "goods",
        "veg"
      ]
    },
    {
      "name": "Kala Khata Soda",
      "description": "",
      "media": null,
      "price": 30,
      "menuName": "Regular Soda",
      "categoryName": "",
      "slugs": [
        "veg",
        "goods",
        "delivery-enabled",
        "delivery-enabled",
        "veg",
        "goods",
        "veg"
      ]
    },
    {
      "name": "Kachi Keri Soda",
      "description": "",
      "media": null,
      "price": 30,
      "menuName": "Regular Soda",
      "categoryName": "",
      "slugs": [
        "veg",
        "goods",
        "delivery-enabled",
        "delivery-enabled",
        "veg",
        "goods",
        "veg"
      ]
    },
    {
      "name": "Green Apple Soda",
      "description": "",
      "media": null,
      "price": 30,
      "menuName": "Regular Soda",
      "categoryName": "",
      "slugs": [
        "veg",
        "goods",
        "delivery-enabled",
        "delivery-enabled",
        "veg",
        "goods",
        "veg"
      ]
    },
    {
      "name": "Guava Soda",
      "description": "",
      "media": null,
      "price": 30,
      "menuName": "Regular Soda",
      "categoryName": "",
      "slugs": [
        "veg",
        "goods",
        "delivery-enabled",
        "delivery-enabled",
        "veg",
        "goods",
        "veg"
      ]
    },
    {
      "name": "Mint Soda",
      "description": "",
      "media": null,
      "price": 30,
      "menuName": "Regular Soda",
      "categoryName": "",
      "slugs": [
        "veg",
        "goods",
        "delivery-enabled",
        "delivery-enabled",
        "veg",
        "goods",
        "veg"
      ]
    },
    {
      "name": "Jeera Masala with Lemon & Masala",
      "description": "",
      "media": null,
      "price": 35,
      "menuName": "Soda with Lemon & Masala",
      "categoryName": "",
      "slugs": [
        "veg",
        "restaurant-recommended",
        "goods",
        "delivery-enabled",
        "delivery-enabled",
        "veg",
        "restaurant-recommended",
        "goods",
        "veg"
      ]
    },
    {
      "name": "Lime Lemon with Lemon & Masala",
      "description": "",
      "media": null,
      "price": 35,
      "menuName": "Soda with Lemon & Masala",
      "categoryName": "",
      "slugs": [
        "veg",
        "restaurant-recommended",
        "goods",
        "delivery-enabled",
        "delivery-enabled",
        "veg",
        "restaurant-recommended",
        "goods",
        "veg"
      ]
    },
    {
      "name": "Strawberry with Lemon & Masala",
      "description": "",
      "media": null,
      "price": 35,
      "menuName": "Soda with Lemon & Masala",
      "categoryName": "",
      "slugs": [
        "veg",
        "goods",
        "delivery-enabled",
        "delivery-enabled",
        "veg",
        "goods",
        "veg"
      ]
    },
    {
      "name": "Pineapple with Lemon & Masala",
      "description": "",
      "media": null,
      "price": 35,
      "menuName": "Soda with Lemon & Masala",
      "categoryName": "",
      "slugs": [
        "veg",
        "goods",
        "delivery-enabled",
        "delivery-enabled",
        "veg",
        "goods",
        "veg"
      ]
    },
    {
      "name": "Kiwi with Lemon & Masala",
      "description": "",
      "media": null,
      "price": 35,
      "menuName": "Soda with Lemon & Masala",
      "categoryName": "",
      "slugs": [
        "veg",
        "goods",
        "delivery-enabled",
        "delivery-enabled",
        "veg",
        "goods",
        "veg"
      ]
    },
    {
      "name": "Cranberry with Lemon & Masala",
      "description": "",
      "media": null,
      "price": 35,
      "menuName": "Soda with Lemon & Masala",
      "categoryName": "",
      "slugs": [
        "veg",
        "goods",
        "delivery-enabled",
        "delivery-enabled",
        "veg",
        "goods",
        "veg"
      ]
    },
    {
      "name": "Blueberry with Lemon & Masala",
      "description": "",
      "media": null,
      "price": 35,
      "menuName": "Soda with Lemon & Masala",
      "categoryName": "",
      "slugs": [
        "veg",
        "goods",
        "delivery-enabled",
        "delivery-enabled",
        "veg",
        "goods",
        "veg"
      ]
    },
    {
      "name": "Lichee with Lemon & Masala",
      "description": "",
      "media": null,
      "price": 35,
      "menuName": "Soda with Lemon & Masala",
      "categoryName": "",
      "slugs": [
        "veg",
        "goods",
        "delivery-enabled",
        "delivery-enabled",
        "veg",
        "goods",
        "veg"
      ]
    },
    {
      "name": "Falsa with Lemon & Masala",
      "description": "",
      "media": null,
      "price": 35,
      "menuName": "Soda with Lemon & Masala",
      "categoryName": "",
      "slugs": [
        "veg",
        "goods",
        "delivery-enabled",
        "delivery-enabled",
        "veg",
        "goods",
        "veg"
      ]
    },
    {
      "name": "Kala Khata with Lemon & Masala",
      "description": "",
      "media": null,
      "price": 35,
      "menuName": "Soda with Lemon & Masala",
      "categoryName": "",
      "slugs": [
        "veg",
        "restaurant-recommended",
        "goods",
        "delivery-enabled",
        "delivery-enabled",
        "veg",
        "restaurant-recommended",
        "goods",
        "veg"
      ]
    },
    {
      "name": "Kachi Keri with Lemon & Masala",
      "description": "",
      "media": null,
      "price": 35,
      "menuName": "Soda with Lemon & Masala",
      "categoryName": "",
      "slugs": [
        "veg",
        "restaurant-recommended",
        "goods",
        "delivery-enabled",
        "delivery-enabled",
        "veg",
        "restaurant-recommended",
        "goods",
        "veg"
      ]
    },
    {
      "name": "Green Apple with Lemon & Masala",
      "description": "",
      "media": null,
      "price": 35,
      "menuName": "Soda with Lemon & Masala",
      "categoryName": "",
      "slugs": [
        "veg",
        "goods",
        "delivery-enabled",
        "delivery-enabled",
        "veg",
        "goods",
        "veg"
      ]
    },
    {
      "name": "Guava with Lemon & Masala",
      "description": "",
      "media": null,
      "price": 35,
      "menuName": "Soda with Lemon & Masala",
      "categoryName": "",
      "slugs": [
        "veg",
        "goods",
        "delivery-enabled",
        "delivery-enabled",
        "veg",
        "goods",
        "veg"
      ]
    },
    {
      "name": "Mint with Lemon & Masala",
      "description": "",
      "media": null,
      "price": 35,
      "menuName": "Soda with Lemon & Masala",
      "categoryName": "",
      "slugs": [
        "veg",
        "goods",
        "delivery-enabled",
        "delivery-enabled",
        "veg",
        "goods",
        "veg"
      ]
    },
    {
      "name": "Orange with Lemon & Masala",
      "description": "",
      "media": null,
      "price": 35,
      "menuName": "Soda with Lemon & Masala",
      "categoryName": "",
      "slugs": [
        "veg",
        "goods",
        "delivery-enabled",
        "delivery-enabled",
        "veg",
        "goods",
        "veg"
      ]
    }
  ]
}