{
  "basicInfo": {
    "name": "Nawab's Kitchen",
    "cuisine_string": "Kebab, Chinese, North Indian, Mughlai, Biryani",
    "canonicalUrl": "https://www.zomato.com/surat/nawabs-kitchen-shahpore/order"
  },
  "ratings": {
    "DINING": {
      "rating_type": "DINING",
      "rating": "3.7",
      "reviewCount": "42",
      "reviewTextSmall": "42 Reviews",
      "subtext": "42 Dining Reviews",
      "color": "#1C1C1C",
      "ratingV2": "3.7",
      "subtitle": "DINING",
      "sideSubTitle": "Dining Ratings",
      "bgColorV2": {
        "type": "green",
        "tint": "600"
      },
      "newOnDining": false
    },
    "DELIVERY": {
      "rating_type": "DELIVERY",
      "rating": "3.8",
      "reviewCount": "2,757",
      "reviewTextSmall": "2,757 Reviews",
      "subtext": "2,757 Delivery Reviews",
      "color": "#E23744",
      "ratingV2": "3.8",
      "subtitle": "DELIVERY",
      "sideSubTitle": "Delivery Ratings",
      "bgColorV2": {
        "type": "green",
        "tint": "600"
      },
      "newOnDelivery": false
    }
  },
  "establishment": {
    "city_id": 38,
    "city_name": "Surat",
    "country_id": 1,
    "country_name": "India",
    "zipcode": "",
    "is_dark_kitchen": false,
    "locality_verbose": "Shahpore, Surat",
    "latitude": "21.1995778000",
    "longitude": "72.8260520000",
    "static_map_url": "https://maps.zomato.com/php/staticmap?center=21.1995778000,72.8260520000&maptype=zomato&markers=21.1995778000,72.8260520000,pin_res32&sensor=false&scale=2&zoom=16&language=en&size=240x150&size=400x240",
    "address": "Opposite Wedding Showroom, Lalgate, Shahpore, Surat",
    "is_phone_available": 1,
    "phoneDetails": {
      "title": "Phone Numbers",
      "phoneStr": "+918780541112"
    },
    "res_chain_text": "",
    "res_group_text": "",
    "res_chain_url": "",
    "res_group_url": "",
    "show_res_map": true
  },
  "items": [
    {
      "name": "Veg Hot and Sour Soup [500 ml]",
      "description": "",
      "media": null,
      "price": 210,
      "menuName": "Soups",
      "categoryName": "Veg Soups",
      "slugs": [
        "veg",
        "services",
        "delivery-enabled",
        "delivery-enabled",
        "veg",
        "services",
        "veg"
      ]
    },
    {
      "name": "Veg Manchow Soup [500 ml]",
      "description": "",
      "media": "https://b.zmtcdn.com/data/dish_photos/5c7/9a9cf23a1e063f3023cb99e662e4f5c7.jpg",
      "price": 210,
      "menuName": "Soups",
      "categoryName": "Veg Soups",
      "slugs": [
        "veg",
        "services",
        "delivery-enabled",
        "delivery-enabled",
        "veg",
        "services",
        "veg"
      ]
    },
    {
      "name": "Veg Lemon Coriander Soup [500 ml]",
      "description": "",
      "media": null,
      "price": 210,
      "menuName": "Soups",
      "categoryName": "Veg Soups",
      "slugs": [
        "veg",
        "services",
        "delivery-enabled",
        "delivery-enabled",
        "veg",
        "services",
        "veg"
      ]
    },
    {
      "name": "Veg Dragon Soup [500 ml]",
      "description": "",
      "media": null,
      "price": 210,
      "menuName": "Soups",
      "categoryName": "Veg Soups",
      "slugs": [
        "veg",
        "services",
        "delivery-enabled",
        "delivery-enabled",
        "veg",
        "services",
        "veg"
      ]
    },
    {
      "name": "Chicken Clear Soup [500 ml]",
      "description": "",
      "media": "https://b.zmtcdn.com/data/dish_photos/199/77acbcc6e26ba844dbc952624da22199.jpg",
      "price": 210,
      "menuName": "Soups",
      "categoryName": "Non Veg Soups",
      "slugs": [
        "non-veg",
        "services",
        "delivery-enabled",
        "delivery-enabled",
        "non-veg",
        "services",
        "non-veg"
      ]
    },
    {
      "name": "Chicken Manchow Soup [500 ml]",
      "description": "",
      "media": "https://b.zmtcdn.com/data/dish_photos/edd/e28daafc68a1e53ac4e1f88663df4edd.jpg",
      "price": 230,
      "menuName": "Soups",
      "categoryName": "Non Veg Soups",
      "slugs": [
        "non-veg",
        "bestseller-lunch",
        "services",
        "delivery-enabled",
        "delivery-enabled",
        "non-veg",
        "bestseller-lunch",
        "services",
        "non-veg"
      ]
    },
    {
      "name": "Chicken Hot and Sour Soup [500 ml]",
      "description": "",
      "media": null,
      "price": 230,
      "menuName": "Soups",
      "categoryName": "Non Veg Soups",
      "slugs": [
        "non-veg",
        "services",
        "delivery-enabled",
        "delivery-enabled",
        "non-veg",
        "services",
        "non-veg"
      ]
    },
    {
      "name": "Chicken Lemon Coriander Soup [500 ml]",
      "description": "",
      "media": null,
      "price": 230,
      "menuName": "Soups",
      "categoryName": "Non Veg Soups",
      "slugs": [
        "non-veg",
        "services",
        "delivery-enabled",
        "delivery-enabled",
        "non-veg",
        "services",
        "non-veg"
      ]
    },
    {
      "name": "Chicken Dragon Soup [500 ml]",
      "description": "Sweet.",
      "media": null,
      "price": 230,
      "menuName": "Soups",
      "categoryName": "Non Veg Soups",
      "slugs": [
        "non-veg",
        "services",
        "delivery-enabled",
        "delivery-enabled",
        "non-veg",
        "services",
        "non-veg"
      ]
    },
    {
      "name": "Nawabs Special Chicken Soup [500 ml]",
      "description": "",
      "media": null,
      "price": 240,
      "menuName": "Soups",
      "categoryName": "Non Veg Soups",
      "slugs": [
        "non-veg",
        "chef-special",
        "services",
        "delivery-enabled",
        "delivery-enabled",
        "non-veg",
        "chef-special",
        "services",
        "non-veg"
      ]
    },
    {
      "name": "Chicken Tandoori Leg",
      "description": "Tandoori chicken is a chicken food prepared by roasting chicken marinated in yogurt and spices in a tandoor, a cylindrical clay oven.",
      "media": "https://b.zmtcdn.com/data/dish_photos/c9c/2f97523853c3933207f4717a26096c9c.png",
      "price": 230,
      "menuName": "Tandoori Starters",
      "categoryName": "",
      "slugs": [
        "non-veg",
        "reco-snacks",
        "bestseller-late-night",
        "services",
        "delivery-enabled",
        "delivery-enabled",
        "non-veg",
        "reco-snacks",
        "bestseller-late-night",
        "services",
        "non-veg"
      ]
    },
    {
      "name": "Chicken Pathani Leg [1 Piece]",
      "description": "",
      "media": null,
      "price": 240,
      "menuName": "Tandoori Starters",
      "categoryName": "",
      "slugs": [
        "non-veg",
        "services",
        "delivery-enabled",
        "delivery-enabled",
        "non-veg",
        "services",
        "non-veg"
      ]
    },
    {
      "name": "Chicken Peri Peri Leg [1 Piece]",
      "description": "",
      "media": null,
      "price": 240,
      "menuName": "Tandoori Starters",
      "categoryName": "",
      "slugs": [
        "non-veg",
        "services",
        "sf-spicy",
        "delivery-enabled",
        "delivery-enabled",
        "non-veg",
        "services",
        "sf-spicy",
        "non-veg"
      ]
    },
    {
      "name": "Chicken Tandoori Chest",
      "description": "Seena. Chicken chest piece marinated in yoghurt & a fiery red masala, grilled in a clay tandoor oven.",
      "media": "https://b.zmtcdn.com/data/dish_photos/788/bcdd36bbe127569a8f2477e094973788.png",
      "price": 250,
      "menuName": "Tandoori Starters",
      "categoryName": "",
      "slugs": [
        "non-veg",
        "services",
        "sf-spicy",
        "delivery-enabled",
        "delivery-enabled",
        "non-veg",
        "services",
        "sf-spicy",
        "non-veg"
      ]
    },
    {
      "name": "Nawabs Special Chicken Barra Leg Piece",
      "description": "Chicken Barra One Leg Piece",
      "media": null,
      "price": 270,
      "menuName": "Tandoori Starters",
      "categoryName": "",
      "slugs": [
        "non-veg",
        "starter",
        "services",
        "delivery-enabled",
        "delivery-enabled",
        "non-veg",
        "starter",
        "services",
        "non-veg"
      ]
    },
    {
      "name": "Chicken Barra Leg [1 Piece]",
      "description": "",
      "media": null,
      "price": 270,
      "menuName": "Tandoori Starters",
      "categoryName": "",
      "slugs": [
        "non-veg",
        "services",
        "delivery-enabled",
        "delivery-enabled",
        "non-veg",
        "services",
        "non-veg"
      ]
    },
    {
      "name": "Chicken Winter Leg [1 Piece]",
      "description": "",
      "media": null,
      "price": 280,
      "menuName": "Tandoori Starters",
      "categoryName": "",
      "slugs": [
        "non-veg",
        "services",
        "delivery-enabled",
        "delivery-enabled",
        "non-veg",
        "services",
        "non-veg"
      ]
    },
    {
      "name": "Chicken Tandoori",
      "description": "Leg [2 pieces] and chest [2 pieces]. Indias most famous contribution to world cuisine, spring chicken marinated in yoghurt & a fiery red masala, grilled in a clay tandoor oven.",
      "media": null,
      "price": 0,
      "menuName": "Tandoori Starters",
      "categoryName": "",
      "slugs": [
        "non-veg",
        "services",
        "sf-spicy",
        "delivery-enabled",
        "delivery-enabled",
        "non-veg",
        "services",
        "sf-spicy",
        "non-veg"
      ]
    },
    {
      "name": "Nawabs Special Chicken Barra",
      "description": "",
      "media": null,
      "price": 0,
      "menuName": "Tandoori Starters",
      "categoryName": "",
      "slugs": [
        "non-veg",
        "chef-special",
        "services",
        "delivery-enabled",
        "delivery-enabled",
        "non-veg",
        "chef-special",
        "services",
        "non-veg"
      ]
    },
    {
      "name": "Chicken Chinese Bhel",
      "description": "",
      "media": null,
      "price": 0,
      "menuName": "Main Course",
      "categoryName": "Chinese Main Course",
      "slugs": [
        "non-veg",
        "services",
        "delivery-enabled",
        "delivery-enabled",
        "non-veg",
        "services",
        "non-veg"
      ]
    },
    {
      "name": "Chicken Bombay Bhel",
      "description": "",
      "media": null,
      "price": 0,
      "menuName": "Main Course",
      "categoryName": "Chinese Main Course",
      "slugs": [
        "non-veg",
        "services",
        "delivery-enabled",
        "delivery-enabled",
        "non-veg",
        "services",
        "non-veg"
      ]
    },
    {
      "name": "Chicken Lollipop Masala",
      "description": "Semi gravy.",
      "media": null,
      "price": 0,
      "menuName": "Main Course",
      "categoryName": "Chinese Main Course",
      "slugs": [
        "non-veg",
        "services",
        "delivery-enabled",
        "delivery-enabled",
        "non-veg",
        "services",
        "non-veg"
      ]
    },
    {
      "name": "Chicken Manchurian Gravy [500 ml]",
      "description": "",
      "media": null,
      "price": 280,
      "menuName": "Main Course",
      "categoryName": "Chinese Main Course",
      "slugs": [
        "non-veg",
        "services",
        "delivery-enabled",
        "delivery-enabled",
        "non-veg",
        "services",
        "non-veg"
      ]
    },
    {
      "name": "Chicken Chilli Gravy [500 ml]",
      "description": "",
      "media": null,
      "price": 280,
      "menuName": "Main Course",
      "categoryName": "Chinese Main Course",
      "slugs": [
        "non-veg",
        "services",
        "delivery-enabled",
        "delivery-enabled",
        "non-veg",
        "services",
        "non-veg"
      ]
    },
    {
      "name": "Chicken Burnt Chilli Gravy [500 ml]",
      "description": "",
      "media": null,
      "price": 290,
      "menuName": "Main Course",
      "categoryName": "Chinese Main Course",
      "slugs": [
        "non-veg",
        "services",
        "delivery-enabled",
        "delivery-enabled",
        "non-veg",
        "services",
        "non-veg"
      ]
    },
    {
      "name": "Chicken Schezwan Gravy [500 ml]",
      "description": "",
      "media": null,
      "price": 290,
      "menuName": "Main Course",
      "categoryName": "Chinese Main Course",
      "slugs": [
        "non-veg",
        "services",
        "sf-spicy",
        "delivery-enabled",
        "delivery-enabled",
        "non-veg",
        "services",
        "sf-spicy",
        "non-veg"
      ]
    },
    {
      "name": "Chicken Shanghai Gravy [500 ml]",
      "description": "",
      "media": null,
      "price": 300,
      "menuName": "Main Course",
      "categoryName": "Chinese Main Course",
      "slugs": [
        "non-veg",
        "services",
        "delivery-enabled",
        "delivery-enabled",
        "non-veg",
        "services",
        "non-veg"
      ]
    },
    {
      "name": "Chicken Hunan Gravy [500 ml]",
      "description": "",
      "media": null,
      "price": 310,
      "menuName": "Main Course",
      "categoryName": "Chinese Main Course",
      "slugs": [
        "non-veg",
        "spicy",
        "services",
        "delivery-enabled",
        "delivery-enabled",
        "non-veg",
        "spicy",
        "services",
        "non-veg"
      ]
    },
    {
      "name": "Chicken Oyster Gravy [500 ml]",
      "description": "",
      "media": null,
      "price": 310,
      "menuName": "Main Course",
      "categoryName": "Chinese Main Course",
      "slugs": [
        "non-veg",
        "services",
        "delivery-enabled",
        "delivery-enabled",
        "non-veg",
        "services",
        "non-veg"
      ]
    },
    {
      "name": "Sweet Butter Chicken Boneless [500 ml]",
      "description": "Chunks of grilled chicken [tandoori chicken] cooked in a smooth buttery and creamy tomato based gravy, served as semi gravy.",
      "media": null,
      "price": 380,
      "menuName": "Main Course",
      "categoryName": "Mughlai Chicken Main Course",
      "slugs": [
        "non-veg",
        "pair-with-bread",
        "services",
        "delivery-enabled",
        "delivery-enabled",
        "non-veg",
        "pair-with-bread",
        "services",
        "non-veg"
      ]
    },
    {
      "name": "Chicken Lahori Boneless [500 ml]",
      "description": "",
      "media": null,
      "price": 380,
      "menuName": "Main Course",
      "categoryName": "Mughlai Chicken Main Course",
      "slugs": [
        "non-veg",
        "services",
        "delivery-enabled",
        "delivery-enabled",
        "non-veg",
        "services",
        "non-veg"
      ]
    },
    {
      "name": "Chicken Tikka Masala Boneless [500 ml]",
      "description": "",
      "media": null,
      "price": 380,
      "menuName": "Main Course",
      "categoryName": "Mughlai Chicken Main Course",
      "slugs": [
        "non-veg",
        "spicy",
        "services",
        "delivery-enabled",
        "delivery-enabled",
        "non-veg",
        "spicy",
        "services",
        "non-veg"
      ]
    },
    {
      "name": "Butter Chicken Masala Masala [500 ml]",
      "description": "Non sweet.",
      "media": null,
      "price": 380,
      "menuName": "Main Course",
      "categoryName": "Mughlai Chicken Main Course",
      "slugs": [
        "non-veg",
        "services",
        "delivery-enabled",
        "delivery-enabled",
        "non-veg",
        "services",
        "non-veg"
      ]
    },
    {
      "name": "Chicken Peshawari Boneless [500 ml]",
      "description": "",
      "media": null,
      "price": 380,
      "menuName": "Main Course",
      "categoryName": "Mughlai Chicken Main Course",
      "slugs": [
        "non-veg",
        "services",
        "delivery-enabled",
        "delivery-enabled",
        "non-veg",
        "services",
        "non-veg"
      ]
    },
    {
      "name": "Chicken Matka Masala Boneless [500 ml]",
      "description": "",
      "media": null,
      "price": 380,
      "menuName": "Main Course",
      "categoryName": "Mughlai Chicken Main Course",
      "slugs": [
        "non-veg",
        "services",
        "delivery-enabled",
        "delivery-enabled",
        "non-veg",
        "services",
        "non-veg"
      ]
    },
    {
      "name": "Chicken Green Gravy [500 ml]",
      "description": "",
      "media": null,
      "price": 350,
      "menuName": "Main Course",
      "categoryName": "Mughlai Chicken Main Course",
      "slugs": [
        "non-veg",
        "spicy",
        "services",
        "delivery-enabled",
        "delivery-enabled",
        "non-veg",
        "spicy",
        "services",
        "non-veg"
      ]
    },
    {
      "name": "Chicken Kashmiri [500 ml]",
      "description": "( Spicy )",
      "media": null,
      "price": 350,
      "menuName": "Main Course",
      "categoryName": "Mughlai Chicken Main Course",
      "slugs": [
        "non-veg",
        "spicy",
        "services",
        "sf-spicy",
        "delivery-enabled",
        "delivery-enabled",
        "non-veg",
        "spicy",
        "services",
        "sf-spicy",
        "non-veg"
      ]
    },
    {
      "name": "Sweet Chicken Lababdar [500 ml]",
      "description": "",
      "media": null,
      "price": 370,
      "menuName": "Main Course",
      "categoryName": "Mughlai Chicken Main Course",
      "slugs": [
        "non-veg",
        "services",
        "delivery-enabled",
        "delivery-enabled",
        "non-veg",
        "services",
        "non-veg"
      ]
    },
    {
      "name": "Chicken Special Masala Boneless",
      "description": "",
      "media": null,
      "price": 400,
      "menuName": "Main Course",
      "categoryName": "Mughlai Chicken Main Course",
      "slugs": [
        "non-veg",
        "services",
        "delivery-enabled",
        "delivery-enabled",
        "non-veg",
        "services",
        "non-veg"
      ]
    },
    {
      "name": "Chicken Rogan Josh [500 ml]",
      "description": "",
      "media": null,
      "price": 360,
      "menuName": "Main Course",
      "categoryName": "Mughlai Chicken Main Course",
      "slugs": [
        "non-veg",
        "services",
        "delivery-enabled",
        "delivery-enabled",
        "non-veg",
        "services",
        "non-veg"
      ]
    },
    {
      "name": "Chicken Do Pyaaza [500 ml]",
      "description": "",
      "media": null,
      "price": 360,
      "menuName": "Main Course",
      "categoryName": "Mughlai Chicken Main Course",
      "slugs": [
        "non-veg",
        "services",
        "delivery-enabled",
        "delivery-enabled",
        "non-veg",
        "services",
        "non-veg"
      ]
    },
    {
      "name": "Chicken Nawabi Handi [500 ml]",
      "description": "",
      "media": null,
      "price": 360,
      "menuName": "Main Course",
      "categoryName": "Mughlai Chicken Main Course",
      "slugs": [
        "non-veg",
        "services",
        "delivery-enabled",
        "delivery-enabled",
        "non-veg",
        "services",
        "non-veg"
      ]
    },
    {
      "name": "Chicken Rashida Boneless [500 ml]",
      "description": "",
      "media": null,
      "price": 370,
      "menuName": "Main Course",
      "categoryName": "Mughlai Chicken Main Course",
      "slugs": [
        "non-veg",
        "services",
        "delivery-enabled",
        "delivery-enabled",
        "non-veg",
        "services",
        "non-veg"
      ]
    },
    {
      "name": "Chicken Lajawab Boneless [500 ml]",
      "description": "",
      "media": null,
      "price": 380,
      "menuName": "Main Course",
      "categoryName": "Mughlai Chicken Main Course",
      "slugs": [
        "non-veg",
        "services",
        "delivery-enabled",
        "delivery-enabled",
        "non-veg",
        "services",
        "non-veg"
      ]
    },
    {
      "name": "Chicken Lazeez Boneless [500 ml]",
      "description": "",
      "media": null,
      "price": 380,
      "menuName": "Main Course",
      "categoryName": "Mughlai Chicken Main Course",
      "slugs": [
        "non-veg",
        "services",
        "delivery-enabled",
        "delivery-enabled",
        "non-veg",
        "services",
        "non-veg"
      ]
    },
    {
      "name": "Murgh Musallam Boneless [500 ml]",
      "description": "Pieces of boneless chicken stuffed with chicken mince and tomatoes in a mild but rich creamy sauce, it is said to be jewel of Awadhi cuisine.",
      "media": "https://b.zmtcdn.com/data/dish_photos/4df/6d16a00211b075dc96272602205594df.jpg",
      "price": 380,
      "menuName": "Main Course",
      "categoryName": "Mughlai Chicken Main Course",
      "slugs": [
        "non-veg",
        "pair-with-bread",
        "services",
        "delivery-enabled",
        "delivery-enabled",
        "non-veg",
        "pair-with-bread",
        "services",
        "non-veg"
      ]
    },
    {
      "name": "Murgh Musallam [500 ml]",
      "description": "Murgh mussalam literally means whole chicken. It is a food that consists of whole chicken marinated in a ginger garlic paste, stuffed with boiled eggs and seasoned with spices like saffron, cinnamon, cloves, poppy seeds, cardamom and chilli.",
      "media": null,
      "price": 380,
      "menuName": "Main Course",
      "categoryName": "Mughlai Chicken Main Course",
      "slugs": [
        "non-veg",
        "pair-with-bread",
        "services",
        "delivery-enabled",
        "delivery-enabled",
        "non-veg",
        "pair-with-bread",
        "services",
        "non-veg"
      ]
    },
    {
      "name": "Chicken Angara [500 ml]",
      "description": "",
      "media": null,
      "price": 360,
      "menuName": "Main Course",
      "categoryName": "Mughlai Chicken Main Course",
      "slugs": [
        "non-veg",
        "services",
        "delivery-enabled",
        "delivery-enabled",
        "non-veg",
        "services",
        "non-veg"
      ]
    },
    {
      "name": "Chicken Kolhapuri [500 ml]",
      "description": "( Spicy )",
      "media": null,
      "price": 360,
      "menuName": "Main Course",
      "categoryName": "Mughlai Chicken Main Course",
      "slugs": [
        "non-veg",
        "spicy",
        "pair-with-bread",
        "services",
        "sf-spicy",
        "delivery-enabled",
        "delivery-enabled",
        "non-veg",
        "spicy",
        "pair-with-bread",
        "services",
        "sf-spicy",
        "non-veg"
      ]
    },
    {
      "name": "Chicken Handi [500 ml]",
      "description": "",
      "media": null,
      "price": 360,
      "menuName": "Main Course",
      "categoryName": "Mughlai Chicken Main Course",
      "slugs": [
        "non-veg",
        "pair-with-bread",
        "services",
        "delivery-enabled",
        "delivery-enabled",
        "non-veg",
        "pair-with-bread",
        "services",
        "non-veg"
      ]
    },
    {
      "name": "Chicken Bhuna Boneless [500 ml]",
      "description": "Boneless pieces of chicken prepared Mumbai street tawa style.",
      "media": null,
      "price": 370,
      "menuName": "Main Course",
      "categoryName": "Mughlai Chicken Main Course",
      "slugs": [
        "non-veg",
        "services",
        "delivery-enabled",
        "delivery-enabled",
        "non-veg",
        "services",
        "non-veg"
      ]
    },
    {
      "name": "Chicken Masala [500 ml]",
      "description": "Chicken cooked in a dark brown gravy.",
      "media": null,
      "price": 350,
      "menuName": "Main Course",
      "categoryName": "Mughlai Chicken Main Course",
      "slugs": [
        "non-veg",
        "pair-with-bread",
        "services",
        "delivery-enabled",
        "delivery-enabled",
        "non-veg",
        "pair-with-bread",
        "services",
        "non-veg"
      ]
    },
    {
      "name": "Chicken Korma [500 ml]",
      "description": "Chicken cooked with cream yoghurt in a spicy onion gravy.",
      "media": null,
      "price": 350,
      "menuName": "Main Course",
      "categoryName": "Mughlai Chicken Main Course",
      "slugs": [
        "non-veg",
        "pair-with-bread",
        "services",
        "sf-spicy",
        "delivery-enabled",
        "delivery-enabled",
        "non-veg",
        "pair-with-bread",
        "services",
        "sf-spicy",
        "non-veg"
      ]
    },
    {
      "name": "Chicken Kadai [500 ml]",
      "description": "Chicken cooked with fresh spices, onion and capsicum in a spicy brown gravy.",
      "media": null,
      "price": 360,
      "menuName": "Main Course",
      "categoryName": "Mughlai Chicken Main Course",
      "slugs": [
        "non-veg",
        "services",
        "sf-spicy",
        "delivery-enabled",
        "delivery-enabled",
        "non-veg",
        "services",
        "sf-spicy",
        "non-veg"
      ]
    },
    {
      "name": "Mutton Kadhai [750 ml]",
      "description": "Piece of mutton cooked with fresh spices,onion & capsicum in a thick spicy brown gravy, garnished with ginger.",
      "media": null,
      "price": 450,
      "menuName": "Main Course",
      "categoryName": "Mutton Main Course",
      "slugs": [
        "non-veg",
        "services",
        "sf-spicy",
        "delivery-enabled",
        "delivery-enabled",
        "non-veg",
        "services",
        "sf-spicy",
        "non-veg"
      ]
    },
    {
      "name": "Mutton Rogan Josh [750 ml]",
      "description": "Kashmiri preparation of mutton pieces, served in fine red gravy.",
      "media": "https://b.zmtcdn.com/data/dish_photos/6ae/4fdefa6384d834bb838a11ce67d836ae.jpg",
      "price": 450,
      "menuName": "Main Course",
      "categoryName": "Mutton Main Course",
      "slugs": [
        "non-veg",
        "services",
        "delivery-enabled",
        "delivery-enabled",
        "non-veg",
        "services",
        "non-veg"
      ]
    },
    {
      "name": "Mutton Nalli Nihari [750 ml]",
      "description": "Mutton shank cooked for hours over coal , seasoned with traditional spices.",
      "media": "https://b.zmtcdn.com/data/dish_photos/f96/e82a2c7de2c625a03e3ad64750e08f96.png",
      "price": 450,
      "menuName": "Main Course",
      "categoryName": "Mutton Main Course",
      "slugs": [
        "non-veg",
        "bestseller-dinner",
        "services",
        "delivery-enabled",
        "delivery-enabled",
        "non-veg",
        "bestseller-dinner",
        "services",
        "non-veg"
      ]
    },
    {
      "name": "Mutton Angara [750 ml]",
      "description": "",
      "media": null,
      "price": 450,
      "menuName": "Main Course",
      "categoryName": "Mutton Main Course",
      "slugs": [
        "non-veg",
        "services",
        "delivery-enabled",
        "delivery-enabled",
        "non-veg",
        "services",
        "non-veg"
      ]
    },
    {
      "name": "Dal Gosht [750 ml]",
      "description": "",
      "media": null,
      "price": 350,
      "menuName": "Main Course",
      "categoryName": "Mutton Main Course",
      "slugs": [
        "non-veg",
        "services",
        "delivery-enabled",
        "delivery-enabled",
        "non-veg",
        "services",
        "non-veg"
      ]
    },
    {
      "name": "Dal Fry [500 ml]",
      "description": "Yellow lentil with ground spices & other ingredients.",
      "media": "https://b.zmtcdn.com/data/dish_photos/0b6/f24a1b7aa130e1d90c1aef1fcd8920b6.jpg",
      "price": 230,
      "menuName": "Main Course",
      "categoryName": "Dal",
      "slugs": [
        "veg",
        "services",
        "delivery-enabled",
        "delivery-enabled",
        "veg",
        "services",
        "veg"
      ]
    },
    {
      "name": "Dal Tadka [500 ml]",
      "description": "Delicious lentil curry enriched with a tempering of spices and cumin seeds.",
      "media": "https://b.zmtcdn.com/data/dish_photos/e0b/feaea45273a3ceeaa7d53e18c4c21e0b.jpg",
      "price": 250,
      "menuName": "Main Course",
      "categoryName": "Dal",
      "slugs": [
        "veg",
        "services",
        "delivery-enabled",
        "delivery-enabled",
        "veg",
        "services",
        "veg"
      ]
    },
    {
      "name": "Veg Manchurian",
      "description": "",
      "media": null,
      "price": 0,
      "menuName": "Chinese",
      "categoryName": "Veg Chinese Starters",
      "slugs": [
        "veg",
        "services",
        "delivery-enabled",
        "delivery-enabled",
        "veg",
        "services",
        "veg"
      ]
    },
    {
      "name": "Chicken 65 [250 g]",
      "description": "",
      "media": null,
      "price": 280,
      "menuName": "Chinese",
      "categoryName": "Non Veg Chinese Starters",
      "slugs": [
        "non-veg",
        "services",
        "delivery-enabled",
        "delivery-enabled",
        "non-veg",
        "services",
        "non-veg"
      ]
    },
    {
      "name": "Pepper Chicken",
      "description": "Creamy topped with full of mayonnaise.",
      "media": null,
      "price": 0,
      "menuName": "Chinese",
      "categoryName": "Non Veg Chinese Starters",
      "slugs": [
        "non-veg",
        "services",
        "delivery-enabled",
        "delivery-enabled",
        "non-veg",
        "services",
        "non-veg"
      ]
    },
    {
      "name": "Chicken Maska",
      "description": "Creamy topped with full of mayonnaise.",
      "media": null,
      "price": 0,
      "menuName": "Chinese",
      "categoryName": "Non Veg Chinese Starters",
      "slugs": [
        "non-veg",
        "services",
        "category-chinese",
        "delivery-enabled",
        "delivery-enabled",
        "non-veg",
        "services",
        "category-chinese",
        "non-veg"
      ]
    },
    {
      "name": "Chicken Hunan Chilli",
      "description": "( Spicy )",
      "media": null,
      "price": 0,
      "menuName": "Chinese",
      "categoryName": "Non Veg Chinese Starters",
      "slugs": [
        "non-veg",
        "spicy",
        "services",
        "sf-spicy",
        "delivery-enabled",
        "delivery-enabled",
        "non-veg",
        "spicy",
        "services",
        "sf-spicy",
        "non-veg"
      ]
    },
    {
      "name": "Chicken Peri Peri",
      "description": "( Spicy )",
      "media": null,
      "price": 0,
      "menuName": "Chinese",
      "categoryName": "Non Veg Chinese Starters",
      "slugs": [
        "non-veg",
        "spicy",
        "services",
        "sf-spicy",
        "delivery-enabled",
        "delivery-enabled",
        "non-veg",
        "spicy",
        "services",
        "sf-spicy",
        "non-veg"
      ]
    },
    {
      "name": "Chicken Black Bean",
      "description": "( Sweet )",
      "media": null,
      "price": 0,
      "menuName": "Chinese",
      "categoryName": "Non Veg Chinese Starters",
      "slugs": [
        "non-veg",
        "services",
        "delivery-enabled",
        "delivery-enabled",
        "non-veg",
        "services",
        "non-veg"
      ]
    },
    {
      "name": "Chicken Salt & Pepper",
      "description": "",
      "media": null,
      "price": 0,
      "menuName": "Chinese",
      "categoryName": "Non Veg Chinese Starters",
      "slugs": [
        "non-veg",
        "spicy",
        "services",
        "delivery-enabled",
        "delivery-enabled",
        "non-veg",
        "spicy",
        "services",
        "non-veg"
      ]
    },
    {
      "name": "Chicken Pepper Chilli",
      "description": "",
      "media": null,
      "price": 0,
      "menuName": "Chinese",
      "categoryName": "Non Veg Chinese Starters",
      "slugs": [
        "non-veg",
        "spicy",
        "services",
        "delivery-enabled",
        "delivery-enabled",
        "non-veg",
        "spicy",
        "services",
        "non-veg"
      ]
    },
    {
      "name": "Chicken Oyster Chilli",
      "description": "",
      "media": null,
      "price": 0,
      "menuName": "Chinese",
      "categoryName": "Non Veg Chinese Starters",
      "slugs": [
        "non-veg",
        "services",
        "delivery-enabled",
        "delivery-enabled",
        "non-veg",
        "services",
        "non-veg"
      ]
    },
    {
      "name": "Chicken Dragon",
      "description": "( Spicy )",
      "media": null,
      "price": 0,
      "menuName": "Chinese",
      "categoryName": "Non Veg Chinese Starters",
      "slugs": [
        "non-veg",
        "services",
        "sf-spicy",
        "delivery-enabled",
        "delivery-enabled",
        "non-veg",
        "services",
        "sf-spicy",
        "non-veg"
      ]
    },
    {
      "name": "Kurkure Chicken Crispy",
      "description": "",
      "media": null,
      "price": 0,
      "menuName": "Chinese",
      "categoryName": "Non Veg Chinese Starters",
      "slugs": [
        "non-veg",
        "services",
        "delivery-enabled",
        "delivery-enabled",
        "non-veg",
        "services",
        "non-veg"
      ]
    },
    {
      "name": "Chicken Shanghai",
      "description": "",
      "media": null,
      "price": 0,
      "menuName": "Chinese",
      "categoryName": "Non Veg Chinese Starters",
      "slugs": [
        "non-veg",
        "services",
        "delivery-enabled",
        "delivery-enabled",
        "non-veg",
        "services",
        "non-veg"
      ]
    },
    {
      "name": "Chicken Hong Kong",
      "description": "",
      "media": null,
      "price": 0,
      "menuName": "Chinese",
      "categoryName": "Non Veg Chinese Starters",
      "slugs": [
        "non-veg",
        "services",
        "delivery-enabled",
        "delivery-enabled",
        "non-veg",
        "services",
        "non-veg"
      ]
    },
    {
      "name": "Chicken Schezwan",
      "description": "( Spicy )",
      "media": null,
      "price": 0,
      "menuName": "Chinese",
      "categoryName": "Non Veg Chinese Starters",
      "slugs": [
        "non-veg",
        "spicy",
        "services",
        "sf-spicy",
        "delivery-enabled",
        "delivery-enabled",
        "non-veg",
        "spicy",
        "services",
        "sf-spicy",
        "non-veg"
      ]
    },
    {
      "name": "Chicken Manchurian",
      "description": "",
      "media": null,
      "price": 0,
      "menuName": "Chinese",
      "categoryName": "Non Veg Chinese Starters",
      "slugs": [
        "non-veg",
        "services",
        "delivery-enabled",
        "delivery-enabled",
        "non-veg",
        "services",
        "non-veg"
      ]
    },
    {
      "name": "Chicken Lollipop Oil Fry",
      "description": "",
      "media": null,
      "price": 0,
      "menuName": "Chinese",
      "categoryName": "Non Veg Chinese Starters",
      "slugs": [
        "non-veg",
        "services",
        "delivery-enabled",
        "delivery-enabled",
        "non-veg",
        "services",
        "non-veg"
      ]
    },
    {
      "name": "Chicken Chilli",
      "description": "",
      "media": null,
      "price": 0,
      "menuName": "Chinese",
      "categoryName": "Non Veg Chinese Starters",
      "slugs": [
        "non-veg",
        "services",
        "delivery-enabled",
        "delivery-enabled",
        "non-veg",
        "services",
        "non-veg"
      ]
    },
    {
      "name": "Chicken Green Thai",
      "description": "",
      "media": null,
      "price": 0,
      "menuName": "Chinese",
      "categoryName": "Non Veg Chinese Starters",
      "slugs": [
        "non-veg",
        "services",
        "delivery-enabled",
        "delivery-enabled",
        "non-veg",
        "services",
        "non-veg"
      ]
    },
    {
      "name": "Chicken Chilli Fried Rice [1 litre] with Gravy [500 ml]",
      "description": "",
      "media": null,
      "price": 0,
      "menuName": "Chinese Rice with Gravy",
      "categoryName": "",
      "slugs": [
        "non-veg",
        "combo-item",
        "services",
        "delivery-enabled",
        "delivery-enabled",
        "non-veg",
        "combo-item",
        "services",
        "non-veg"
      ]
    },
    {
      "name": "Chicken Manchurian Fried Rice [1 litre] with Gravy [500 ml]",
      "description": "",
      "media": null,
      "price": 0,
      "menuName": "Chinese Rice with Gravy",
      "categoryName": "",
      "slugs": [
        "non-veg",
        "combo-item",
        "services",
        "delivery-enabled",
        "delivery-enabled",
        "non-veg",
        "combo-item",
        "services",
        "non-veg"
      ]
    },
    {
      "name": "Chicken Dragon Spicy Fried Rice [1 litre] with Gravy [500 ml]",
      "description": "",
      "media": null,
      "price": 0,
      "menuName": "Chinese Rice with Gravy",
      "categoryName": "",
      "slugs": [
        "non-veg",
        "spicy",
        "combo-item",
        "services",
        "sf-spicy",
        "delivery-enabled",
        "delivery-enabled",
        "non-veg",
        "spicy",
        "combo-item",
        "services",
        "sf-spicy",
        "non-veg"
      ]
    },
    {
      "name": "Chicken Burnt Chilli Fried Rice [1 litre] with Gravy [500 ml]",
      "description": "",
      "media": null,
      "price": 0,
      "menuName": "Chinese Rice with Gravy",
      "categoryName": "",
      "slugs": [
        "non-veg",
        "combo-item",
        "services",
        "delivery-enabled",
        "delivery-enabled",
        "non-veg",
        "combo-item",
        "services",
        "non-veg"
      ]
    },
    {
      "name": "Chicken Pot Fried Rice [1 litre] with Gravy [500 ml]",
      "description": "",
      "media": null,
      "price": 0,
      "menuName": "Chinese Rice with Gravy",
      "categoryName": "",
      "slugs": [
        "non-veg",
        "combo-item",
        "services",
        "delivery-enabled",
        "delivery-enabled",
        "non-veg",
        "combo-item",
        "services",
        "non-veg"
      ]
    },
    {
      "name": "Chicken Triple Fried Rice [1 litre] with Gravy [500 ml]",
      "description": "",
      "media": null,
      "price": 0,
      "menuName": "Chinese Rice with Gravy",
      "categoryName": "",
      "slugs": [
        "non-veg",
        "combo-item",
        "services",
        "delivery-enabled",
        "delivery-enabled",
        "non-veg",
        "combo-item",
        "services",
        "non-veg"
      ]
    },
    {
      "name": "Chicken Hunan Chilli Spicy Fried Rice [1 litre] with Gravy [500 ml]",
      "description": "",
      "media": null,
      "price": 0,
      "menuName": "Chinese Rice with Gravy",
      "categoryName": "",
      "slugs": [
        "non-veg",
        "spicy",
        "combo-item",
        "services",
        "sf-spicy",
        "delivery-enabled",
        "delivery-enabled",
        "non-veg",
        "spicy",
        "combo-item",
        "services",
        "sf-spicy",
        "non-veg"
      ]
    },
    {
      "name": "Chicken Schezwan Pepper Fried Rice [1 litre] with Gravy [500 ml]",
      "description": "",
      "media": null,
      "price": 0,
      "menuName": "Chinese Rice with Gravy",
      "categoryName": "",
      "slugs": [
        "non-veg",
        "combo-item",
        "services",
        "sf-spicy",
        "delivery-enabled",
        "delivery-enabled",
        "non-veg",
        "combo-item",
        "services",
        "sf-spicy",
        "non-veg"
      ]
    },
    {
      "name": "Chicken Sweet Black Bean Chilli Fried Rice [1 litre] with Gravy [500 ml]",
      "description": "",
      "media": null,
      "price": 0,
      "menuName": "Chinese Rice with Gravy",
      "categoryName": "",
      "slugs": [
        "non-veg",
        "combo-item",
        "services",
        "delivery-enabled",
        "delivery-enabled",
        "non-veg",
        "combo-item",
        "services",
        "non-veg"
      ]
    },
    {
      "name": "Chicken Mongolian Pot Fried Rice [1 litre] with Gravy [500 ml]",
      "description": "",
      "media": null,
      "price": 0,
      "menuName": "Chinese Rice with Gravy",
      "categoryName": "",
      "slugs": [
        "non-veg",
        "combo-item",
        "services",
        "delivery-enabled",
        "delivery-enabled",
        "non-veg",
        "combo-item",
        "services",
        "non-veg"
      ]
    },
    {
      "name": "Chicken Oyster Chilli Fried Rice [1 litre] with Gravy [500 ml]",
      "description": "",
      "media": null,
      "price": 0,
      "menuName": "Chinese Rice with Gravy",
      "categoryName": "",
      "slugs": [
        "non-veg",
        "combo-item",
        "services",
        "delivery-enabled",
        "delivery-enabled",
        "non-veg",
        "combo-item",
        "services",
        "non-veg"
      ]
    },
    {
      "name": "Chicken Hakka Pot Fried Rice [1 litre] with Gravy [500 ml]",
      "description": "",
      "media": null,
      "price": 0,
      "menuName": "Chinese Rice with Gravy",
      "categoryName": "",
      "slugs": [
        "non-veg",
        "combo-item",
        "services",
        "delivery-enabled",
        "delivery-enabled",
        "non-veg",
        "combo-item",
        "services",
        "non-veg"
      ]
    },
    {
      "name": "Chicken Crispy Fried Rice [1 litre] with Gravy [500 ml]",
      "description": "",
      "media": null,
      "price": 0,
      "menuName": "Chinese Rice with Gravy",
      "categoryName": "",
      "slugs": [
        "non-veg",
        "combo-item",
        "services",
        "delivery-enabled",
        "delivery-enabled",
        "non-veg",
        "combo-item",
        "services",
        "non-veg"
      ]
    },
    {
      "name": "Chicken Special Chilli Cheesy Fried Rice [1 litre] with Gravy [500 ml]",
      "description": "",
      "media": null,
      "price": 0,
      "menuName": "Chinese Rice with Gravy",
      "categoryName": "",
      "slugs": [
        "non-veg",
        "combo-item",
        "services",
        "delivery-enabled",
        "delivery-enabled",
        "non-veg",
        "combo-item",
        "services",
        "non-veg"
      ]
    },
    {
      "name": "Chicken Hunan Special Chilli Cheesy Fried Rice [1 litre] with Gravy [500 ml]",
      "description": "Creamy flavour.",
      "media": null,
      "price": 0,
      "menuName": "Chinese Rice with Gravy",
      "categoryName": "",
      "slugs": [
        "non-veg",
        "combo-item",
        "services",
        "delivery-enabled",
        "delivery-enabled",
        "non-veg",
        "combo-item",
        "services",
        "non-veg"
      ]
    },
    {
      "name": "Nawabs Special Chicken Fried Rice with Chicken Gravy",
      "description": "Nawab Special Chicken Fried Rice+Chicken Gravy+Special Salad [Subject to Availability]",
      "media": null,
      "price": 450,
      "menuName": "Chinese Rice with Gravy",
      "categoryName": "",
      "slugs": [
        "non-veg",
        "chef-special",
        "combo-item",
        "services",
        "delivery-enabled",
        "delivery-enabled",
        "non-veg",
        "chef-special",
        "combo-item",
        "services",
        "non-veg"
      ]
    },
    {
      "name": "Chicken Green Thai Chilli Fried Rice [1 litre] with Chicken Gravy [500 ml]",
      "description": "",
      "media": null,
      "price": 360,
      "menuName": "Chinese Rice with Gravy",
      "categoryName": "",
      "slugs": [
        "non-veg",
        "combo-item",
        "services",
        "delivery-enabled",
        "delivery-enabled",
        "non-veg",
        "combo-item",
        "services",
        "non-veg"
      ]
    },
    {
      "name": "Chicken Pizza Fried Rice with Chicken Gravy",
      "description": "",
      "media": null,
      "price": 450,
      "menuName": "Chinese Rice with Gravy",
      "categoryName": "",
      "slugs": [
        "non-veg",
        "combo-item",
        "services",
        "delivery-enabled",
        "delivery-enabled",
        "non-veg",
        "combo-item",
        "services",
        "non-veg"
      ]
    },
    {
      "name": "Chicken Hot Chilli Fried Rice with Chicken Gravy",
      "description": "",
      "media": null,
      "price": 350,
      "menuName": "Chinese Rice with Gravy",
      "categoryName": "",
      "slugs": [
        "non-veg",
        "combo-item",
        "services",
        "delivery-enabled",
        "delivery-enabled",
        "non-veg",
        "combo-item",
        "services",
        "non-veg"
      ]
    },
    {
      "name": "Chicken Bombay Triple Fried Rice with Chicken Gravy",
      "description": "",
      "media": null,
      "price": 350,
      "menuName": "Chinese Rice with Gravy",
      "categoryName": "",
      "slugs": [
        "non-veg",
        "combo-item",
        "services",
        "delivery-enabled",
        "delivery-enabled",
        "non-veg",
        "combo-item",
        "services",
        "non-veg"
      ]
    },
    {
      "name": "Fish Chilli",
      "description": "Chinese style.",
      "media": null,
      "price": 410,
      "menuName": "Seafood",
      "categoryName": "",
      "slugs": [
        "non-veg",
        "kinley-soda",
        "main-course",
        "services",
        "delivery-enabled",
        "delivery-enabled",
        "non-veg",
        "kinley-soda",
        "main-course",
        "services",
        "non-veg"
      ]
    },
    {
      "name": "Green Thai Fish",
      "description": "Chinese style.",
      "media": null,
      "price": 420,
      "menuName": "Seafood",
      "categoryName": "",
      "slugs": [
        "non-veg",
        "services",
        "delivery-enabled",
        "delivery-enabled",
        "non-veg",
        "services",
        "non-veg"
      ]
    },
    {
      "name": "Hunan Chilli Fish",
      "description": "Chinese style.",
      "media": null,
      "price": 420,
      "menuName": "Seafood",
      "categoryName": "",
      "slugs": [
        "non-veg",
        "spicy",
        "services",
        "delivery-enabled",
        "delivery-enabled",
        "non-veg",
        "spicy",
        "services",
        "non-veg"
      ]
    },
    {
      "name": "Shanghai Fish",
      "description": "Chinese style.",
      "media": null,
      "price": 420,
      "menuName": "Seafood",
      "categoryName": "",
      "slugs": [
        "non-veg",
        "services",
        "delivery-enabled",
        "delivery-enabled",
        "non-veg",
        "services",
        "non-veg"
      ]
    },
    {
      "name": "Fish Tikka [6 Pieces]",
      "description": "",
      "media": null,
      "price": 450,
      "menuName": "Seafood",
      "categoryName": "",
      "slugs": [
        "non-veg",
        "services",
        "delivery-enabled",
        "delivery-enabled",
        "non-veg",
        "services",
        "non-veg"
      ]
    },
    {
      "name": "Oyster Chilli Fish",
      "description": "Chinese style.",
      "media": null,
      "price": 430,
      "menuName": "Seafood",
      "categoryName": "",
      "slugs": [
        "non-veg",
        "services",
        "delivery-enabled",
        "delivery-enabled",
        "non-veg",
        "services",
        "non-veg"
      ]
    },
    {
      "name": "Fish Chilli Pepper Oil Fry",
      "description": "Deep oil fry basha fish piece with spices and herbs.",
      "media": null,
      "price": 450,
      "menuName": "Seafood",
      "categoryName": "",
      "slugs": [
        "non-veg",
        "services",
        "delivery-enabled",
        "delivery-enabled",
        "non-veg",
        "services",
        "non-veg"
      ]
    },
    {
      "name": "Basha Fish Tandoori Tikka [6 Pieces]",
      "description": "",
      "media": null,
      "price": 450,
      "menuName": "Seafood",
      "categoryName": "",
      "slugs": [
        "non-veg",
        "services",
        "delivery-enabled",
        "delivery-enabled",
        "non-veg",
        "services",
        "non-veg"
      ]
    },
    {
      "name": "Tandoori Prawns [10 Pieces]",
      "description": "",
      "media": null,
      "price": 420,
      "menuName": "Seafood",
      "categoryName": "",
      "slugs": [
        "non-veg",
        "services",
        "delivery-enabled",
        "delivery-enabled",
        "non-veg",
        "services",
        "non-veg"
      ]
    },
    {
      "name": "Hunan Chilli Prawns [10 Pieces]",
      "description": "Chinese style.",
      "media": null,
      "price": 420,
      "menuName": "Seafood",
      "categoryName": "",
      "slugs": [
        "non-veg",
        "spicy",
        "services",
        "delivery-enabled",
        "delivery-enabled",
        "non-veg",
        "spicy",
        "services",
        "non-veg"
      ]
    },
    {
      "name": "Oyster Prawns [10 Pieces]",
      "description": "Chinese style.",
      "media": null,
      "price": 430,
      "menuName": "Seafood",
      "categoryName": "",
      "slugs": [
        "non-veg",
        "services",
        "delivery-enabled",
        "delivery-enabled",
        "non-veg",
        "services",
        "non-veg"
      ]
    },
    {
      "name": "Green Thai Prawns [10 Pieces]",
      "description": "Chinese style.",
      "media": null,
      "price": 440,
      "menuName": "Seafood",
      "categoryName": "",
      "slugs": [
        "non-veg",
        "services",
        "delivery-enabled",
        "delivery-enabled",
        "non-veg",
        "services",
        "non-veg"
      ]
    },
    {
      "name": "Butter Garlic Prawns [10 Pieces]",
      "description": "Chinese style.",
      "media": null,
      "price": 450,
      "menuName": "Seafood",
      "categoryName": "",
      "slugs": [
        "non-veg",
        "services",
        "delivery-enabled",
        "delivery-enabled",
        "non-veg",
        "services",
        "non-veg"
      ]
    },
    {
      "name": "1 Plain Tandoori Roti",
      "description": "",
      "media": null,
      "price": 25,
      "menuName": "Breads",
      "categoryName": "",
      "slugs": [
        "veg",
        "reco-breads",
        "services",
        "delivery-enabled",
        "delivery-enabled",
        "veg",
        "reco-breads",
        "services",
        "veg"
      ]
    },
    {
      "name": "Plain Kulcha",
      "description": "|| Images used are for representation purposes only, and do not indicate size, portion, quantity or color of the actual dish.||",
      "media": null,
      "price": 55,
      "menuName": "Breads",
      "categoryName": "",
      "slugs": [
        "veg",
        "reco-breads",
        "services",
        "delivery-enabled",
        "delivery-enabled",
        "veg",
        "reco-breads",
        "services",
        "veg"
      ]
    },
    {
      "name": "1 Butter Tandoori Roti",
      "description": "",
      "media": null,
      "price": 30,
      "menuName": "Breads",
      "categoryName": "",
      "slugs": [
        "veg",
        "reco-breads",
        "services",
        "sf-not-vegan",
        "delivery-enabled",
        "delivery-enabled",
        "veg",
        "reco-breads",
        "services",
        "sf-not-vegan",
        "veg"
      ]
    },
    {
      "name": "Butter Kulcha",
      "description": "|| Images used are for representation purposes only, and do not indicate size, portion, quantity or color of the actual dish.||",
      "media": null,
      "price": 60,
      "menuName": "Breads",
      "categoryName": "",
      "slugs": [
        "veg",
        "reco-breads",
        "services",
        "sf-not-vegan",
        "delivery-enabled",
        "delivery-enabled",
        "veg",
        "reco-breads",
        "services",
        "sf-not-vegan",
        "veg"
      ]
    },
    {
      "name": "Plain Naan",
      "description": "|| Images used are for representation purposes only, and do not indicate size, portion, quantity or color of the actual dish.||",
      "media": null,
      "price": 65,
      "menuName": "Breads",
      "categoryName": "",
      "slugs": [
        "veg",
        "reco-breads",
        "services",
        "delivery-enabled",
        "delivery-enabled",
        "veg",
        "reco-breads",
        "services",
        "veg"
      ]
    },
    {
      "name": "1 Butter Naan",
      "description": "1Pcs || Images used are for representation purposes only, and do not indicate size, portion, quantity or color of the actual dish.||",
      "media": null,
      "price": 70,
      "menuName": "Breads",
      "categoryName": "",
      "slugs": [
        "veg",
        "reco-breads",
        "services",
        "sf-not-vegan",
        "delivery-enabled",
        "delivery-enabled",
        "veg",
        "reco-breads",
        "services",
        "sf-not-vegan",
        "veg"
      ]
    },
    {
      "name": "Plain Garlic Naan",
      "description": "",
      "media": null,
      "price": 75,
      "menuName": "Breads",
      "categoryName": "",
      "slugs": [
        "veg",
        "reco-breads",
        "services",
        "delivery-enabled",
        "delivery-enabled",
        "veg",
        "reco-breads",
        "services",
        "veg"
      ]
    },
    {
      "name": "Butter Garlic Naan",
      "description": "",
      "media": "https://b.zmtcdn.com/data/dish_photos/fd1/6b9827d27609c5450923081cb7a28fd1.jpg",
      "price": 80,
      "menuName": "Breads",
      "categoryName": "",
      "slugs": [
        "veg",
        "reco-breads",
        "services",
        "sf-not-vegan",
        "delivery-enabled",
        "delivery-enabled",
        "veg",
        "reco-breads",
        "services",
        "sf-not-vegan",
        "veg"
      ]
    },
    {
      "name": "Plain Cheese Garlic Naan",
      "description": "",
      "media": null,
      "price": 120,
      "menuName": "Breads",
      "categoryName": "",
      "slugs": [
        "veg",
        "reco-breads",
        "services",
        "sf-not-vegan",
        "delivery-enabled",
        "delivery-enabled",
        "veg",
        "reco-breads",
        "services",
        "sf-not-vegan",
        "veg"
      ]
    },
    {
      "name": "Butter Cheese Garlic Naan",
      "description": "",
      "media": null,
      "price": 130,
      "menuName": "Breads",
      "categoryName": "",
      "slugs": [
        "veg",
        "reco-breads",
        "services",
        "sf-not-vegan",
        "delivery-enabled",
        "delivery-enabled",
        "veg",
        "reco-breads",
        "services",
        "sf-not-vegan",
        "veg"
      ]
    },
    {
      "name": "Jeera Rice [660 ml]",
      "description": "Basmati rice lightly flavoured with cumin seeds.",
      "media": null,
      "price": 200,
      "menuName": "Rice and Biryani",
      "categoryName": "Rice",
      "slugs": [
        "veg",
        "reco-rice",
        "services",
        "delivery-enabled",
        "delivery-enabled",
        "veg",
        "reco-rice",
        "services",
        "veg"
      ]
    },
    {
      "name": "Plain Steamed Rice [660 ml]",
      "description": "A bowl of sparkling white steaming rice.",
      "media": null,
      "price": 190,
      "menuName": "Rice and Biryani",
      "categoryName": "Rice",
      "slugs": [
        "veg",
        "reco-rice",
        "services",
        "delivery-enabled",
        "delivery-enabled",
        "veg",
        "reco-rice",
        "services",
        "veg"
      ]
    },
    {
      "name": "Veg Chilli Garlic Fried Rice",
      "description": "",
      "media": null,
      "price": 0,
      "menuName": "Fried Rice and Noodles",
      "categoryName": "Veg Fried Rice",
      "slugs": [
        "veg",
        "services",
        "delivery-enabled",
        "delivery-enabled",
        "veg",
        "services",
        "veg"
      ]
    },
    {
      "name": "Veg Singapuri Fried Rice",
      "description": "",
      "media": null,
      "price": 0,
      "menuName": "Fried Rice and Noodles",
      "categoryName": "Veg Fried Rice",
      "slugs": [
        "veg",
        "services",
        "delivery-enabled",
        "delivery-enabled",
        "veg",
        "services",
        "veg"
      ]
    },
    {
      "name": "Veg Schezwan Fried Rice",
      "description": "",
      "media": "https://b.zmtcdn.com/data/dish_photos/304/fdb72eeb38543a463f4199c4c6ad4304.jpg",
      "price": 0,
      "menuName": "Fried Rice and Noodles",
      "categoryName": "Veg Fried Rice",
      "slugs": [
        "veg",
        "services",
        "sf-spicy",
        "delivery-enabled",
        "delivery-enabled",
        "veg",
        "services",
        "sf-spicy",
        "veg"
      ]
    },
    {
      "name": "Veg Fried Rice",
      "description": "|| Images used are for representation purposes only, and do not indicate size, portion, quantity or color of the actual dish.||",
      "media": "https://b.zmtcdn.com/data/dish_photos/603/3e4a1e6b5fdd46bca171ee4d4d238603.jpg",
      "price": 0,
      "menuName": "Fried Rice and Noodles",
      "categoryName": "Veg Fried Rice",
      "slugs": [
        "veg",
        "services",
        "delivery-enabled",
        "delivery-enabled",
        "veg",
        "services",
        "veg"
      ]
    },
    {
      "name": "Veg Hong Kong Fried Rice",
      "description": "",
      "media": null,
      "price": 0,
      "menuName": "Fried Rice and Noodles",
      "categoryName": "Veg Fried Rice",
      "slugs": [
        "veg",
        "services",
        "delivery-enabled",
        "delivery-enabled",
        "veg",
        "services",
        "veg"
      ]
    },
    {
      "name": "Veg Butter Garlic Fried Rice",
      "description": "",
      "media": null,
      "price": 0,
      "menuName": "Fried Rice and Noodles",
      "categoryName": "Veg Fried Rice",
      "slugs": [
        "veg",
        "services",
        "sf-not-vegan",
        "delivery-enabled",
        "delivery-enabled",
        "veg",
        "services",
        "sf-not-vegan",
        "veg"
      ]
    },
    {
      "name": "Egg Fried Rice",
      "description": "",
      "media": null,
      "price": 250,
      "menuName": "Fried Rice and Noodles",
      "categoryName": "Non Veg Fried Rice",
      "slugs": [
        "egg",
        "services",
        "delivery-enabled",
        "delivery-enabled",
        "egg",
        "services",
        "egg"
      ]
    },
    {
      "name": "Egg Butter Garlic Fried Rice",
      "description": "",
      "media": null,
      "price": 280,
      "menuName": "Fried Rice and Noodles",
      "categoryName": "Non Veg Fried Rice",
      "slugs": [
        "egg",
        "services",
        "delivery-enabled",
        "delivery-enabled",
        "egg",
        "services",
        "egg"
      ]
    },
    {
      "name": "Chicken Fried Rice",
      "description": "",
      "media": null,
      "price": 0,
      "menuName": "Fried Rice and Noodles",
      "categoryName": "Non Veg Fried Rice",
      "slugs": [
        "non-veg",
        "bestseller-late-night",
        "services",
        "delivery-enabled",
        "delivery-enabled",
        "non-veg",
        "bestseller-late-night",
        "services",
        "non-veg"
      ]
    },
    {
      "name": "Chicken Schezwan Fried Rice",
      "description": "( Spicy )",
      "media": null,
      "price": 0,
      "menuName": "Fried Rice and Noodles",
      "categoryName": "Non Veg Fried Rice",
      "slugs": [
        "non-veg",
        "spicy",
        "services",
        "sf-spicy",
        "delivery-enabled",
        "delivery-enabled",
        "non-veg",
        "spicy",
        "services",
        "sf-spicy",
        "non-veg"
      ]
    },
    {
      "name": "Chicken Hong Kong Fried Rice",
      "description": "",
      "media": null,
      "price": 0,
      "menuName": "Fried Rice and Noodles",
      "categoryName": "Non Veg Fried Rice",
      "slugs": [
        "non-veg",
        "services",
        "delivery-enabled",
        "delivery-enabled",
        "non-veg",
        "services",
        "non-veg"
      ]
    },
    {
      "name": "Chicken Singapuri Fried Rice",
      "description": "",
      "media": null,
      "price": 0,
      "menuName": "Fried Rice and Noodles",
      "categoryName": "Non Veg Fried Rice",
      "slugs": [
        "non-veg",
        "services",
        "delivery-enabled",
        "delivery-enabled",
        "non-veg",
        "services",
        "non-veg"
      ]
    },
    {
      "name": "Chicken Shanghai Fried Rice",
      "description": "",
      "media": null,
      "price": 0,
      "menuName": "Fried Rice and Noodles",
      "categoryName": "Non Veg Fried Rice",
      "slugs": [
        "non-veg",
        "services",
        "delivery-enabled",
        "delivery-enabled",
        "non-veg",
        "services",
        "non-veg"
      ]
    },
    {
      "name": "Chicken Butter Garlic Fried Rice",
      "description": "",
      "media": null,
      "price": 0,
      "menuName": "Fried Rice and Noodles",
      "categoryName": "Non Veg Fried Rice",
      "slugs": [
        "non-veg",
        "services",
        "delivery-enabled",
        "delivery-enabled",
        "non-veg",
        "services",
        "non-veg"
      ]
    },
    {
      "name": "Chicken Golden Fried Rice",
      "description": "",
      "media": null,
      "price": 0,
      "menuName": "Fried Rice and Noodles",
      "categoryName": "Non Veg Fried Rice",
      "slugs": [
        "non-veg",
        "services",
        "delivery-enabled",
        "delivery-enabled",
        "non-veg",
        "services",
        "non-veg"
      ]
    },
    {
      "name": "Chicken Peri Peri Fried Rice",
      "description": "",
      "media": null,
      "price": 0,
      "menuName": "Fried Rice and Noodles",
      "categoryName": "Non Veg Fried Rice",
      "slugs": [
        "non-veg",
        "spicy",
        "services",
        "sf-spicy",
        "delivery-enabled",
        "delivery-enabled",
        "non-veg",
        "spicy",
        "services",
        "sf-spicy",
        "non-veg"
      ]
    },
    {
      "name": "Chicken Chilli Garlic Fried Rice",
      "description": "",
      "media": null,
      "price": 0,
      "menuName": "Fried Rice and Noodles",
      "categoryName": "Non Veg Fried Rice",
      "slugs": [
        "non-veg",
        "services",
        "delivery-enabled",
        "delivery-enabled",
        "non-veg",
        "services",
        "non-veg"
      ]
    },
    {
      "name": "Chicken Black Bean Fried Rice",
      "description": "",
      "media": null,
      "price": 0,
      "menuName": "Fried Rice and Noodles",
      "categoryName": "Non Veg Fried Rice",
      "slugs": [
        "non-veg",
        "services",
        "delivery-enabled",
        "delivery-enabled",
        "non-veg",
        "services",
        "non-veg"
      ]
    },
    {
      "name": "Chicken Hunan Fried Rice",
      "description": "",
      "media": null,
      "price": 0,
      "menuName": "Fried Rice and Noodles",
      "categoryName": "Non Veg Fried Rice",
      "slugs": [
        "non-veg",
        "spicy",
        "services",
        "delivery-enabled",
        "delivery-enabled",
        "non-veg",
        "spicy",
        "services",
        "non-veg"
      ]
    },
    {
      "name": "Chicken Green Thai Fried Rice",
      "description": "",
      "media": null,
      "price": 0,
      "menuName": "Fried Rice and Noodles",
      "categoryName": "Non Veg Fried Rice",
      "slugs": [
        "non-veg",
        "services",
        "delivery-enabled",
        "delivery-enabled",
        "non-veg",
        "services",
        "non-veg"
      ]
    },
    {
      "name": "Chicken Hunan Special Creamy Fried Rice",
      "description": "",
      "media": null,
      "price": 0,
      "menuName": "Fried Rice and Noodles",
      "categoryName": "Non Veg Fried Rice",
      "slugs": [
        "non-veg",
        "services",
        "delivery-enabled",
        "delivery-enabled",
        "non-veg",
        "services",
        "non-veg"
      ]
    },
    {
      "name": "Chicken Barbeque Fried Rice",
      "description": "",
      "media": null,
      "price": 0,
      "menuName": "Fried Rice and Noodles",
      "categoryName": "Non Veg Fried Rice",
      "slugs": [
        "non-veg",
        "services",
        "delivery-enabled",
        "delivery-enabled",
        "non-veg",
        "services",
        "non-veg"
      ]
    },
    {
      "name": "Chicken Mexican Fried Rice",
      "description": "",
      "media": null,
      "price": 0,
      "menuName": "Fried Rice and Noodles",
      "categoryName": "Non Veg Fried Rice",
      "slugs": [
        "non-veg",
        "services",
        "delivery-enabled",
        "delivery-enabled",
        "non-veg",
        "services",
        "non-veg"
      ]
    },
    {
      "name": "Veg Schezwan Noodles",
      "description": "|| Images used are for representation purposes only, and do not indicate size, portion, quantity or color of the actual dish.||",
      "media": null,
      "price": 0,
      "menuName": "Fried Rice and Noodles",
      "categoryName": "Veg Noodles",
      "slugs": [
        "veg",
        "services",
        "sf-spicy",
        "delivery-enabled",
        "delivery-enabled",
        "veg",
        "services",
        "sf-spicy",
        "veg"
      ]
    },
    {
      "name": "Veg Hong Kong Noodles",
      "description": "",
      "media": null,
      "price": 0,
      "menuName": "Fried Rice and Noodles",
      "categoryName": "Veg Noodles",
      "slugs": [
        "veg",
        "services",
        "delivery-enabled",
        "delivery-enabled",
        "veg",
        "services",
        "veg"
      ]
    },
    {
      "name": "Veg Singapuri Noodles",
      "description": "",
      "media": null,
      "price": 0,
      "menuName": "Fried Rice and Noodles",
      "categoryName": "Veg Noodles",
      "slugs": [
        "veg",
        "services",
        "delivery-enabled",
        "delivery-enabled",
        "veg",
        "services",
        "veg"
      ]
    },
    {
      "name": "Veg Chilli Garlic Noodles",
      "description": "",
      "media": null,
      "price": 0,
      "menuName": "Fried Rice and Noodles",
      "categoryName": "Veg Noodles",
      "slugs": [
        "veg",
        "services",
        "delivery-enabled",
        "delivery-enabled",
        "veg",
        "services",
        "veg"
      ]
    },
    {
      "name": "Veg Butter Garlic Noodles",
      "description": "",
      "media": null,
      "price": 0,
      "menuName": "Fried Rice and Noodles",
      "categoryName": "Veg Noodles",
      "slugs": [
        "veg",
        "services",
        "sf-not-vegan",
        "delivery-enabled",
        "delivery-enabled",
        "veg",
        "services",
        "sf-not-vegan",
        "veg"
      ]
    },
    {
      "name": "Veg Hakka Noodles",
      "description": "",
      "media": null,
      "price": 0,
      "menuName": "Fried Rice and Noodles",
      "categoryName": "Veg Noodles",
      "slugs": [
        "veg",
        "services",
        "delivery-enabled",
        "delivery-enabled",
        "veg",
        "services",
        "veg"
      ]
    },
    {
      "name": "Chicken Hakka Noodles",
      "description": "|| Images used are for representation purposes only, and do not indicate size, portion, quantity or color of the actual dish.||",
      "media": null,
      "price": 0,
      "menuName": "Fried Rice and Noodles",
      "categoryName": "Non Veg Noodles",
      "slugs": [
        "non-veg",
        "bestseller-dinner",
        "bestseller-late-night",
        "services",
        "delivery-enabled",
        "delivery-enabled",
        "non-veg",
        "bestseller-dinner",
        "bestseller-late-night",
        "services",
        "non-veg"
      ]
    },
    {
      "name": "Chicken Schezwan Noodles",
      "description": "",
      "media": null,
      "price": 0,
      "menuName": "Fried Rice and Noodles",
      "categoryName": "Non Veg Noodles",
      "slugs": [
        "non-veg",
        "services",
        "sf-spicy",
        "delivery-enabled",
        "delivery-enabled",
        "non-veg",
        "services",
        "sf-spicy",
        "non-veg"
      ]
    },
    {
      "name": "Chicken Hong Kong Noodles",
      "description": "",
      "media": null,
      "price": 0,
      "menuName": "Fried Rice and Noodles",
      "categoryName": "Non Veg Noodles",
      "slugs": [
        "non-veg",
        "services",
        "delivery-enabled",
        "delivery-enabled",
        "non-veg",
        "services",
        "non-veg"
      ]
    },
    {
      "name": "Chicken Singapuri Noodles",
      "description": "",
      "media": null,
      "price": 0,
      "menuName": "Fried Rice and Noodles",
      "categoryName": "Non Veg Noodles",
      "slugs": [
        "non-veg",
        "services",
        "delivery-enabled",
        "delivery-enabled",
        "non-veg",
        "services",
        "non-veg"
      ]
    },
    {
      "name": "Chicken Burnt Garlic Noodles",
      "description": "",
      "media": null,
      "price": 0,
      "menuName": "Fried Rice and Noodles",
      "categoryName": "Non Veg Noodles",
      "slugs": [
        "non-veg",
        "services",
        "delivery-enabled",
        "delivery-enabled",
        "non-veg",
        "services",
        "non-veg"
      ]
    },
    {
      "name": "Chicken Chilli Garlic Noodles",
      "description": "",
      "media": null,
      "price": 0,
      "menuName": "Fried Rice and Noodles",
      "categoryName": "Non Veg Noodles",
      "slugs": [
        "non-veg",
        "services",
        "delivery-enabled",
        "delivery-enabled",
        "non-veg",
        "services",
        "non-veg"
      ]
    },
    {
      "name": "Chicken Butter Garlic Noodles",
      "description": "",
      "media": null,
      "price": 0,
      "menuName": "Fried Rice and Noodles",
      "categoryName": "Non Veg Noodles",
      "slugs": [
        "non-veg",
        "services",
        "delivery-enabled",
        "delivery-enabled",
        "non-veg",
        "services",
        "non-veg"
      ]
    },
    {
      "name": "Chicken Korean Noodles",
      "description": "",
      "media": null,
      "price": 0,
      "menuName": "Fried Rice and Noodles",
      "categoryName": "Non Veg Noodles",
      "slugs": [
        "non-veg",
        "services",
        "delivery-enabled",
        "delivery-enabled",
        "non-veg",
        "services",
        "non-veg"
      ]
    },
    {
      "name": "Chicken Green Thai Noodles",
      "description": "",
      "media": null,
      "price": 0,
      "menuName": "Fried Rice and Noodles",
      "categoryName": "Non Veg Noodles",
      "slugs": [
        "non-veg",
        "services",
        "delivery-enabled",
        "delivery-enabled",
        "non-veg",
        "services",
        "non-veg"
      ]
    },
    {
      "name": "Nawabs Special Chicken Noodles",
      "description": "",
      "media": null,
      "price": 0,
      "menuName": "Fried Rice and Noodles",
      "categoryName": "Non Veg Noodles",
      "slugs": [
        "non-veg",
        "chef-special",
        "services",
        "delivery-enabled",
        "delivery-enabled",
        "non-veg",
        "chef-special",
        "services",
        "non-veg"
      ]
    },
    {
      "name": "Chicken Hunan Noodles",
      "description": "",
      "media": null,
      "price": 0,
      "menuName": "Fried Rice and Noodles",
      "categoryName": "Non Veg Noodles",
      "slugs": [
        "non-veg",
        "services",
        "delivery-enabled",
        "delivery-enabled",
        "non-veg",
        "services",
        "non-veg"
      ]
    },
    {
      "name": "Chicken Shanghai Noodles",
      "description": "",
      "media": null,
      "price": 0,
      "menuName": "Fried Rice and Noodles",
      "categoryName": "Non Veg Noodles",
      "slugs": [
        "non-veg",
        "services",
        "delivery-enabled",
        "delivery-enabled",
        "non-veg",
        "services",
        "non-veg"
      ]
    },
    {
      "name": "Chicken Peri Peri Noodles",
      "description": "",
      "media": null,
      "price": 0,
      "menuName": "Fried Rice and Noodles",
      "categoryName": "Non Veg Noodles",
      "slugs": [
        "non-veg",
        "services",
        "sf-spicy",
        "delivery-enabled",
        "delivery-enabled",
        "non-veg",
        "services",
        "sf-spicy",
        "non-veg"
      ]
    },
    {
      "name": "Chicken Hunan Special Creamy Noodles",
      "description": "",
      "media": null,
      "price": 0,
      "menuName": "Fried Rice and Noodles",
      "categoryName": "Non Veg Noodles",
      "slugs": [
        "non-veg",
        "services",
        "delivery-enabled",
        "delivery-enabled",
        "non-veg",
        "services",
        "non-veg"
      ]
    },
    {
      "name": "Chicken Barbeque Noodles",
      "description": "",
      "media": null,
      "price": 0,
      "menuName": "Fried Rice and Noodles",
      "categoryName": "Non Veg Noodles",
      "slugs": [
        "non-veg",
        "services",
        "delivery-enabled",
        "delivery-enabled",
        "non-veg",
        "services",
        "non-veg"
      ]
    }
  ]
}