{
  "basicInfo": {
    "name": "New Taj Restaurant",
    "cuisine_string": "North Indian, Chinese",
    "canonicalUrl": "https://www.zomato.com/surat/new-taj-restaurant-new-textile-market/order"
  },
  "ratings": {
    "DINING": {
      "rating_type": "DINING",
      "rating": "4.0",
      "reviewCount": "321",
      "reviewTextSmall": "321 Reviews",
      "subtext": "321 Dining Reviews",
      "color": "#1C1C1C",
      "ratingV2": "4.0",
      "subtitle": "DINING",
      "sideSubTitle": "Dining Ratings",
      "bgColorV2": {
        "type": "green",
        "tint": "700"
      },
      "newOnDining": false
    },
    "DELIVERY": {
      "rating_type": "DELIVERY",
      "rating": "2.9",
      "reviewCount": "10.8K",
      "reviewTextSmall": "10.8K Reviews",
      "subtext": "10.8K Delivery Reviews",
      "color": "#E23744",
      "ratingV2": "2.9",
      "subtitle": "DELIVERY",
      "sideSubTitle": "Delivery Ratings",
      "bgColorV2": {
        "type": "yellow",
        "tint": "600"
      },
      "newOnDelivery": false
    }
  },
  "establishment": {
    "city_id": 38,
    "city_name": "Surat",
    "country_id": 1,
    "country_name": "India",
    "zipcode": "",
    "is_dark_kitchen": false,
    "locality_verbose": "New Textile Market, Surat",
    "latitude": "21.2052579078",
    "longitude": "72.8396297246",
    "static_map_url": "https://maps.zomato.com/php/staticmap?center=21.2052579078,72.8396297246&maptype=zomato&markers=21.2052579078,72.8396297246,pin_res32&sensor=false&scale=2&zoom=16&language=en&size=240x150&size=400x240",
    "address": "House 7/166, Taj Mahal Depot, Station Road, Near Jain Dharmshala, New Textile Market, Surat",
    "is_phone_available": 1,
    "phoneDetails": {
      "title": "Phone Numbers",
      "phoneStr": "+918488806888, +919737366669"
    },
    "res_chain_text": "",
    "res_group_text": "",
    "res_chain_url": "",
    "res_group_url": "",
    "show_res_map": true
  },
  "items": [
    {
      "name": "Dal Fry",
      "description": "",
      "media": "https://b.zmtcdn.com/data/dish_photos/eac/de932519cd71f7d5e29a0e48c60fdeac.jpg",
      "price": 140,
      "menuName": "Today's Exclusive Dishes",
      "categoryName": "",
      "slugs": [
        "veg",
        "exclusive-offer",
        "bestseller-breakfast",
        "bestseller-late-night",
        "services",
        "delivery-enabled",
        "delivery-enabled",
        "veg",
        "exclusive-offer",
        "bestseller-breakfast",
        "bestseller-late-night",
        "services",
        "veg"
      ]
    },
    {
      "name": "Paneer Butter Masala",
      "description": "",
      "media": "https://b.zmtcdn.com/data/dish_photos/437/827847127cf90ff6701f24f312d1a437.jpg",
      "price": 200,
      "menuName": "Today's Exclusive Dishes",
      "categoryName": "",
      "slugs": [
        "veg",
        "exclusive-offer",
        "bestseller-breakfast",
        "bestseller-lunch",
        "bestseller-evening",
        "bestseller-dinner",
        "bestseller-late-night",
        "pair-with-bread",
        "services",
        "sf-not-vegan",
        "delivery-enabled",
        "delivery-enabled",
        "veg",
        "exclusive-offer",
        "bestseller-breakfast",
        "bestseller-lunch",
        "bestseller-evening",
        "bestseller-dinner",
        "bestseller-late-night",
        "pair-with-bread",
        "services",
        "sf-not-vegan",
        "veg"
      ]
    },
    {
      "name": "Paneer Tikka",
      "description": "",
      "media": "https://b.zmtcdn.com/data/dish_photos/131/092a4c3430ad9998701dd4627ccc9131.jpg",
      "price": 200,
      "menuName": "Today's Exclusive Dishes",
      "categoryName": "",
      "slugs": [
        "veg",
        "exclusive-offer",
        "bestseller-breakfast",
        "bestseller-lunch",
        "bestseller-evening",
        "bestseller-dinner",
        "bestseller-late-night",
        "restaurant-recommended",
        "services",
        "sf-not-vegan",
        "delivery-enabled",
        "delivery-enabled",
        "veg",
        "exclusive-offer",
        "bestseller-breakfast",
        "bestseller-lunch",
        "bestseller-evening",
        "bestseller-dinner",
        "bestseller-late-night",
        "restaurant-recommended",
        "services",
        "sf-not-vegan",
        "veg"
      ]
    },
    {
      "name": "Veg Deluxe Thali",
      "description": "1 Paneer Butter Masala+3 Butter Chapati/2 Butter Tandoori Roti+Dal Fry+Jeera Rice+Gulab Jamun [1 Piece]+Salad+Pickle [Subject to Availability]",
      "media": null,
      "price": 210,
      "menuName": "Thali",
      "categoryName": "",
      "slugs": [
        "veg",
        "home-style-meal",
        "services",
        "sf-not-vegan",
        "delivery-enabled",
        "delivery-enabled",
        "veg",
        "home-style-meal",
        "services",
        "sf-not-vegan",
        "veg"
      ]
    },
    {
      "name": "Dal Fry",
      "description": "",
      "media": "https://b.zmtcdn.com/data/dish_photos/eac/de932519cd71f7d5e29a0e48c60fdeac.jpg",
      "price": 140,
      "menuName": "Main Course",
      "categoryName": "",
      "slugs": [
        "veg",
        "exclusive-offer",
        "bestseller-breakfast",
        "bestseller-late-night",
        "services",
        "delivery-enabled",
        "delivery-enabled",
        "veg",
        "exclusive-offer",
        "bestseller-breakfast",
        "bestseller-late-night",
        "services",
        "veg"
      ]
    },
    {
      "name": "Dal Tadka",
      "description": "",
      "media": "https://b.zmtcdn.com/data/dish_photos/6af/4cebc782270fd50960853429f349b6af.jpeg",
      "price": 170,
      "menuName": "Main Course",
      "categoryName": "",
      "slugs": [
        "veg",
        "bestseller-lunch",
        "bestseller-evening",
        "bestseller-dinner",
        "bestseller-late-night",
        "restaurant-recommended",
        "pair-with-bread",
        "services",
        "delivery-enabled",
        "delivery-enabled",
        "veg",
        "bestseller-lunch",
        "bestseller-evening",
        "bestseller-dinner",
        "bestseller-late-night",
        "restaurant-recommended",
        "pair-with-bread",
        "services",
        "veg"
      ]
    },
    {
      "name": "Paneer Butter Masala",
      "description": "",
      "media": "https://b.zmtcdn.com/data/dish_photos/437/827847127cf90ff6701f24f312d1a437.jpg",
      "price": 200,
      "menuName": "Main Course",
      "categoryName": "",
      "slugs": [
        "veg",
        "exclusive-offer",
        "bestseller-breakfast",
        "bestseller-lunch",
        "bestseller-evening",
        "bestseller-dinner",
        "bestseller-late-night",
        "pair-with-bread",
        "services",
        "sf-not-vegan",
        "delivery-enabled",
        "delivery-enabled",
        "veg",
        "exclusive-offer",
        "bestseller-breakfast",
        "bestseller-lunch",
        "bestseller-evening",
        "bestseller-dinner",
        "bestseller-late-night",
        "pair-with-bread",
        "services",
        "sf-not-vegan",
        "veg"
      ]
    },
    {
      "name": "Veg Handi",
      "description": "",
      "media": null,
      "price": 170,
      "menuName": "Main Course",
      "categoryName": "",
      "slugs": [
        "veg",
        "services",
        "delivery-enabled",
        "delivery-enabled",
        "veg",
        "services",
        "veg"
      ]
    },
    {
      "name": "Paneer Tikka",
      "description": "",
      "media": "https://b.zmtcdn.com/data/dish_photos/131/092a4c3430ad9998701dd4627ccc9131.jpg",
      "price": 200,
      "menuName": "Main Course",
      "categoryName": "",
      "slugs": [
        "veg",
        "exclusive-offer",
        "bestseller-breakfast",
        "bestseller-lunch",
        "bestseller-evening",
        "bestseller-dinner",
        "bestseller-late-night",
        "restaurant-recommended",
        "services",
        "sf-not-vegan",
        "delivery-enabled",
        "delivery-enabled",
        "veg",
        "exclusive-offer",
        "bestseller-breakfast",
        "bestseller-lunch",
        "bestseller-evening",
        "bestseller-dinner",
        "bestseller-late-night",
        "restaurant-recommended",
        "services",
        "sf-not-vegan",
        "veg"
      ]
    },
    {
      "name": "Veg Kadai",
      "description": "",
      "media": null,
      "price": 170,
      "menuName": "Main Course",
      "categoryName": "",
      "slugs": [
        "veg",
        "services",
        "delivery-enabled",
        "delivery-enabled",
        "veg",
        "services",
        "veg"
      ]
    },
    {
      "name": "Paneer Toofani",
      "description": "",
      "media": "https://b.zmtcdn.com/data/dish_photos/e09/5f94a6f52c1bb5df721601dcc9466e09.jpg",
      "price": 200,
      "menuName": "Main Course",
      "categoryName": "",
      "slugs": [
        "veg",
        "bestseller-dinner",
        "pair-with-bread",
        "services",
        "sf-not-vegan",
        "delivery-enabled",
        "delivery-enabled",
        "veg",
        "bestseller-dinner",
        "pair-with-bread",
        "services",
        "sf-not-vegan",
        "veg"
      ]
    },
    {
      "name": "Paneer Kadai",
      "description": "",
      "media": "https://b.zmtcdn.com/data/dish_photos/941/52972c3869e62a73be8bca131a794941.jpg",
      "price": 200,
      "menuName": "Main Course",
      "categoryName": "",
      "slugs": [
        "veg",
        "bestseller-breakfast",
        "bestseller-lunch",
        "bestseller-evening",
        "bestseller-dinner",
        "bestseller-late-night",
        "restaurant-recommended",
        "services",
        "sf-not-vegan",
        "delivery-enabled",
        "delivery-enabled",
        "veg",
        "bestseller-breakfast",
        "bestseller-lunch",
        "bestseller-evening",
        "bestseller-dinner",
        "bestseller-late-night",
        "restaurant-recommended",
        "services",
        "sf-not-vegan",
        "veg"
      ]
    },
    {
      "name": "Paneer Lajawab",
      "description": "",
      "media": null,
      "price": 200,
      "menuName": "Main Course",
      "categoryName": "",
      "slugs": [
        "veg",
        "bestseller-breakfast",
        "services",
        "sf-not-vegan",
        "delivery-enabled",
        "delivery-enabled",
        "veg",
        "bestseller-breakfast",
        "services",
        "sf-not-vegan",
        "veg"
      ]
    },
    {
      "name": "Paneer Handi",
      "description": "",
      "media": "https://b.zmtcdn.com/data/dish_photos/15e/618a261dc89cd9d3f03b6d5f3d4c115e.jpg",
      "price": 200,
      "menuName": "Main Course",
      "categoryName": "",
      "slugs": [
        "veg",
        "pair-with-bread",
        "services",
        "sf-not-vegan",
        "delivery-enabled",
        "delivery-enabled",
        "veg",
        "pair-with-bread",
        "services",
        "sf-not-vegan",
        "veg"
      ]
    },
    {
      "name": "Cheese Masala",
      "description": "",
      "media": "https://b.zmtcdn.com/data/dish_photos/dc3/5a86bd3ab021045e94a72996f6d2edc3.jpg",
      "price": 220,
      "menuName": "Main Course",
      "categoryName": "",
      "slugs": [
        "veg",
        "services",
        "sf-not-vegan",
        "delivery-enabled",
        "delivery-enabled",
        "veg",
        "services",
        "sf-not-vegan",
        "veg"
      ]
    },
    {
      "name": "Butter Cheese Paneer",
      "description": "",
      "media": null,
      "price": 240,
      "menuName": "Main Course",
      "categoryName": "",
      "slugs": [
        "veg",
        "bestseller-breakfast",
        "bestseller-dinner",
        "services",
        "sf-not-vegan",
        "delivery-enabled",
        "delivery-enabled",
        "veg",
        "bestseller-breakfast",
        "bestseller-dinner",
        "services",
        "sf-not-vegan",
        "veg"
      ]
    },
    {
      "name": "Kaju Curry",
      "description": "",
      "media": "https://b.zmtcdn.com/data/dish_photos/cfc/464770b6d968a89b391b27139df34cfc.jpg",
      "price": 230,
      "menuName": "Main Course",
      "categoryName": "",
      "slugs": [
        "veg",
        "bestseller-breakfast",
        "bestseller-lunch",
        "bestseller-evening",
        "bestseller-dinner",
        "bestseller-late-night",
        "restaurant-recommended",
        "pair-with-bread",
        "services",
        "delivery-enabled",
        "delivery-enabled",
        "veg",
        "bestseller-breakfast",
        "bestseller-lunch",
        "bestseller-evening",
        "bestseller-dinner",
        "bestseller-late-night",
        "restaurant-recommended",
        "pair-with-bread",
        "services",
        "veg"
      ]
    },
    {
      "name": "Kaju Paneer",
      "description": "",
      "media": null,
      "price": 230,
      "menuName": "Main Course",
      "categoryName": "",
      "slugs": [
        "veg",
        "services",
        "sf-not-vegan",
        "delivery-enabled",
        "delivery-enabled",
        "veg",
        "services",
        "sf-not-vegan",
        "veg"
      ]
    },
    {
      "name": "Paneer Bhurji",
      "description": "",
      "media": "https://b.zmtcdn.com/data/dish_photos/6ce/770e440691dbff7179bea84117d916ce.jpg",
      "price": 220,
      "menuName": "Main Course",
      "categoryName": "",
      "slugs": [
        "veg",
        "services",
        "sf-not-vegan",
        "delivery-enabled",
        "delivery-enabled",
        "veg",
        "services",
        "sf-not-vegan",
        "veg"
      ]
    },
    {
      "name": "Paneer Mushroom",
      "description": "",
      "media": null,
      "price": 220,
      "menuName": "Main Course",
      "categoryName": "",
      "slugs": [
        "veg",
        "services",
        "sf-not-vegan",
        "delivery-enabled",
        "delivery-enabled",
        "veg",
        "services",
        "sf-not-vegan",
        "veg"
      ]
    },
    {
      "name": "Shahi Paneer",
      "description": "",
      "media": "https://b.zmtcdn.com/data/dish_photos/74a/3406f4c175ba36351e43f9caeca8b74a.jpg",
      "price": 220,
      "menuName": "Main Course",
      "categoryName": "",
      "slugs": [
        "veg",
        "services",
        "sf-not-vegan",
        "delivery-enabled",
        "delivery-enabled",
        "veg",
        "services",
        "sf-not-vegan",
        "veg"
      ]
    },
    {
      "name": "Palak Paneer",
      "description": "",
      "media": "https://b.zmtcdn.com/data/dish_photos/173/260933bca8d3bb8acfb63fdb558a1173.jpg",
      "price": 220,
      "menuName": "Main Course",
      "categoryName": "",
      "slugs": [
        "veg",
        "services",
        "sf-not-vegan",
        "delivery-enabled",
        "delivery-enabled",
        "veg",
        "services",
        "sf-not-vegan",
        "veg"
      ]
    },
    {
      "name": "Chana Paneer",
      "description": "",
      "media": null,
      "price": 200,
      "menuName": "Main Course",
      "categoryName": "",
      "slugs": [
        "veg",
        "services",
        "sf-not-vegan",
        "delivery-enabled",
        "delivery-enabled",
        "veg",
        "services",
        "sf-not-vegan",
        "veg"
      ]
    },
    {
      "name": "Paneer Chatpata",
      "description": "",
      "media": "https://b.zmtcdn.com/data/dish_photos/b3e/d076d111d4dc53c6d6b6336e8ef96b3e.jpg",
      "price": 200,
      "menuName": "Main Course",
      "categoryName": "",
      "slugs": [
        "veg",
        "services",
        "sf-not-vegan",
        "delivery-enabled",
        "delivery-enabled",
        "veg",
        "services",
        "sf-not-vegan",
        "veg"
      ]
    },
    {
      "name": "Matar Paneer",
      "description": "",
      "media": "https://b.zmtcdn.com/data/dish_photos/a8d/cb45dc8351a47f0cb24fbcfab6cb2a8d.jpg",
      "price": 200,
      "menuName": "Main Course",
      "categoryName": "",
      "slugs": [
        "veg",
        "services",
        "sf-not-vegan",
        "delivery-enabled",
        "delivery-enabled",
        "veg",
        "services",
        "sf-not-vegan",
        "veg"
      ]
    },
    {
      "name": "Bhindi Masala",
      "description": "",
      "media": "https://b.zmtcdn.com/data/dish_photos/572/5ce0cf1867939ad2180f311867f4c572.jpg",
      "price": 150,
      "menuName": "Main Course",
      "categoryName": "",
      "slugs": [
        "veg",
        "services",
        "delivery-enabled",
        "delivery-enabled",
        "veg",
        "services",
        "veg"
      ]
    },
    {
      "name": "Bhindi Fry",
      "description": "",
      "media": "https://b.zmtcdn.com/data/dish_photos/572/5ce0cf1867939ad2180f311867f4c572.jpg",
      "price": 160,
      "menuName": "Main Course",
      "categoryName": "",
      "slugs": [
        "veg",
        "services",
        "delivery-enabled",
        "delivery-enabled",
        "veg",
        "services",
        "veg"
      ]
    },
    {
      "name": "Aloo Gobi",
      "description": "",
      "media": null,
      "price": 150,
      "menuName": "Main Course",
      "categoryName": "",
      "slugs": [
        "veg",
        "home-style-meal",
        "services",
        "delivery-enabled",
        "delivery-enabled",
        "veg",
        "home-style-meal",
        "services",
        "veg"
      ]
    },
    {
      "name": "Sev Tomato",
      "description": "",
      "media": "https://b.zmtcdn.com/data/dish_photos/93f/657a5cdb8512ddac030dbd84753eb93f.jpg",
      "price": 150,
      "menuName": "Main Course",
      "categoryName": "",
      "slugs": [
        "veg",
        "services",
        "delivery-enabled",
        "delivery-enabled",
        "veg",
        "services",
        "veg"
      ]
    },
    {
      "name": "Aloo Matar",
      "description": "",
      "media": "https://b.zmtcdn.com/data/dish_photos/5a3/cc92bd9556bb8d4c8e9fd83909cfc5a3.jpg",
      "price": 140,
      "menuName": "Main Course",
      "categoryName": "",
      "slugs": [
        "veg",
        "home-style-meal",
        "services",
        "delivery-enabled",
        "delivery-enabled",
        "veg",
        "home-style-meal",
        "services",
        "veg"
      ]
    },
    {
      "name": "Malai Kofta",
      "description": "",
      "media": "https://b.zmtcdn.com/data/dish_photos/72e/30181762c2cc162b14a0624d40a6b72e.jpg",
      "price": 200,
      "menuName": "Main Course",
      "categoryName": "",
      "slugs": [
        "veg",
        "services",
        "sf-not-vegan",
        "delivery-enabled",
        "delivery-enabled",
        "veg",
        "services",
        "sf-not-vegan",
        "veg"
      ]
    },
    {
      "name": "Veg Kofta",
      "description": "",
      "media": null,
      "price": 180,
      "menuName": "Main Course",
      "categoryName": "",
      "slugs": [
        "veg",
        "services",
        "delivery-enabled",
        "delivery-enabled",
        "veg",
        "services",
        "veg"
      ]
    },
    {
      "name": "Paneer Kofta",
      "description": "",
      "media": "https://b.zmtcdn.com/data/dish_photos/d7d/c351858e23186d180a76ca8c82cbed7d.jpg",
      "price": 250,
      "menuName": "Main Course",
      "categoryName": "",
      "slugs": [
        "veg",
        "services",
        "sf-not-vegan",
        "delivery-enabled",
        "delivery-enabled",
        "veg",
        "services",
        "sf-not-vegan",
        "veg"
      ]
    },
    {
      "name": "Kaju Kofta",
      "description": "",
      "media": null,
      "price": 230,
      "menuName": "Main Course",
      "categoryName": "",
      "slugs": [
        "veg",
        "services",
        "delivery-enabled",
        "delivery-enabled",
        "veg",
        "services",
        "veg"
      ]
    },
    {
      "name": "Cheese Kofta",
      "description": "",
      "media": "https://b.zmtcdn.com/data/dish_photos/a28/dff326c459ca86ba7c37f02999039a28.jpg",
      "price": 230,
      "menuName": "Main Course",
      "categoryName": "",
      "slugs": [
        "veg",
        "services",
        "sf-not-vegan",
        "delivery-enabled",
        "delivery-enabled",
        "veg",
        "services",
        "sf-not-vegan",
        "veg"
      ]
    },
    {
      "name": "Veg Pulao",
      "description": "",
      "media": "https://b.zmtcdn.com/data/dish_photos/411/8cf0c4f71d037200e6796577e62ba411.jpg",
      "price": 180,
      "menuName": "Rice and Biryani",
      "categoryName": "",
      "slugs": [
        "veg",
        "reco-rice",
        "home-style-meal",
        "services",
        "delivery-enabled",
        "delivery-enabled",
        "veg",
        "reco-rice",
        "home-style-meal",
        "services",
        "veg"
      ]
    },
    {
      "name": "Jeera Rice",
      "description": "",
      "media": "https://b.zmtcdn.com/data/dish_photos/1be/6b3720e5ff3398edba62e6c87b6891be.jpg",
      "price": 130,
      "menuName": "Rice and Biryani",
      "categoryName": "",
      "slugs": [
        "veg",
        "reco-rice",
        "bestseller-breakfast",
        "bestseller-lunch",
        "bestseller-late-night",
        "home-style-meal",
        "services",
        "delivery-enabled",
        "delivery-enabled",
        "veg",
        "reco-rice",
        "bestseller-breakfast",
        "bestseller-lunch",
        "bestseller-late-night",
        "home-style-meal",
        "services",
        "veg"
      ]
    },
    {
      "name": "Veg Biryani",
      "description": "",
      "media": "https://b.zmtcdn.com/data/dish_photos/851/3f969b37d740a6197eb4337d3e870851.jpg",
      "price": 210,
      "menuName": "Rice and Biryani",
      "categoryName": "",
      "slugs": [
        "veg",
        "reco-rice",
        "bestseller-breakfast",
        "services",
        "delivery-enabled",
        "delivery-enabled",
        "veg",
        "reco-rice",
        "bestseller-breakfast",
        "services",
        "veg"
      ]
    },
    {
      "name": "Veg Hyderabadi Biryani",
      "description": "",
      "media": null,
      "price": 220,
      "menuName": "Rice and Biryani",
      "categoryName": "",
      "slugs": [
        "veg",
        "reco-rice",
        "bestseller-dinner",
        "bestseller-late-night",
        "services",
        "delivery-enabled",
        "delivery-enabled",
        "veg",
        "reco-rice",
        "bestseller-dinner",
        "bestseller-late-night",
        "services",
        "veg"
      ]
    },
    {
      "name": "Paneer Cheese Biryani",
      "description": "",
      "media": "https://b.zmtcdn.com/data/dish_photos/ef2/9f2f961f26533ed2af3d3200894edef2.jpg",
      "price": 220,
      "menuName": "Rice and Biryani",
      "categoryName": "",
      "slugs": [
        "veg",
        "reco-rice",
        "bestseller-breakfast",
        "bestseller-lunch",
        "bestseller-evening",
        "services",
        "sf-not-vegan",
        "delivery-enabled",
        "delivery-enabled",
        "veg",
        "reco-rice",
        "bestseller-breakfast",
        "bestseller-lunch",
        "bestseller-evening",
        "services",
        "sf-not-vegan",
        "veg"
      ]
    },
    {
      "name": "Dal Khichdi",
      "description": "",
      "media": null,
      "price": 220,
      "menuName": "Rice and Biryani",
      "categoryName": "",
      "slugs": [
        "veg",
        "home-style-meal",
        "services",
        "delivery-enabled",
        "delivery-enabled",
        "veg",
        "home-style-meal",
        "services",
        "veg"
      ]
    },
    {
      "name": "Plain Rice",
      "description": "",
      "media": "https://b.zmtcdn.com/data/dish_photos/563/b323eb10062f264d92893766a7c13563.jpg",
      "price": 80,
      "menuName": "Rice and Biryani",
      "categoryName": "",
      "slugs": [
        "veg",
        "services",
        "delivery-enabled",
        "delivery-enabled",
        "veg",
        "services",
        "veg"
      ]
    },
    {
      "name": "Paneer Biryani",
      "description": "",
      "media": "https://b.zmtcdn.com/data/dish_photos/b15/0728cd092cdf5925a8f00576d8eb7b15.jpg",
      "price": 220,
      "menuName": "Rice and Biryani",
      "categoryName": "",
      "slugs": [
        "veg",
        "services",
        "sf-not-vegan",
        "delivery-enabled",
        "delivery-enabled",
        "veg",
        "services",
        "sf-not-vegan",
        "veg"
      ]
    },
    {
      "name": "Plain Chapati",
      "description": "",
      "media": null,
      "price": 18,
      "menuName": "Breads",
      "categoryName": "",
      "slugs": [
        "veg",
        "reco-breads",
        "bread",
        "home-style-meal",
        "services",
        "delivery-enabled",
        "delivery-enabled",
        "veg",
        "reco-breads",
        "bread",
        "home-style-meal",
        "services",
        "veg"
      ]
    },
    {
      "name": "Tandoori Roti",
      "description": "",
      "media": "https://b.zmtcdn.com/data/dish_photos/353/b4fd0d05d0c10d906dcd5a3114b7d353.jpg",
      "price": 20,
      "menuName": "Breads",
      "categoryName": "",
      "slugs": [
        "veg",
        "reco-breads",
        "bread",
        "services",
        "delivery-enabled",
        "delivery-enabled",
        "veg",
        "reco-breads",
        "bread",
        "services",
        "veg"
      ]
    },
    {
      "name": "Butter Chapati",
      "description": "",
      "media": "https://b.zmtcdn.com/data/dish_photos/2b9/62aabf89b135078b9ad83ece0998b2b9.jpg",
      "price": 25,
      "menuName": "Breads",
      "categoryName": "",
      "slugs": [
        "veg",
        "reco-breads",
        "bread",
        "services",
        "sf-not-vegan",
        "delivery-enabled",
        "delivery-enabled",
        "veg",
        "reco-breads",
        "bread",
        "services",
        "sf-not-vegan",
        "veg"
      ]
    },
    {
      "name": "Tandoori Laccha Paratha",
      "description": "",
      "media": null,
      "price": 40,
      "menuName": "Breads",
      "categoryName": "",
      "slugs": [
        "veg",
        "reco-breads",
        "services",
        "delivery-enabled",
        "delivery-enabled",
        "veg",
        "reco-breads",
        "services",
        "veg"
      ]
    },
    {
      "name": "Tandoori Butter Naan",
      "description": "",
      "media": null,
      "price": 40,
      "menuName": "Breads",
      "categoryName": "",
      "slugs": [
        "veg",
        "reco-breads",
        "bread",
        "services",
        "sf-not-vegan",
        "delivery-enabled",
        "delivery-enabled",
        "veg",
        "reco-breads",
        "bread",
        "services",
        "sf-not-vegan",
        "veg"
      ]
    },
    {
      "name": "Tandoori Butter Kulcha",
      "description": "",
      "media": null,
      "price": 40,
      "menuName": "Breads",
      "categoryName": "",
      "slugs": [
        "veg",
        "reco-breads",
        "services",
        "sf-not-vegan",
        "delivery-enabled",
        "delivery-enabled",
        "veg",
        "reco-breads",
        "services",
        "sf-not-vegan",
        "veg"
      ]
    },
    {
      "name": "Cheese Butter Naan",
      "description": "",
      "media": null,
      "price": 60,
      "menuName": "Breads",
      "categoryName": "",
      "slugs": [
        "veg",
        "reco-breads",
        "services",
        "sf-not-vegan",
        "delivery-enabled",
        "delivery-enabled",
        "veg",
        "reco-breads",
        "services",
        "sf-not-vegan",
        "veg"
      ]
    },
    {
      "name": "Butter Tandoori Roti",
      "description": "",
      "media": "https://b.zmtcdn.com/data/dish_photos/e6d/f0386c7fc835fa77ccd1d3e8f59dce6d.jpg",
      "price": 25,
      "menuName": "Breads",
      "categoryName": "",
      "slugs": [
        "veg",
        "services",
        "sf-not-vegan",
        "delivery-enabled",
        "delivery-enabled",
        "veg",
        "services",
        "sf-not-vegan",
        "veg"
      ]
    },
    {
      "name": "Tandoori Methi Roti",
      "description": "",
      "media": null,
      "price": 40,
      "menuName": "Breads",
      "categoryName": "",
      "slugs": [
        "veg",
        "home-style-meal",
        "services",
        "delivery-enabled",
        "delivery-enabled",
        "veg",
        "home-style-meal",
        "services",
        "veg"
      ]
    },
    {
      "name": "Fry Papad",
      "description": "",
      "media": null,
      "price": 28,
      "menuName": "Accompaniment",
      "categoryName": "",
      "slugs": [
        "veg",
        "services",
        "delivery-enabled",
        "delivery-enabled",
        "veg",
        "services",
        "veg"
      ]
    },
    {
      "name": "Dal Fry Combo",
      "description": "Dal fry+jeera rice+salad+butter milk",
      "media": "https://b.zmtcdn.com/data/dish_photos/a2a/46397ed4e08efe0fb83ba51a7259ba2a.jpg",
      "price": 280,
      "menuName": "Special Combos",
      "categoryName": "Special Combos For One Person",
      "slugs": [
        "veg",
        "bestseller-lunch",
        "bestseller-evening",
        "bestseller-late-night",
        "restaurant-recommended",
        "combo-item",
        "zpl-combo",
        "services",
        "value-meal",
        "delivery-enabled",
        "delivery-enabled",
        "veg",
        "bestseller-lunch",
        "bestseller-evening",
        "bestseller-late-night",
        "restaurant-recommended",
        "combo-item",
        "zpl-combo",
        "services",
        "value-meal",
        "veg"
      ]
    },
    {
      "name": "Paneer Butter Masala Combo",
      "description": "Paneer butter masala+2 butter chapati+salad+butter milk",
      "media": "https://b.zmtcdn.com/data/dish_photos/3b8/9957e12d8b016fb7b20ff039f19d03b8.jpg",
      "price": 310,
      "menuName": "Special Combos",
      "categoryName": "Special Combos For One Person",
      "slugs": [
        "veg",
        "bestseller-lunch",
        "bestseller-evening",
        "bestseller-dinner",
        "bestseller-late-night",
        "restaurant-recommended",
        "combo-item",
        "zpl-combo",
        "services",
        "sf-not-vegan",
        "delivery-enabled",
        "delivery-enabled",
        "veg",
        "bestseller-lunch",
        "bestseller-evening",
        "bestseller-dinner",
        "bestseller-late-night",
        "restaurant-recommended",
        "combo-item",
        "zpl-combo",
        "services",
        "sf-not-vegan",
        "veg"
      ]
    },
    {
      "name": "Paneer Tikka Masala Combo",
      "description": "Paneer tikka masala+2 butter chapati+salad+butter milk",
      "media": "https://b.zmtcdn.com/data/dish_photos/10b/231b0749b6ab31446a609544dd47310b.jpg",
      "price": 220,
      "menuName": "Special Combos",
      "categoryName": "Special Combos For One Person",
      "slugs": [
        "veg",
        "bestseller-evening",
        "restaurant-recommended",
        "combo-item",
        "zpl-combo",
        "services",
        "value-meal",
        "sf-not-vegan",
        "delivery-enabled",
        "delivery-enabled",
        "veg",
        "bestseller-evening",
        "restaurant-recommended",
        "combo-item",
        "zpl-combo",
        "services",
        "value-meal",
        "sf-not-vegan",
        "veg"
      ]
    },
    {
      "name": "Kaju Curry Combo",
      "description": "Kaju curry+2 butter chapati+salad+butter milk",
      "media": "https://b.zmtcdn.com/data/dish_photos/65c/9de0152aefda79e29a723f850f45365c.jpg",
      "price": 340,
      "menuName": "Special Combos",
      "categoryName": "Special Combos For One Person",
      "slugs": [
        "veg",
        "bestseller-lunch",
        "bestseller-evening",
        "bestseller-dinner",
        "bestseller-late-night",
        "restaurant-recommended",
        "combo-item",
        "zpl-combo",
        "services",
        "value-meal",
        "sf-not-vegan",
        "delivery-enabled",
        "delivery-enabled",
        "veg",
        "bestseller-lunch",
        "bestseller-evening",
        "bestseller-dinner",
        "bestseller-late-night",
        "restaurant-recommended",
        "combo-item",
        "zpl-combo",
        "services",
        "value-meal",
        "sf-not-vegan",
        "veg"
      ]
    },
    {
      "name": "Paneer Lajawab with Dal Tadka and Plain Rice",
      "description": "Paneer Lajawab+Dal Tadka+Plain Rice+6 Chapati+2 Chaas",
      "media": "https://b.zmtcdn.com/data/dish_photos/49f/50759d714b2a3c751d9d20aa218fa49f.jpg",
      "price": 850,
      "menuName": "Special Combos",
      "categoryName": "Special Combos For Two Person",
      "slugs": [
        "veg",
        "restaurant-recommended",
        "combo-item",
        "zpl-combo",
        "home-style-meal",
        "services",
        "value-meal",
        "sf-not-vegan",
        "delivery-enabled",
        "delivery-enabled",
        "veg",
        "restaurant-recommended",
        "combo-item",
        "zpl-combo",
        "home-style-meal",
        "services",
        "value-meal",
        "sf-not-vegan",
        "veg"
      ]
    },
    {
      "name": "Paneer Tikka with Dal Tadka and Plain Rice",
      "description": "Paneer Tikka+Dal Tadka+Plain Rice+6 Chapati+2 Chaas",
      "media": null,
      "price": 850,
      "menuName": "Special Combos",
      "categoryName": "Special Combos For Two Person",
      "slugs": [
        "veg",
        "combo-item",
        "zpl-combo",
        "home-style-meal",
        "services",
        "value-meal",
        "sf-not-vegan",
        "delivery-enabled",
        "delivery-enabled",
        "veg",
        "combo-item",
        "zpl-combo",
        "home-style-meal",
        "services",
        "value-meal",
        "sf-not-vegan",
        "veg"
      ]
    },
    {
      "name": "Paneer Toofani with Dal Tadka and Sev Tomato",
      "description": "Paneer Toofani+Dal Tadka+Sev Tomato+6 Chapati+2 Chaas",
      "media": "https://b.zmtcdn.com/data/dish_photos/398/5f19a16d7458f771c4365f06ecd70398.jpg",
      "price": 850,
      "menuName": "Special Combos",
      "categoryName": "Special Combos For Two Person",
      "slugs": [
        "veg",
        "restaurant-recommended",
        "combo-item",
        "zpl-combo",
        "home-style-meal",
        "services",
        "sf-not-vegan",
        "delivery-enabled",
        "delivery-enabled",
        "veg",
        "restaurant-recommended",
        "combo-item",
        "zpl-combo",
        "home-style-meal",
        "services",
        "sf-not-vegan",
        "veg"
      ]
    },
    {
      "name": "Paneer Butter Masala with Dal Tadka and Aloo Matar",
      "description": "Paneer Butter Masala+Dal Tadka+Aloo Matar+6 Chapati+2 Chaas",
      "media": null,
      "price": 850,
      "menuName": "Special Combos",
      "categoryName": "Special Combos For Two Person",
      "slugs": [
        "veg",
        "combo-item",
        "zpl-combo",
        "home-style-meal",
        "services",
        "sf-not-vegan",
        "delivery-enabled",
        "delivery-enabled",
        "veg",
        "combo-item",
        "zpl-combo",
        "home-style-meal",
        "services",
        "sf-not-vegan",
        "veg"
      ]
    },
    {
      "name": "Paneer Handi with Dal Tadka and Jeera Rice",
      "description": "Paneer Handi+Dal Tadka+Jeera Rice+6 Chapati+2 Chaas",
      "media": "https://b.zmtcdn.com/data/dish_photos/8da/cb2406c49975a1d9a34b939ca11578da.jpg",
      "price": 850,
      "menuName": "Special Combos",
      "categoryName": "Special Combos For Two Person",
      "slugs": [
        "veg",
        "restaurant-recommended",
        "combo-item",
        "zpl-combo",
        "home-style-meal",
        "services",
        "value-meal",
        "sf-not-vegan",
        "delivery-enabled",
        "delivery-enabled",
        "veg",
        "restaurant-recommended",
        "combo-item",
        "zpl-combo",
        "home-style-meal",
        "services",
        "value-meal",
        "sf-not-vegan",
        "veg"
      ]
    },
    {
      "name": "Butter Milk",
      "description": "",
      "media": null,
      "price": 35,
      "menuName": "Drinks (Beverages)",
      "categoryName": "",
      "slugs": [
        "veg",
        "services",
        "delivery-enabled",
        "delivery-enabled",
        "veg",
        "services",
        "veg"
      ]
    }
  ]
}