{
  "basicInfo": {
    "name": "Podi Cafe",
    "cuisine_string": "South Indian",
    "canonicalUrl": "https://www.zomato.com/surat/podi-cafe-adajan-gam/order"
  },
  "ratings": {
    "DINING": {
      "rating_type": "DINING",
      "rating": "",
      "reviewCount": "1",
      "reviewTextSmall": "1 Reviews",
      "subtext": "Does not offer Dining",
      "color": "",
      "ratingV2": "-",
      "subtitle": "DINING",
      "sideSubTitle": "Dining Ratings",
      "bgColorV2": {
        "type": "grey",
        "tint": "500"
      },
      "newOnDining": false
    },
    "DELIVERY": {
      "rating_type": "DELIVERY",
      "rating": "4.0",
      "reviewCount": "5",
      "reviewTextSmall": "5 Reviews",
      "subtext": "5 Delivery Reviews",
      "color": "#E23744",
      "ratingV2": "4.0",
      "subtitle": "DELIVERY",
      "sideSubTitle": "Delivery Ratings",
      "bgColorV2": {
        "type": "green",
        "tint": "700"
      },
      "newOnDelivery": false
    }
  },
  "establishment": {
    "city_id": 38,
    "city_name": "Surat",
    "country_id": 1,
    "country_name": "India",
    "zipcode": "395009",
    "is_dark_kitchen": false,
    "locality_verbose": "Adajan Gam, Surat",
    "latitude": "21.1819567940",
    "longitude": "72.7768707055",
    "static_map_url": "https://maps.zomato.com/php/staticmap?center=21.1819567940,72.7768707055&maptype=zomato&markers=21.1819567940,72.7768707055,pin_res32&sensor=false&scale=2&zoom=16&language=en&size=240x150&size=400x240",
    "address": "G-4/5, Sangini Aspire, Pal Hazira Road, Adajan Gam, Surat",
    "is_phone_available": 1,
    "phoneDetails": {
      "title": "Phone Numbers",
      "phoneStr": "+917435888788"
    },
    "res_chain_text": "",
    "res_group_text": "",
    "res_chain_url": "",
    "res_group_url": "",
    "show_res_map": true
  },
  "items": []
}