{
  "basicInfo": {
    "name": "Radha Krishna Restaurant",
    "cuisine_string": "South Indian, North Indian, Chinese, Beverages",
    "canonicalUrl": "https://www.zomato.com/surat/radha-krishna-restaurant-athwa/order"
  },
  "ratings": {
    "DINING": {
      "rating_type": "DINING",
      "rating": "3.5",
      "reviewCount": "98",
      "reviewTextSmall": "98 Reviews",
      "subtext": "98 Dining Reviews",
      "color": "#1C1C1C",
      "ratingV2": "3.5",
      "subtitle": "DINING",
      "sideSubTitle": "Dining Ratings",
      "bgColorV2": {
        "type": "green",
        "tint": "600"
      },
      "newOnDining": false
    },
    "DELIVERY": {
      "rating_type": "DELIVERY",
      "rating": "4.3",
      "reviewCount": "1,147",
      "reviewTextSmall": "1,147 Reviews",
      "subtext": "1,147 Delivery Reviews",
      "color": "#E23744",
      "ratingV2": "4.3",
      "subtitle": "DELIVERY",
      "sideSubTitle": "Delivery Ratings",
      "bgColorV2": {
        "type": "green",
        "tint": "700"
      },
      "newOnDelivery": false
    }
  },
  "establishment": {
    "city_id": 38,
    "city_name": "Surat",
    "country_id": 1,
    "country_name": "India",
    "zipcode": "",
    "is_dark_kitchen": false,
    "locality_verbose": "Athwa, Surat",
    "latitude": "21.1807800242",
    "longitude": "72.8193029389",
    "static_map_url": "https://maps.zomato.com/php/staticmap?center=21.1807800242,72.8193029389&maptype=zomato&markers=21.1807800242,72.8193029389,pin_res32&sensor=false&scale=2&zoom=16&language=en&size=240x150&size=400x240",
    "address": "Himani Aparment, Near Vishwakarma Mandir, Char Rasta, Athwa, Surat",
    "is_phone_available": 1,
    "phoneDetails": {
      "title": "Phone Numbers",
      "phoneStr": "+912612477765, +919825119472"
    },
    "res_chain_text": "",
    "res_group_text": "",
    "res_chain_url": "",
    "res_group_url": "",
    "show_res_map": true
  },
  "items": []
}