{
  "basicInfo": {
    "name": "Ras Sagar Sweet House",
    "cuisine_string": "Mithai, Desserts, Fast Food",
    "canonicalUrl": "https://www.zomato.com/surat/ras-sagar-sweet-house-city-light/order"
  },
  "ratings": {
    "DINING": {
      "rating_type": "DINING",
      "rating": "3.4",
      "reviewCount": "20",
      "reviewTextSmall": "20 Reviews",
      "subtext": "20 Dining Reviews",
      "color": "#1C1C1C",
      "ratingV2": "3.4",
      "subtitle": "DINING",
      "sideSubTitle": "Dining Ratings",
      "bgColorV2": {
        "type": "green",
        "tint": "500"
      },
      "newOnDining": false
    },
    "DELIVERY": {
      "rating_type": "DELIVERY",
      "rating": "4.0",
      "reviewCount": "649",
      "reviewTextSmall": "649 Reviews",
      "subtext": "649 Delivery Reviews",
      "color": "#E23744",
      "ratingV2": "4.0",
      "subtitle": "DELIVERY",
      "sideSubTitle": "Delivery Ratings",
      "bgColorV2": {
        "type": "green",
        "tint": "700"
      },
      "newOnDelivery": false
    }
  },
  "establishment": {
    "city_id": 38,
    "city_name": "Surat",
    "country_id": 1,
    "country_name": "India",
    "zipcode": "",
    "is_dark_kitchen": false,
    "locality_verbose": "City Light, Surat",
    "latitude": "21.1668543560",
    "longitude": "72.7957531437",
    "static_map_url": "https://maps.zomato.com/php/staticmap?center=21.1668543560,72.7957531437&maptype=zomato&markers=21.1668543560,72.7957531437,pin_res32&sensor=false&scale=2&zoom=16&language=en&size=240x150&size=400x240",
    "address": "G-5, Bhagwati Ashish Appartment, City Light, Surat",
    "is_phone_available": 1,
    "phoneDetails": {
      "title": "Phone Numbers",
      "phoneStr": "+917490050974"
    },
    "res_chain_text": "See all 2 Ras Sagar Sweet House outlets in Surat",
    "res_group_text": "",
    "res_chain_url": "https://www.zomato.com/surat/restaurants/ras-sagar-sweet-house",
    "res_group_url": "",
    "show_res_map": true
  },
  "items": [
    {
      "name": "Chappan Bhog",
      "description": "Assorted box sweets, namkeen and dry fruits, in total 56 varities, each specially packed for prasad [1 piece].",
      "media": "https://b.zmtcdn.com/data/dish_photos/902/978d91429b71b6ea81e72897bb9e1902.jpg",
      "price": 1250,
      "menuName": "Our Specials",
      "categoryName": "Navratri Specials",
      "slugs": [
        "veg",
        "restaurant-recommended",
        "goods",
        "delivery-enabled",
        "delivery-enabled",
        "veg",
        "restaurant-recommended",
        "goods",
        "veg"
      ]
    },
    {
      "name": "Kachori [Mini, 10 Pieces]",
      "description": "",
      "media": null,
      "price": 120,
      "menuName": "Our Specials",
      "categoryName": "Navratri Specials",
      "slugs": [
        "veg",
        "goods",
        "delivery-enabled",
        "delivery-enabled",
        "veg",
        "goods",
        "veg"
      ]
    },
    {
      "name": "Rasmalai",
      "description": "Bengali item, made from milk",
      "media": "https://b.zmtcdn.com/data/dish_photos/16e/88340cb4604def199cf78bab94e4016e.jpg",
      "price": 0,
      "menuName": "Farali Special [Fast]",
      "categoryName": "",
      "slugs": [
        "veg",
        "reco-desserts",
        "dessert",
        "goods",
        "rakhi-special",
        "category-slab-1",
        "sf-mithai",
        "sf-not-vegan",
        "delivery-enabled",
        "delivery-enabled",
        "veg",
        "reco-desserts",
        "dessert",
        "goods",
        "rakhi-special",
        "category-slab-1",
        "sf-mithai",
        "sf-not-vegan",
        "veg"
      ]
    },
    {
      "name": "Mother India",
      "description": "Bengali sweet made from chena and sugar syrup. can be taken in fast.",
      "media": "https://b.zmtcdn.com/data/dish_photos/7f3/28efaa1eb2834d41d33bb9408d68f7f3.jpg",
      "price": 0,
      "menuName": "Farali Special [Fast]",
      "categoryName": "",
      "slugs": [
        "veg",
        "dessert",
        "goods",
        "sf-mithai",
        "delivery-enabled",
        "delivery-enabled",
        "veg",
        "dessert",
        "goods",
        "sf-mithai",
        "veg"
      ]
    },
    {
      "name": "Rasgulla",
      "description": "Sponge rasgula",
      "media": "https://b.zmtcdn.com/data/dish_photos/e8d/1cc14fdd92f54590fa65ed3404a1be8d.jpg",
      "price": 0,
      "menuName": "Farali Special [Fast]",
      "categoryName": "",
      "slugs": [
        "veg",
        "dessert",
        "goods",
        "category-slab-1",
        "sf-mithai",
        "delivery-enabled",
        "delivery-enabled",
        "veg",
        "dessert",
        "goods",
        "category-slab-1",
        "sf-mithai",
        "veg"
      ]
    },
    {
      "name": "Kaju Katli",
      "description": "Kaju katli is made from finest cashews and sugar. Can be eaten during fast and upwas. Pure jain silver leaves used.",
      "media": "https://b.zmtcdn.com/data/dish_photos/415/4b43c0b0915de7da6e59ae6daf3af415.jpg",
      "price": 0,
      "menuName": "Farali Special [Fast]",
      "categoryName": "",
      "slugs": [
        "veg",
        "restaurant-recommended",
        "dessert",
        "goods",
        "rakhi-special",
        "category-slab-1",
        "sf-mithai",
        "delivery-enabled",
        "delivery-enabled",
        "veg",
        "restaurant-recommended",
        "dessert",
        "goods",
        "rakhi-special",
        "category-slab-1",
        "sf-mithai",
        "veg"
      ]
    },
    {
      "name": "Milk Cake",
      "description": "Milkcake is made from milk, like kalakand, it is little dark in color then kalakand. Can be eaten in fast.",
      "media": "https://b.zmtcdn.com/data/dish_photos/d52/170fba03a37db717e03007609ea65d52.jpg",
      "price": 0,
      "menuName": "Farali Special [Fast]",
      "categoryName": "",
      "slugs": [
        "veg",
        "dessert",
        "goods",
        "rakhi-special",
        "category-slab-1",
        "sf-mithai",
        "delivery-enabled",
        "delivery-enabled",
        "veg",
        "dessert",
        "goods",
        "rakhi-special",
        "category-slab-1",
        "sf-mithai",
        "veg"
      ]
    },
    {
      "name": "Bengali Sandwich",
      "description": "A delectable farali special with a Bengali twist, featuring a delightful blend of flavors tucked into a chena sandwich.",
      "media": "https://b.zmtcdn.com/data/dish_photos/646/5555d554fe36a0416f391f4c8619a646.jpg",
      "price": 0,
      "menuName": "Farali Special [Fast]",
      "categoryName": "",
      "slugs": [
        "veg",
        "dessert",
        "goods",
        "sf-mithai",
        "delivery-enabled",
        "delivery-enabled",
        "veg",
        "dessert",
        "goods",
        "sf-mithai",
        "veg"
      ]
    },
    {
      "name": "Kesar Peda",
      "description": "Peda made from mava with kesar flavor.",
      "media": "https://b.zmtcdn.com/data/dish_photos/666/8fb219c167abe0ce15498ecc5fc1f666.jpg",
      "price": 0,
      "menuName": "Farali Special [Fast]",
      "categoryName": "",
      "slugs": [
        "veg",
        "restaurant-recommended",
        "dessert",
        "goods",
        "category-slab-1",
        "sf-mithai",
        "delivery-enabled",
        "delivery-enabled",
        "veg",
        "restaurant-recommended",
        "dessert",
        "goods",
        "category-slab-1",
        "sf-mithai",
        "veg"
      ]
    },
    {
      "name": "White Peda",
      "description": "",
      "media": "https://b.zmtcdn.com/data/dish_photos/749/618c83edbdfcf4b4f53a812e34e85749.jpg",
      "price": 0,
      "menuName": "Farali Special [Fast]",
      "categoryName": "",
      "slugs": [
        "veg",
        "dessert",
        "goods",
        "category-slab-1",
        "sf-mithai",
        "delivery-enabled",
        "delivery-enabled",
        "veg",
        "dessert",
        "goods",
        "category-slab-1",
        "sf-mithai",
        "veg"
      ]
    },
    {
      "name": "Chirawa Peda",
      "description": "Mathura peda.",
      "media": "https://b.zmtcdn.com/data/dish_photos/254/a5224c5878c3985b5021c05335aba254.jpg",
      "price": 0,
      "menuName": "Farali Special [Fast]",
      "categoryName": "",
      "slugs": [
        "veg",
        "restaurant-recommended",
        "dessert",
        "goods",
        "category-slab-1",
        "sf-mithai",
        "delivery-enabled",
        "delivery-enabled",
        "veg",
        "restaurant-recommended",
        "dessert",
        "goods",
        "category-slab-1",
        "sf-mithai",
        "veg"
      ]
    },
    {
      "name": "Rasgulla",
      "description": "Sponge rasgula",
      "media": "https://b.zmtcdn.com/data/dish_photos/e8d/1cc14fdd92f54590fa65ed3404a1be8d.jpg",
      "price": 0,
      "menuName": "Bengali Sweets",
      "categoryName": "",
      "slugs": [
        "veg",
        "dessert",
        "goods",
        "category-slab-1",
        "sf-mithai",
        "delivery-enabled",
        "delivery-enabled",
        "veg",
        "dessert",
        "goods",
        "category-slab-1",
        "sf-mithai",
        "veg"
      ]
    },
    {
      "name": "Gulab Jamun",
      "description": "Gulab jamun is a popular Indian sweet made from deep fried dough balls soaked in a sugar syrup. These round treats are soft and spongy, with a sweet and fragrant flavor from the syrup.",
      "media": "https://b.zmtcdn.com/data/dish_photos/a16/012fec674149f1007c5f9d009de8aa16.jpg",
      "price": 0,
      "menuName": "Bengali Sweets",
      "categoryName": "",
      "slugs": [
        "veg",
        "goods",
        "category-slab-1",
        "sf-mithai",
        "delivery-enabled",
        "delivery-enabled",
        "veg",
        "goods",
        "category-slab-1",
        "sf-mithai",
        "veg"
      ]
    },
    {
      "name": "Kala Jamun",
      "description": "Kala jamun is a rich Indian sweet made from deep fried dough balls that are soaked in sugar syrup. Unlike its counterpart, gulab jamun, kala jamun is darker and denser, with a unique, slightly caramelized flavor. The syrup infuses the balls with sweetness, creating a moist, indulgent treat often enjoyed during festivals and celebrations.",
      "media": "https://b.zmtcdn.com/data/dish_photos/aee/00661b07ce8466db392a3f1631292aee.jpg",
      "price": 0,
      "menuName": "Bengali Sweets",
      "categoryName": "",
      "slugs": [
        "veg",
        "restaurant-recommended",
        "goods",
        "category-slab-1",
        "sf-mithai",
        "delivery-enabled",
        "delivery-enabled",
        "veg",
        "restaurant-recommended",
        "goods",
        "category-slab-1",
        "sf-mithai",
        "veg"
      ]
    },
    {
      "name": "Rasmalai",
      "description": "Bengali item, made from milk",
      "media": "https://b.zmtcdn.com/data/dish_photos/16e/88340cb4604def199cf78bab94e4016e.jpg",
      "price": 0,
      "menuName": "Bengali Sweets",
      "categoryName": "",
      "slugs": [
        "veg",
        "reco-desserts",
        "dessert",
        "goods",
        "rakhi-special",
        "category-slab-1",
        "sf-mithai",
        "sf-not-vegan",
        "delivery-enabled",
        "delivery-enabled",
        "veg",
        "reco-desserts",
        "dessert",
        "goods",
        "rakhi-special",
        "category-slab-1",
        "sf-mithai",
        "sf-not-vegan",
        "veg"
      ]
    },
    {
      "name": "Bengali Sandwich",
      "description": "A delectable farali special with a Bengali twist, featuring a delightful blend of flavors tucked into a chena sandwich.",
      "media": "https://b.zmtcdn.com/data/dish_photos/646/5555d554fe36a0416f391f4c8619a646.jpg",
      "price": 0,
      "menuName": "Bengali Sweets",
      "categoryName": "",
      "slugs": [
        "veg",
        "dessert",
        "goods",
        "sf-mithai",
        "delivery-enabled",
        "delivery-enabled",
        "veg",
        "dessert",
        "goods",
        "sf-mithai",
        "veg"
      ]
    },
    {
      "name": "Mother India",
      "description": "Bengali sweet made from chena and sugar syrup. can be taken in fast.",
      "media": "https://b.zmtcdn.com/data/dish_photos/7f3/28efaa1eb2834d41d33bb9408d68f7f3.jpg",
      "price": 0,
      "menuName": "Bengali Sweets",
      "categoryName": "",
      "slugs": [
        "veg",
        "dessert",
        "goods",
        "sf-mithai",
        "delivery-enabled",
        "delivery-enabled",
        "veg",
        "dessert",
        "goods",
        "sf-mithai",
        "veg"
      ]
    },
    {
      "name": "Chena Toast",
      "description": "Bengali sweet.",
      "media": "https://b.zmtcdn.com/data/dish_photos/02d/f0a9a7c224bde5eb923bcbd96906802d.jpg",
      "price": 0,
      "menuName": "Bengali Sweets",
      "categoryName": "",
      "slugs": [
        "veg",
        "dessert",
        "pre-prepared",
        "non-refundable",
        "goods",
        "category-slab-1",
        "sf-mithai",
        "delivery-enabled",
        "delivery-enabled",
        "veg",
        "dessert",
        "pre-prepared",
        "non-refundable",
        "goods",
        "category-slab-1",
        "sf-mithai",
        "veg"
      ]
    },
    {
      "name": "Raj Bhog",
      "description": "",
      "media": "https://b.zmtcdn.com/data/dish_photos/5f6/f3536a87ed478da10b3ee33a78aa05f6.jpg",
      "price": 0,
      "menuName": "Bengali Sweets",
      "categoryName": "",
      "slugs": [
        "veg",
        "goods",
        "category-slab-1",
        "sf-mithai",
        "delivery-enabled",
        "delivery-enabled",
        "veg",
        "goods",
        "category-slab-1",
        "sf-mithai",
        "veg"
      ]
    },
    {
      "name": "Dry Fruit Boondi",
      "description": "Sweet boondi made from besan.",
      "media": "https://b.zmtcdn.com/data/dish_photos/c24/6d8159eb2f8261074774732054381c24.jpg",
      "price": 0,
      "menuName": "Ghee Sweets",
      "categoryName": "",
      "slugs": [
        "veg",
        "restaurant-recommended",
        "dessert",
        "goods",
        "category-slab-1",
        "sf-mithai",
        "sf-not-vegan",
        "delivery-enabled",
        "delivery-enabled",
        "veg",
        "restaurant-recommended",
        "dessert",
        "goods",
        "category-slab-1",
        "sf-mithai",
        "sf-not-vegan",
        "veg"
      ]
    },
    {
      "name": "Boondi Ladoo",
      "description": "Ladoo made from Boondi, also called bada boondi ladoo.",
      "media": "https://b.zmtcdn.com/data/dish_photos/18f/f37d0c764c94109e74efa50a2afd618f.jpg",
      "price": 0,
      "menuName": "Ghee Sweets",
      "categoryName": "",
      "slugs": [
        "veg",
        "goods",
        "rakhi-special",
        "category-slab-1",
        "sf-mithai",
        "sf-not-vegan",
        "delivery-enabled",
        "delivery-enabled",
        "veg",
        "goods",
        "rakhi-special",
        "category-slab-1",
        "sf-mithai",
        "sf-not-vegan",
        "veg"
      ]
    },
    {
      "name": "Motichur Ladoo",
      "description": "A melt in your mouth Indian sweet made with ghee that is sure to satisfy your sweet tooth.",
      "media": "https://b.zmtcdn.com/data/dish_photos/df8/b03f9454e921a54dc12dd3614fa5ddf8.jpg",
      "price": 0,
      "menuName": "Ghee Sweets",
      "categoryName": "",
      "slugs": [
        "veg",
        "restaurant-recommended",
        "goods",
        "rakhi-special",
        "category-slab-1",
        "sf-mithai",
        "sf-not-vegan",
        "delivery-enabled",
        "delivery-enabled",
        "veg",
        "restaurant-recommended",
        "goods",
        "rakhi-special",
        "category-slab-1",
        "sf-mithai",
        "sf-not-vegan",
        "veg"
      ]
    },
    {
      "name": "Besan Chakki",
      "description": "Made from besan and ghee, desi sweet.",
      "media": "https://b.zmtcdn.com/data/dish_photos/450/b1580ed1a2dbfa28ceba4449c8479450.jpg",
      "price": 0,
      "menuName": "Ghee Sweets",
      "categoryName": "",
      "slugs": [
        "veg",
        "dessert",
        "goods",
        "category-slab-1",
        "sf-mithai",
        "sf-not-vegan",
        "delivery-enabled",
        "delivery-enabled",
        "veg",
        "dessert",
        "goods",
        "category-slab-1",
        "sf-mithai",
        "sf-not-vegan",
        "veg"
      ]
    },
    {
      "name": "Besan Ladoo",
      "description": "Ladoo made from besan and bura, ",
      "media": "https://b.zmtcdn.com/data/dish_photos/de0/424f6a8fa24994cd3498fae8d2465de0.png",
      "price": 0,
      "menuName": "Ghee Sweets",
      "categoryName": "",
      "slugs": [
        "veg",
        "goods",
        "rakhi-special",
        "category-slab-1",
        "sf-mithai",
        "sf-not-vegan",
        "delivery-enabled",
        "delivery-enabled",
        "veg",
        "goods",
        "rakhi-special",
        "category-slab-1",
        "sf-mithai",
        "sf-not-vegan",
        "veg"
      ]
    },
    {
      "name": "Mini Ghewar",
      "description": "small katori sweet ghewar. It’s a round, honey comb like dessert made from a batter of flour, milk and ghee, deep fried to create a crispy, airy texture. The crispy disc is then soaked in sugar syrup and often garnished with nuts and edible silver leaf. Ghewar is known for its unique texture and rich, sweet flavor.",
      "media": "https://b.zmtcdn.com/data/dish_photos/b7b/8ebf6276de1255e882cd80d4647b0b7b.jpg",
      "price": 50,
      "menuName": "Ghee Sweets",
      "categoryName": "",
      "slugs": [
        "veg",
        "goods",
        "category-slab-1",
        "sf-mithai",
        "sf-not-vegan",
        "delivery-enabled",
        "delivery-enabled",
        "veg",
        "goods",
        "category-slab-1",
        "sf-mithai",
        "sf-not-vegan",
        "veg"
      ]
    },
    {
      "name": "Soan Papdi",
      "description": "experience the melt in your mouth delight of soan papdi, a traditional Indian sweet known for its light, flaky texture and rich, aromatic flavor. Crafted from a blend of finely ground gram flour, sugar, and ghee, this delicacy is infused with cardamom and topped with slivers of almonds and pistachios. Each bite offers a delightful balance of sweetness and a subtle crunch, making it perfect for celebrations or as an indulgent treat.",
      "media": "https://b.zmtcdn.com/data/dish_photos/3d2/ac1c7066d89be2d03c5632681285c3d2.jpg",
      "price": 0,
      "menuName": "Ghee Sweets",
      "categoryName": "",
      "slugs": [
        "veg",
        "goods",
        "category-slab-1",
        "sf-mithai",
        "sf-not-vegan",
        "delivery-enabled",
        "delivery-enabled",
        "veg",
        "goods",
        "category-slab-1",
        "sf-mithai",
        "sf-not-vegan",
        "veg"
      ]
    },
    {
      "name": "Kesar Peda",
      "description": "Peda made from mava with kesar flavor.",
      "media": "https://b.zmtcdn.com/data/dish_photos/666/8fb219c167abe0ce15498ecc5fc1f666.jpg",
      "price": 0,
      "menuName": "Mawa Sweets",
      "categoryName": "",
      "slugs": [
        "veg",
        "restaurant-recommended",
        "dessert",
        "goods",
        "category-slab-1",
        "sf-mithai",
        "delivery-enabled",
        "delivery-enabled",
        "veg",
        "restaurant-recommended",
        "dessert",
        "goods",
        "category-slab-1",
        "sf-mithai",
        "veg"
      ]
    },
    {
      "name": "White Peda",
      "description": "",
      "media": "https://b.zmtcdn.com/data/dish_photos/749/618c83edbdfcf4b4f53a812e34e85749.jpg",
      "price": 0,
      "menuName": "Mawa Sweets",
      "categoryName": "",
      "slugs": [
        "veg",
        "dessert",
        "goods",
        "category-slab-1",
        "sf-mithai",
        "delivery-enabled",
        "delivery-enabled",
        "veg",
        "dessert",
        "goods",
        "category-slab-1",
        "sf-mithai",
        "veg"
      ]
    },
    {
      "name": "Chirawa Peda",
      "description": "Mathura peda.",
      "media": "https://b.zmtcdn.com/data/dish_photos/254/a5224c5878c3985b5021c05335aba254.jpg",
      "price": 0,
      "menuName": "Mawa Sweets",
      "categoryName": "",
      "slugs": [
        "veg",
        "restaurant-recommended",
        "dessert",
        "goods",
        "category-slab-1",
        "sf-mithai",
        "delivery-enabled",
        "delivery-enabled",
        "veg",
        "restaurant-recommended",
        "dessert",
        "goods",
        "category-slab-1",
        "sf-mithai",
        "veg"
      ]
    },
    {
      "name": "Bounty Peda",
      "description": "Chocolate pea filled with coconut powder.",
      "media": "https://b.zmtcdn.com/data/dish_photos/323/fc88ef27e93ad75dedfc40177d70d323.jpg",
      "price": 0,
      "menuName": "Mawa Sweets",
      "categoryName": "",
      "slugs": [
        "veg",
        "dessert",
        "pre-prepared",
        "non-refundable",
        "goods",
        "category-slab-1",
        "sf-mithai",
        "delivery-enabled",
        "delivery-enabled",
        "veg",
        "dessert",
        "pre-prepared",
        "non-refundable",
        "goods",
        "category-slab-1",
        "sf-mithai",
        "veg"
      ]
    },
    {
      "name": "Khopra Pak",
      "description": "Nariyal barfi, coconut barfi, fast and upwas special.",
      "media": "https://b.zmtcdn.com/data/dish_photos/695/7151629ce9721df992f637345f9dd695.png",
      "price": 0,
      "menuName": "Mawa Sweets",
      "categoryName": "",
      "slugs": [
        "veg",
        "dessert",
        "goods",
        "category-slab-1",
        "sf-mithai",
        "delivery-enabled",
        "delivery-enabled",
        "veg",
        "dessert",
        "goods",
        "category-slab-1",
        "sf-mithai",
        "veg"
      ]
    },
    {
      "name": "Milk Cake",
      "description": "Milkcake is made from milk, like kalakand, it is little dark in color then kalakand. Can be eaten in fast.",
      "media": "https://b.zmtcdn.com/data/dish_photos/d52/170fba03a37db717e03007609ea65d52.jpg",
      "price": 0,
      "menuName": "Mawa Sweets",
      "categoryName": "",
      "slugs": [
        "veg",
        "dessert",
        "goods",
        "rakhi-special",
        "category-slab-1",
        "sf-mithai",
        "delivery-enabled",
        "delivery-enabled",
        "veg",
        "dessert",
        "goods",
        "rakhi-special",
        "category-slab-1",
        "sf-mithai",
        "veg"
      ]
    },
    {
      "name": "Kaju Katli",
      "description": "Kaju katli is made from finest cashews and sugar. Can be eaten during fast and upwas. Pure jain silver leaves used.",
      "media": "https://b.zmtcdn.com/data/dish_photos/415/4b43c0b0915de7da6e59ae6daf3af415.jpg",
      "price": 0,
      "menuName": "Dry Fruit Sweets",
      "categoryName": "",
      "slugs": [
        "veg",
        "restaurant-recommended",
        "dessert",
        "goods",
        "rakhi-special",
        "category-slab-1",
        "sf-mithai",
        "delivery-enabled",
        "delivery-enabled",
        "veg",
        "restaurant-recommended",
        "dessert",
        "goods",
        "rakhi-special",
        "category-slab-1",
        "sf-mithai",
        "veg"
      ]
    },
    {
      "name": "Mewa Bites",
      "description": "Bite size sweet with shelf life of 1 month, made from dry.",
      "media": "https://b.zmtcdn.com/data/dish_photos/6a8/d801766acb1301a81750797d647ee6a8.jpg",
      "price": 0,
      "menuName": "Dry Fruit Sweets",
      "categoryName": "",
      "slugs": [
        "veg",
        "dessert",
        "goods",
        "category-slab-1",
        "sf-mithai",
        "delivery-enabled",
        "delivery-enabled",
        "veg",
        "dessert",
        "goods",
        "category-slab-1",
        "sf-mithai",
        "veg"
      ]
    },
    {
      "name": "Choco Bites",
      "description": "Made from dry fruits, bites are premium sweets, specially made with care with shelf life of 1 month. It is simply irresistible and melts in mouth.",
      "media": "https://b.zmtcdn.com/data/dish_photos/d48/d422dce557ecd34a7683497851af5d48.jpg",
      "price": 0,
      "menuName": "Dry Fruit Sweets",
      "categoryName": "",
      "slugs": [
        "veg",
        "dessert",
        "goods",
        "category-slab-1",
        "sf-mithai",
        "delivery-enabled",
        "delivery-enabled",
        "veg",
        "dessert",
        "goods",
        "category-slab-1",
        "sf-mithai",
        "veg"
      ]
    },
    {
      "name": "Rose Bites",
      "description": "Bite size sweet with shelf life of 1 month, made from dry fruits.",
      "media": "https://b.zmtcdn.com/data/dish_photos/2ec/6008efd76041b45369013df5f9e5a2ec.jpg",
      "price": 0,
      "menuName": "Dry Fruit Sweets",
      "categoryName": "",
      "slugs": [
        "veg",
        "dessert",
        "goods",
        "category-slab-1",
        "sf-mithai",
        "delivery-enabled",
        "delivery-enabled",
        "veg",
        "dessert",
        "goods",
        "category-slab-1",
        "sf-mithai",
        "veg"
      ]
    },
    {
      "name": "Orange Bites",
      "description": "Bite size sweet with shelf life of 1 month, made from dry fruits.",
      "media": "https://b.zmtcdn.com/data/dish_photos/00f/6ed79658447f9b2c86fd77f1c89b800f.jpg",
      "price": 0,
      "menuName": "Dry Fruit Sweets",
      "categoryName": "",
      "slugs": [
        "veg",
        "dessert",
        "goods",
        "category-slab-1",
        "sf-mithai",
        "delivery-enabled",
        "delivery-enabled",
        "veg",
        "dessert",
        "goods",
        "category-slab-1",
        "sf-mithai",
        "veg"
      ]
    },
    {
      "name": "Mango Bites",
      "description": "Bite size sweet with shelf life of 1 month, made from dryfruits.",
      "media": "https://b.zmtcdn.com/data/dish_photos/dc0/0bd46c812d15edfecbb5a60923145dc0.png",
      "price": 0,
      "menuName": "Dry Fruit Sweets",
      "categoryName": "",
      "slugs": [
        "veg",
        "dessert",
        "goods",
        "category-slab-1",
        "sf-mithai",
        "delivery-enabled",
        "delivery-enabled",
        "veg",
        "dessert",
        "goods",
        "category-slab-1",
        "sf-mithai",
        "veg"
      ]
    },
    {
      "name": "Oreo Crunch Bites",
      "description": "Crunchy sweet made from Oreo biscuit and chocolate.",
      "media": "https://b.zmtcdn.com/data/dish_photos/c3b/4c18b7456d8a0a345bc840b5bb749c3b.jpg",
      "price": 0,
      "menuName": "Dry Fruit Sweets",
      "categoryName": "",
      "slugs": [
        "veg",
        "dessert",
        "goods",
        "category-slab-1",
        "sf-mithai",
        "delivery-enabled",
        "delivery-enabled",
        "veg",
        "dessert",
        "goods",
        "category-slab-1",
        "sf-mithai",
        "veg"
      ]
    },
    {
      "name": "Kacha Aam Delight Bites",
      "description": "Sour n sweet, raw mango tangy taste.",
      "media": "https://b.zmtcdn.com/data/dish_photos/cfc/10d8bcf76c01872412b98edd76c13cfc.jpg",
      "price": 0,
      "menuName": "Dry Fruit Sweets",
      "categoryName": "",
      "slugs": [
        "veg",
        "dessert",
        "goods",
        "category-slab-1",
        "sf-mithai",
        "delivery-enabled",
        "delivery-enabled",
        "veg",
        "dessert",
        "goods",
        "category-slab-1",
        "sf-mithai",
        "veg"
      ]
    },
    {
      "name": "Pineapple Crunch",
      "description": "Delight in pineapple crunch sweet a tropical treat with a burst of pineapple flavor and a satisfying crunch. This delectable sweet combines with crispy texture for a refreshing, irresistible snack.",
      "media": "https://b.zmtcdn.com/data/dish_photos/53e/9a25c143db4f5d82b7919443a5c7253e.jpg",
      "price": 0,
      "menuName": "Dry Fruit Sweets",
      "categoryName": "",
      "slugs": [
        "veg",
        "dessert",
        "goods",
        "category-slab-1",
        "sf-mithai",
        "delivery-enabled",
        "delivery-enabled",
        "veg",
        "dessert",
        "goods",
        "category-slab-1",
        "sf-mithai",
        "veg"
      ]
    },
    {
      "name": "Mango Crunch Bites",
      "description": "delight in mango crunch sweet a tropical treat with a burst of ripe mango flavor and a satisfying crunch. This delectable sweet combines creamy mango with crispy texture for a refreshing, irresistible snack.",
      "media": "https://b.zmtcdn.com/data/dish_photos/717/9c8fd94e42ae8ba89e8acecb3e0d3717.jpg",
      "price": 0,
      "menuName": "Dry Fruit Sweets",
      "categoryName": "",
      "slugs": [
        "veg",
        "dessert",
        "goods",
        "category-slab-1",
        "sf-mithai",
        "delivery-enabled",
        "delivery-enabled",
        "veg",
        "dessert",
        "goods",
        "category-slab-1",
        "sf-mithai",
        "veg"
      ]
    },
    {
      "name": "Anjeer Cassata",
      "description": "Sweet made from dryfruits and Anjeer.",
      "media": "https://b.zmtcdn.com/data/dish_photos/426/c7659907bb360edbf8598a1edec87426.png",
      "price": 0,
      "menuName": "Dry Fruit Sweets",
      "categoryName": "",
      "slugs": [
        "veg",
        "dessert",
        "goods",
        "category-slab-1",
        "sf-mithai",
        "delivery-enabled",
        "delivery-enabled",
        "veg",
        "dessert",
        "goods",
        "category-slab-1",
        "sf-mithai",
        "veg"
      ]
    },
    {
      "name": "Kaju Pista Cassata",
      "description": "Kaju dry fruit stuffed sweet.",
      "media": "https://b.zmtcdn.com/data/dish_photos/10e/9ec78cc1448f9559244449661d57010e.jpg",
      "price": 0,
      "menuName": "Dry Fruit Sweets",
      "categoryName": "",
      "slugs": [
        "veg",
        "restaurant-recommended",
        "dessert",
        "goods",
        "category-slab-1",
        "sf-mithai",
        "delivery-enabled",
        "delivery-enabled",
        "veg",
        "restaurant-recommended",
        "dessert",
        "goods",
        "category-slab-1",
        "sf-mithai",
        "veg"
      ]
    },
    {
      "name": "Khajur Chikki",
      "description": "sugar free healthy khajur chikki sweets is a superb choice for a guilt free treat. It blends the natural sweetness of dates with crunchy nuts, offering a delicious and wholesome snack. Free from added sugars, it's a healthy indulgence. The packaging preserves freshness, and it’s great value for money. Ideal for a nutritious, sweet fix.",
      "media": "https://b.zmtcdn.com/data/dish_photos/8d3/7e7e9934a329af0fc204d1d496af78d3.jpg",
      "price": 0,
      "menuName": "Dry Fruit Sweets",
      "categoryName": "",
      "slugs": [
        "veg",
        "restaurant-recommended",
        "dessert",
        "goods",
        "category-slab-1",
        "sf-mithai",
        "delivery-enabled",
        "delivery-enabled",
        "veg",
        "restaurant-recommended",
        "dessert",
        "goods",
        "category-slab-1",
        "sf-mithai",
        "veg"
      ]
    },
    {
      "name": "Mango Chocolate",
      "description": "",
      "media": "https://b.zmtcdn.com/data/dish_photos/cff/1e6619a7c71b260077dc6b56c2f75cff.jpg",
      "price": 0,
      "menuName": "Dry Fruit Sweets",
      "categoryName": "",
      "slugs": [
        "veg",
        "goods",
        "category-slab-1",
        "sf-mithai",
        "delivery-enabled",
        "delivery-enabled",
        "veg",
        "goods",
        "category-slab-1",
        "sf-mithai",
        "veg"
      ]
    },
    {
      "name": "Dry Fruit Mango Roll",
      "description": "Tangy mango roll filled with dry fruits and rose flavor.",
      "media": "https://b.zmtcdn.com/data/dish_photos/375/58ee085cf16b95f42cfd24d6f7be0375.jpg",
      "price": 0,
      "menuName": "Dry Fruit Sweets",
      "categoryName": "",
      "slugs": [
        "veg",
        "restaurant-recommended",
        "dessert",
        "goods",
        "category-slab-1",
        "sf-mithai",
        "delivery-enabled",
        "delivery-enabled",
        "veg",
        "restaurant-recommended",
        "dessert",
        "goods",
        "category-slab-1",
        "sf-mithai",
        "veg"
      ]
    },
    {
      "name": "Mix Bites Box [500 Grams]",
      "description": "",
      "media": "https://b.zmtcdn.com/data/dish_photos/934/c3b44d29c85ca409e425c06ffba30934.jpg",
      "price": 460,
      "menuName": "Dry Fruit Sweets",
      "categoryName": "",
      "slugs": [
        "veg",
        "packaged",
        "non-refundable",
        "diwali-special",
        "goods",
        "category-slab-1",
        "sf-mithai",
        "delivery-enabled",
        "delivery-enabled",
        "veg",
        "packaged",
        "non-refundable",
        "diwali-special",
        "goods",
        "category-slab-1",
        "sf-mithai",
        "veg"
      ]
    },
    {
      "name": "Baklava",
      "description": "BAKLAWA is a layered sweet filled with chopped nuts and dryfruits and sweetened with honey.\n",
      "media": "https://b.zmtcdn.com/data/dish_photos/a54/fc2c1694e8ab253371b7e67ea449fa54.jpg",
      "price": 0,
      "menuName": "Dry Fruit Sweets",
      "categoryName": "",
      "slugs": [
        "veg",
        "goods",
        "category-slab-1",
        "sf-mithai",
        "delivery-enabled",
        "delivery-enabled",
        "veg",
        "goods",
        "category-slab-1",
        "sf-mithai",
        "veg"
      ]
    },
    {
      "name": "Kaju Dry Fruit Mix Box",
      "description": "",
      "media": "https://b.zmtcdn.com/data/dish_photos/a87/9bbca8d9647a2ea3da25bb3239cb2a87.jpg",
      "price": 0,
      "menuName": "Dry Fruit Sweets",
      "categoryName": "",
      "slugs": [
        "veg",
        "goods",
        "category-slab-1",
        "sf-mithai",
        "delivery-enabled",
        "delivery-enabled",
        "veg",
        "goods",
        "category-slab-1",
        "sf-mithai",
        "veg"
      ]
    },
    {
      "name": "Angoor Rasgulla Pouch [Mini]",
      "description": "mini rasgulla made from chena. Can be used as angoor for angoor rabdi.",
      "media": "https://b.zmtcdn.com/data/dish_photos/d05/02c38ac907733aa3d36bb4a5221b3d05.jpg",
      "price": 0,
      "menuName": "Packed Sweets",
      "categoryName": "",
      "slugs": [
        "veg",
        "dessert",
        "pre-prepared",
        "non-refundable",
        "diwali-special",
        "goods",
        "category-slab-1",
        "sf-mithai",
        "delivery-enabled",
        "delivery-enabled",
        "veg",
        "dessert",
        "pre-prepared",
        "non-refundable",
        "diwali-special",
        "goods",
        "category-slab-1",
        "sf-mithai",
        "veg"
      ]
    },
    {
      "name": "Rasgulla Pouch",
      "description": "Mini rasgulla [5 pieces].",
      "media": "https://b.zmtcdn.com/data/dish_photos/0d3/a9d8ade2dd8b49a48070c9361a8fa0d3.jpg",
      "price": 0,
      "menuName": "Packed Sweets",
      "categoryName": "",
      "slugs": [
        "veg",
        "dessert",
        "pre-prepared",
        "non-refundable",
        "goods",
        "discounted-addon",
        "category-slab-1",
        "sf-mithai",
        "delivery-enabled",
        "delivery-enabled",
        "veg",
        "dessert",
        "pre-prepared",
        "non-refundable",
        "goods",
        "discounted-addon",
        "category-slab-1",
        "sf-mithai",
        "veg"
      ]
    },
    {
      "name": "Gulab Jamun Pouch",
      "description": "Mini gulab jamun [5 Pieces].",
      "media": "https://b.zmtcdn.com/data/dish_photos/35f/10a7e102526daaff3658aaa9cb06135f.jpg",
      "price": 0,
      "menuName": "Packed Sweets",
      "categoryName": "",
      "slugs": [
        "veg",
        "dessert",
        "pre-prepared",
        "non-refundable",
        "goods",
        "discounted-addon",
        "category-slab-1",
        "sf-mithai",
        "delivery-enabled",
        "delivery-enabled",
        "veg",
        "dessert",
        "pre-prepared",
        "non-refundable",
        "goods",
        "discounted-addon",
        "category-slab-1",
        "sf-mithai",
        "veg"
      ]
    },
    {
      "name": "Maida Mathri",
      "description": "",
      "media": "https://b.zmtcdn.com/data/dish_photos/902/234f6e15fcad7f45ac99f23afe9b1902.jpg",
      "price": 0,
      "menuName": "Namkeens",
      "categoryName": "",
      "slugs": [
        "veg",
        "goods",
        "delivery-enabled",
        "delivery-enabled",
        "veg",
        "goods",
        "veg"
      ]
    },
    {
      "name": "Matar Fali",
      "description": "",
      "media": "https://b.zmtcdn.com/data/dish_photos/628/74b6f2510dfdfa4465d482f17c1a9628.jpg",
      "price": 0,
      "menuName": "Namkeens",
      "categoryName": "",
      "slugs": [
        "veg",
        "goods",
        "delivery-enabled",
        "delivery-enabled",
        "veg",
        "goods",
        "veg"
      ]
    },
    {
      "name": "Maida Kaju",
      "description": "",
      "media": "https://b.zmtcdn.com/data/dish_photos/d55/615edcbfd93bf9c326d5c1e87cd71d55.jpg",
      "price": 0,
      "menuName": "Namkeens",
      "categoryName": "",
      "slugs": [
        "veg",
        "goods",
        "delivery-enabled",
        "delivery-enabled",
        "veg",
        "goods",
        "veg"
      ]
    },
    {
      "name": "Bhujia",
      "description": "Bikaneri namkeen known since ages for its delicious flavor.",
      "media": "https://b.zmtcdn.com/data/dish_photos/824/f5a13e740249529d02f8e7ea97589824.jpg",
      "price": 0,
      "menuName": "Namkeens",
      "categoryName": "",
      "slugs": [
        "veg",
        "restaurant-recommended",
        "goods",
        "delivery-enabled",
        "delivery-enabled",
        "veg",
        "restaurant-recommended",
        "goods",
        "veg"
      ]
    },
    {
      "name": "Khata Meetha",
      "description": "",
      "media": "https://b.zmtcdn.com/data/dish_photos/e04/2fc16479a5a1c3cfb308fb63261bae04.png",
      "price": 0,
      "menuName": "Namkeens",
      "categoryName": "",
      "slugs": [
        "veg",
        "restaurant-recommended",
        "goods",
        "delivery-enabled",
        "delivery-enabled",
        "veg",
        "restaurant-recommended",
        "goods",
        "veg"
      ]
    },
    {
      "name": "Bhatakani",
      "description": "Also known as ganthiya, made from besan. One kind of namkeen.",
      "media": "https://b.zmtcdn.com/data/dish_photos/24c/7f0163dd774810101d89f4a2beb9b24c.jpg",
      "price": 0,
      "menuName": "Namkeens",
      "categoryName": "",
      "slugs": [
        "veg",
        "goods",
        "delivery-enabled",
        "delivery-enabled",
        "veg",
        "goods",
        "veg"
      ]
    },
    {
      "name": "Chabeni",
      "description": "Spicy namkeen mixture, bikaner special",
      "media": "https://b.zmtcdn.com/data/dish_photos/1fe/1337a3dece78fd88ad536703046621fe.jpg",
      "price": 0,
      "menuName": "Namkeens",
      "categoryName": "",
      "slugs": [
        "veg",
        "goods",
        "delivery-enabled",
        "delivery-enabled",
        "veg",
        "goods",
        "veg"
      ]
    },
    {
      "name": "Ratlami Sev",
      "description": "",
      "media": "https://b.zmtcdn.com/data/dish_photos/690/d391df35a81c2e0e5456ed575b806690.jpg",
      "price": 0,
      "menuName": "Namkeens",
      "categoryName": "",
      "slugs": [
        "veg",
        "goods",
        "delivery-enabled",
        "delivery-enabled",
        "veg",
        "goods",
        "veg"
      ]
    },
    {
      "name": "Marwadi Sev",
      "description": "Lal bhujia made from besan.",
      "media": "https://b.zmtcdn.com/data/dish_photos/e34/7f0cb1a6d172c46b92e3aa7a0d1c3e34.jpg",
      "price": 0,
      "menuName": "Namkeens",
      "categoryName": "",
      "slugs": [
        "veg",
        "goods",
        "delivery-enabled",
        "delivery-enabled",
        "veg",
        "goods",
        "veg"
      ]
    },
    {
      "name": "Bhavnagri Ganthia",
      "description": "One kind of namkeen with no pepper, very mild in taste.",
      "media": "https://b.zmtcdn.com/data/dish_photos/88d/ce92a9ede7738ce692b09ba69f8f988d.png",
      "price": 0,
      "menuName": "Namkeens",
      "categoryName": "",
      "slugs": [
        "veg",
        "goods",
        "delivery-enabled",
        "delivery-enabled",
        "veg",
        "goods",
        "veg"
      ]
    },
    {
      "name": "Surti Bhusa",
      "description": "Namkeen mixture, not very salty or spicy. Surat's special namkeen.",
      "media": "https://b.zmtcdn.com/data/dish_photos/788/e882df773d772eacdd26b7e9fc395788.jpg",
      "price": 0,
      "menuName": "Namkeens",
      "categoryName": "",
      "slugs": [
        "veg",
        "restaurant-recommended",
        "goods",
        "delivery-enabled",
        "delivery-enabled",
        "veg",
        "restaurant-recommended",
        "goods",
        "veg"
      ]
    }
  ]
}