{
  "basicInfo": {
    "name": "Rasna Buzz",
    "cuisine_string": "Fast Food, Juices, Beverages, Shake, Burger",
    "canonicalUrl": "https://www.zomato.com/surat/rasna-buzz-city-light/order"
  },
  "ratings": {
    "DINING": {
      "rating_type": "DINING",
      "rating": "3.9",
      "reviewCount": "26",
      "reviewTextSmall": "26 Reviews",
      "subtext": "26 Dining Reviews",
      "color": "#1C1C1C",
      "ratingV2": "3.9",
      "subtitle": "DINING",
      "sideSubTitle": "Dining Ratings",
      "bgColorV2": {
        "type": "green",
        "tint": "600"
      },
      "newOnDining": false
    },
    "DELIVERY": {
      "rating_type": "DELIVERY",
      "rating": "3.5",
      "reviewCount": "98",
      "reviewTextSmall": "98 Reviews",
      "subtext": "98 Delivery Reviews",
      "color": "#E23744",
      "ratingV2": "3.5",
      "subtitle": "DELIVERY",
      "sideSubTitle": "Delivery Ratings",
      "bgColorV2": {
        "type": "green",
        "tint": "600"
      },
      "newOnDelivery": false
    }
  },
  "establishment": {
    "city_id": 38,
    "city_name": "Surat",
    "country_id": 1,
    "country_name": "India",
    "zipcode": "",
    "is_dark_kitchen": false,
    "locality_verbose": "City Light, Surat",
    "latitude": "21.1604872923",
    "longitude": "72.7972240001",
    "static_map_url": "https://maps.zomato.com/php/staticmap?center=21.1604872923,72.7972240001&maptype=zomato&markers=21.1604872923,72.7972240001,pin_res32&sensor=false&scale=2&zoom=16&language=en&size=240x150&size=400x240",
    "address": "Indian Oil Petrol Pump, Anuvrat Dwar, New City Light Road, City Light, Surat",
    "is_phone_available": 1,
    "phoneDetails": {
      "title": "Phone Numbers",
      "phoneStr": "+917272093999"
    },
    "res_chain_text": "See all 2 Rasna Buzz outlets in Surat",
    "res_group_text": "",
    "res_chain_url": "https://www.zomato.com/surat/restaurants/rasna-buzz",
    "res_group_url": "",
    "show_res_map": true
  },
  "items": [
    {
      "name": "American Pizza",
      "description": "",
      "media": null,
      "price": 229,
      "menuName": "Pizza",
      "categoryName": "",
      "slugs": [
        "veg",
        "services",
        "sf-kid-friendly",
        "delivery-enabled",
        "delivery-enabled",
        "veg",
        "services",
        "sf-kid-friendly",
        "veg"
      ]
    },
    {
      "name": "Cheese Garlic Pizza",
      "description": "",
      "media": null,
      "price": 149,
      "menuName": "Pizza",
      "categoryName": "",
      "slugs": [
        "veg",
        "services",
        "sf-kid-friendly",
        "delivery-enabled",
        "delivery-enabled",
        "veg",
        "services",
        "sf-kid-friendly",
        "veg"
      ]
    },
    {
      "name": "Chilly Sweet Corn Garlic Bread",
      "description": "",
      "media": null,
      "price": 99,
      "menuName": "Pizza",
      "categoryName": "",
      "slugs": [
        "veg",
        "services",
        "sf-spicy",
        "delivery-enabled",
        "delivery-enabled",
        "veg",
        "services",
        "sf-spicy",
        "veg"
      ]
    },
    {
      "name": "Indian Style Pizza",
      "description": "",
      "media": null,
      "price": 229,
      "menuName": "Pizza",
      "categoryName": "",
      "slugs": [
        "veg",
        "services",
        "sf-kid-friendly",
        "delivery-enabled",
        "delivery-enabled",
        "veg",
        "services",
        "sf-kid-friendly",
        "veg"
      ]
    },
    {
      "name": "Margherita Pizza",
      "description": "",
      "media": null,
      "price": 149,
      "menuName": "Pizza",
      "categoryName": "",
      "slugs": [
        "veg",
        "services",
        "sf-kid-friendly",
        "delivery-enabled",
        "delivery-enabled",
        "veg",
        "services",
        "sf-kid-friendly",
        "veg"
      ]
    },
    {
      "name": "Paneer Paprika Pizza",
      "description": "",
      "media": null,
      "price": 229,
      "menuName": "Pizza",
      "categoryName": "",
      "slugs": [
        "veg",
        "services",
        "sf-spicy",
        "delivery-enabled",
        "delivery-enabled",
        "veg",
        "services",
        "sf-spicy",
        "veg"
      ]
    },
    {
      "name": "Veggi Spicy Pizza",
      "description": "",
      "media": null,
      "price": 229,
      "menuName": "Pizza",
      "categoryName": "",
      "slugs": [
        "veg",
        "services",
        "sf-spicy",
        "delivery-enabled",
        "delivery-enabled",
        "veg",
        "services",
        "sf-spicy",
        "veg"
      ]
    },
    {
      "name": "Cheese Maggi",
      "description": "",
      "media": null,
      "price": 109,
      "menuName": "Rasana Ki Rasoi Se",
      "categoryName": "",
      "slugs": [
        "veg",
        "services",
        "delivery-enabled",
        "delivery-enabled",
        "veg",
        "services",
        "veg"
      ]
    },
    {
      "name": "Double Masala Maggi",
      "description": "",
      "media": null,
      "price": 79,
      "menuName": "Rasana Ki Rasoi Se",
      "categoryName": "",
      "slugs": [
        "veg",
        "services",
        "delivery-enabled",
        "delivery-enabled",
        "veg",
        "services",
        "veg"
      ]
    },
    {
      "name": "Maggie Mania",
      "description": "Indian masala maggie.",
      "media": "https://b.zmtcdn.com/data/dish_photos/803/24aec9310f8a63795530a568f0faa803.jpg",
      "price": 59,
      "menuName": "Rasana Ki Rasoi Se",
      "categoryName": "",
      "slugs": [
        "veg",
        "services",
        "delivery-enabled",
        "delivery-enabled",
        "veg",
        "services",
        "veg"
      ]
    },
    {
      "name": "Vegetable Maggi",
      "description": "",
      "media": null,
      "price": 99,
      "menuName": "Rasana Ki Rasoi Se",
      "categoryName": "",
      "slugs": [
        "veg",
        "services",
        "delivery-enabled",
        "delivery-enabled",
        "veg",
        "services",
        "veg"
      ]
    },
    {
      "name": "Veg Arrabiata Pasta",
      "description": "[Fusilli Pasta with veggies in creamy red sauce.]",
      "media": "https://b.zmtcdn.com/data/dish_photos/4d4/4f8d020c3c1dc107973d9d08be9de4d4.jpg",
      "price": 149,
      "menuName": "Rasana Ki Rasoi Se",
      "categoryName": "",
      "slugs": [
        "veg",
        "services",
        "delivery-enabled",
        "delivery-enabled",
        "veg",
        "services",
        "veg"
      ]
    },
    {
      "name": "Veg Alfredo Pasta",
      "description": "[Fusilli Pasta with veggies in creamy sauce.]",
      "media": "https://b.zmtcdn.com/data/dish_photos/fa5/caae35b3e07be8ce872923a09c0eafa5.jpg",
      "price": 149,
      "menuName": "Rasana Ki Rasoi Se",
      "categoryName": "",
      "slugs": [
        "veg",
        "services",
        "delivery-enabled",
        "delivery-enabled",
        "veg",
        "services",
        "veg"
      ]
    },
    {
      "name": "Chicken Maggie",
      "description": "Maggie served with saute chicken.",
      "media": null,
      "price": 119,
      "menuName": "Rasana Ki Rasoi Se",
      "categoryName": "",
      "slugs": [
        "non-veg",
        "services",
        "delivery-enabled",
        "delivery-enabled",
        "non-veg",
        "services",
        "non-veg"
      ]
    },
    {
      "name": "Chicken Creamy Pasta",
      "description": "[Fusilli Pasta] Creamy pasta baked saute chicken.",
      "media": null,
      "price": 179,
      "menuName": "Rasana Ki Rasoi Se",
      "categoryName": "",
      "slugs": [
        "non-veg",
        "services",
        "delivery-enabled",
        "delivery-enabled",
        "non-veg",
        "services",
        "non-veg"
      ]
    },
    {
      "name": "Chicken Arrabiata Pasta",
      "description": "[Fusilli Pasta] Red sauce creamy pasta with saute chicken.",
      "media": null,
      "price": 179,
      "menuName": "Rasana Ki Rasoi Se",
      "categoryName": "",
      "slugs": [
        "non-veg",
        "services",
        "delivery-enabled",
        "delivery-enabled",
        "non-veg",
        "services",
        "non-veg"
      ]
    },
    {
      "name": "Aloo Burger",
      "description": "Desi home made burger with aloo patty.",
      "media": "https://b.zmtcdn.com/data/dish_photos/79c/29b58ac4b4f9c5f6ffbba7e7003aa79c.jpg",
      "price": 79,
      "menuName": "Burgers And Sandwiches",
      "categoryName": "Burgers",
      "slugs": [
        "veg",
        "services",
        "delivery-enabled",
        "delivery-enabled",
        "veg",
        "services",
        "veg"
      ]
    },
    {
      "name": "Spinach Corn Burger",
      "description": "Burger with spinach & corn patty served with fries.",
      "media": null,
      "price": 99,
      "menuName": "Burgers And Sandwiches",
      "categoryName": "Burgers",
      "slugs": [
        "veg",
        "services",
        "delivery-enabled",
        "delivery-enabled",
        "veg",
        "services",
        "veg"
      ]
    },
    {
      "name": "Loaded Burger",
      "description": "Burger with punjabi patty and vaggies, served with fries.",
      "media": "https://b.zmtcdn.com/data/dish_photos/73b/9dae1c983765b32aaad6889c3e63373b.jpg",
      "price": 99,
      "menuName": "Burgers And Sandwiches",
      "categoryName": "Burgers",
      "slugs": [
        "veg",
        "services",
        "delivery-enabled",
        "delivery-enabled",
        "veg",
        "services",
        "veg"
      ]
    },
    {
      "name": "Herb Chilli Potato Burger",
      "description": "Burger with special herb chilli potato patty served with fries.",
      "media": "https://b.zmtcdn.com/data/dish_photos/418/1b5e31fe7df4aeae6a363d026fc2b418.jpg",
      "price": 119,
      "menuName": "Burgers And Sandwiches",
      "categoryName": "Burgers",
      "slugs": [
        "veg",
        "services",
        "sf-spicy",
        "delivery-enabled",
        "delivery-enabled",
        "veg",
        "services",
        "sf-spicy",
        "veg"
      ]
    },
    {
      "name": "Crunchy Chicken Burger",
      "description": "Burger with crunchy chicken patty, served with fries.",
      "media": "https://b.zmtcdn.com/data/dish_photos/104/04380a82d59c6215ff94b25f81604104.jpg",
      "price": 129,
      "menuName": "Burgers And Sandwiches",
      "categoryName": "Burgers",
      "slugs": [
        "non-veg",
        "services",
        "delivery-enabled",
        "delivery-enabled",
        "non-veg",
        "services",
        "non-veg"
      ]
    },
    {
      "name": "Spicy Chicken Burger",
      "description": "Burger with spicy chicken patty served with fries.",
      "media": null,
      "price": 139,
      "menuName": "Burgers And Sandwiches",
      "categoryName": "Burgers",
      "slugs": [
        "non-veg",
        "services",
        "sf-spicy",
        "delivery-enabled",
        "delivery-enabled",
        "non-veg",
        "services",
        "sf-spicy",
        "non-veg"
      ]
    },
    {
      "name": "Cheese Grill Sandwich",
      "description": "",
      "media": null,
      "price": 139,
      "menuName": "Burgers And Sandwiches",
      "categoryName": "Sandwiches",
      "slugs": [
        "veg",
        "services",
        "delivery-enabled",
        "delivery-enabled",
        "veg",
        "services",
        "veg"
      ]
    },
    {
      "name": "Veg Sandwich",
      "description": "",
      "media": null,
      "price": 79,
      "menuName": "Burgers And Sandwiches",
      "categoryName": "Sandwiches",
      "slugs": [
        "veg",
        "services",
        "delivery-enabled",
        "delivery-enabled",
        "veg",
        "services",
        "veg"
      ]
    },
    {
      "name": "Cheese Sandwich",
      "description": "",
      "media": "https://b.zmtcdn.com/data/dish_photos/850/714df64984d79e3bd1720e147e846850.jpg",
      "price": 129,
      "menuName": "Burgers And Sandwiches",
      "categoryName": "Sandwiches",
      "slugs": [
        "veg",
        "services",
        "delivery-enabled",
        "delivery-enabled",
        "veg",
        "services",
        "veg"
      ]
    },
    {
      "name": "Coleslaw Sandwich",
      "description": "English salad mixed with eggless, mayo and sprinkled with black pepper.",
      "media": "https://b.zmtcdn.com/data/dish_photos/f52/443cc316a2e3e679c41519baa3b8df52.jpg",
      "price": 119,
      "menuName": "Burgers And Sandwiches",
      "categoryName": "Sandwiches",
      "slugs": [
        "veg",
        "services",
        "delivery-enabled",
        "delivery-enabled",
        "veg",
        "services",
        "veg"
      ]
    },
    {
      "name": "Grill Sandwich",
      "description": "",
      "media": null,
      "price": 99,
      "menuName": "Burgers And Sandwiches",
      "categoryName": "Sandwiches",
      "slugs": [
        "veg",
        "services",
        "delivery-enabled",
        "delivery-enabled",
        "veg",
        "services",
        "veg"
      ]
    },
    {
      "name": "Egg Salad Sandwich",
      "description": "",
      "media": null,
      "price": 149,
      "menuName": "Burgers And Sandwiches",
      "categoryName": "Sandwiches",
      "slugs": [
        "egg",
        "services",
        "delivery-enabled",
        "delivery-enabled",
        "egg",
        "services",
        "egg"
      ]
    },
    {
      "name": "Egg Bhurji Sandwich",
      "description": "",
      "media": null,
      "price": 129,
      "menuName": "Burgers And Sandwiches",
      "categoryName": "Sandwiches",
      "slugs": [
        "egg",
        "services",
        "delivery-enabled",
        "delivery-enabled",
        "egg",
        "services",
        "egg"
      ]
    },
    {
      "name": "Chicken Sandwich",
      "description": "Combination of juicy chicken tikka, capsicum, onion mustard sauce and full of mayo.",
      "media": null,
      "price": 149,
      "menuName": "Burgers And Sandwiches",
      "categoryName": "Sandwiches",
      "slugs": [
        "non-veg",
        "services",
        "delivery-enabled",
        "delivery-enabled",
        "non-veg",
        "services",
        "non-veg"
      ]
    },
    {
      "name": "Chicken Salad Sandwich",
      "description": "",
      "media": null,
      "price": 169,
      "menuName": "Burgers And Sandwiches",
      "categoryName": "Sandwiches",
      "slugs": [
        "non-veg",
        "services",
        "delivery-enabled",
        "delivery-enabled",
        "non-veg",
        "services",
        "non-veg"
      ]
    },
    {
      "name": "Loaded Wrap",
      "description": "Tortilla wrap, fully loaded with exotic vegetables, paneer, corn, crispy spinach patty, full of mayo & juicy chipotle sauce.",
      "media": "https://b.zmtcdn.com/data/dish_photos/bf4/7eb986a847721511c541f5cc6f442bf4.jpg",
      "price": 149,
      "menuName": "Wraps",
      "categoryName": "",
      "slugs": [
        "veg",
        "services",
        "delivery-enabled",
        "delivery-enabled",
        "veg",
        "services",
        "veg"
      ]
    },
    {
      "name": "Veggie Wrap",
      "description": "Mexican wrap, mix of exotic vegetables, crispy spinach & corn patty with juicy chipotle sauce.",
      "media": null,
      "price": 129,
      "menuName": "Wraps",
      "categoryName": "",
      "slugs": [
        "veg",
        "services",
        "delivery-enabled",
        "delivery-enabled",
        "veg",
        "services",
        "veg"
      ]
    },
    {
      "name": "Egg Wrap",
      "description": "",
      "media": null,
      "price": 129,
      "menuName": "Wraps",
      "categoryName": "",
      "slugs": [
        "egg",
        "services",
        "delivery-enabled",
        "delivery-enabled",
        "egg",
        "services",
        "egg"
      ]
    },
    {
      "name": "Loaded Chicken Wrap",
      "description": "Tortilla wrap, fully loaded with chicken tikka and keema, wrapped with exotic vegetables, full of mayo and juicy chipotle sauce.",
      "media": null,
      "price": 199,
      "menuName": "Wraps",
      "categoryName": "",
      "slugs": [
        "non-veg",
        "services",
        "delivery-enabled",
        "delivery-enabled",
        "non-veg",
        "services",
        "non-veg"
      ]
    },
    {
      "name": "Double Egg Chicken Wrap",
      "description": "",
      "media": null,
      "price": 229,
      "menuName": "Wraps",
      "categoryName": "",
      "slugs": [
        "non-veg",
        "services",
        "delivery-enabled",
        "delivery-enabled",
        "non-veg",
        "services",
        "non-veg"
      ]
    },
    {
      "name": "Jhaal Muri",
      "description": "Mixture of puffed rice, roasted peanuts, vegetables, mixed with spices & mustard oil.",
      "media": null,
      "price": 79,
      "menuName": "Snacks And Chaat",
      "categoryName": "Quick Bites",
      "slugs": [
        "veg",
        "services",
        "delivery-enabled",
        "delivery-enabled",
        "veg",
        "services",
        "veg"
      ]
    },
    {
      "name": "Indori Poha",
      "description": "Flattened soaked cereal, light saute with roasted peanuts, spices, topped with juicy pomegranate..",
      "media": null,
      "price": 79,
      "menuName": "Snacks And Chaat",
      "categoryName": "Quick Bites",
      "slugs": [
        "veg",
        "home-style-meal",
        "services",
        "delivery-enabled",
        "delivery-enabled",
        "veg",
        "home-style-meal",
        "services",
        "veg"
      ]
    },
    {
      "name": "Channa Jor Garam",
      "description": "Popular street food made out of flattened chick peas with flavourful spices..",
      "media": "https://b.zmtcdn.com/data/dish_photos/58d/d9b2c2987705610190f4d8c7f9e3e58d.jpg",
      "price": 79,
      "menuName": "Snacks And Chaat",
      "categoryName": "Quick Bites",
      "slugs": [
        "veg",
        "services",
        "delivery-enabled",
        "delivery-enabled",
        "veg",
        "services",
        "veg"
      ]
    },
    {
      "name": "Nachos Fusion",
      "description": "Heated tortilla chips mixed with tomato, onion,coriander & covered with variety of melted cheese.",
      "media": "https://b.zmtcdn.com/data/dish_photos/98c/672d952f37c98b76345cc16dae9b798c.jpg",
      "price": 99,
      "menuName": "Snacks And Chaat",
      "categoryName": "Quick Bites",
      "slugs": [
        "veg",
        "services",
        "delivery-enabled",
        "delivery-enabled",
        "veg",
        "services",
        "veg"
      ]
    },
    {
      "name": "Vada Pav",
      "description": "Mashed potato patty coated with chickpea flour.",
      "media": "https://b.zmtcdn.com/data/dish_photos/3cc/396f75f767e12314e221cbb557df13cc.jpg",
      "price": 59,
      "menuName": "Snacks And Chaat",
      "categoryName": "Pav Special",
      "slugs": [
        "veg",
        "services",
        "delivery-enabled",
        "delivery-enabled",
        "veg",
        "services",
        "veg"
      ]
    },
    {
      "name": "Cheesy Chatpata Vada Pav",
      "description": "Mashed potato patty coated with chick pea flour & topped with slice cheese..",
      "media": "https://b.zmtcdn.com/data/dish_photos/e16/18453fdd8c4d2c0983c1c4474d649e16.jpg",
      "price": 99,
      "menuName": "Snacks And Chaat",
      "categoryName": "Pav Special",
      "slugs": [
        "veg",
        "services",
        "delivery-enabled",
        "delivery-enabled",
        "veg",
        "services",
        "veg"
      ]
    },
    {
      "name": "Maska Pav With Egg Bhurji",
      "description": "Butter pav with partion of freid scrambled egg..",
      "media": "https://b.zmtcdn.com/data/dish_photos/b2e/79e94b6875682d6657d529dbf2677b2e.jpg",
      "price": 119,
      "menuName": "Snacks And Chaat",
      "categoryName": "Pav Special",
      "slugs": [
        "egg",
        "services",
        "delivery-enabled",
        "delivery-enabled",
        "egg",
        "services",
        "egg"
      ]
    },
    {
      "name": "French Fries",
      "description": "Deep fried thick salted slice of potato.",
      "media": "https://b.zmtcdn.com/data/dish_photos/277/b3687197aa640fdce808521677fe5277.jpg",
      "price": 99,
      "menuName": "Snacks And Chaat",
      "categoryName": "Halka Fulka Snacks",
      "slugs": [
        "veg",
        "services",
        "delivery-enabled",
        "delivery-enabled",
        "veg",
        "services",
        "veg"
      ]
    },
    {
      "name": "French Fries Fusion",
      "description": "Fries with various chatpata spices, fully loaded with cheese sauce [ peri-peri, cheese, lemon cilantro, chilli masala, chilli chatpata, khatta-meetha.",
      "media": "https://b.zmtcdn.com/data/dish_photos/166/7686bb53f8170bc771a14f43e8eae166.jpg",
      "price": 119,
      "menuName": "Snacks And Chaat",
      "categoryName": "Halka Fulka Snacks",
      "slugs": [
        "veg",
        "services",
        "sf-spicy",
        "delivery-enabled",
        "delivery-enabled",
        "veg",
        "services",
        "sf-spicy",
        "veg"
      ]
    },
    {
      "name": "Veggie Pizza Pocket",
      "description": "Pizza pocket stuffed with corn, cheese, spices and vegetables.",
      "media": "https://b.zmtcdn.com/data/dish_photos/718/df978c337c9701c43845783c19acd718.jpg",
      "price": 119,
      "menuName": "Snacks And Chaat",
      "categoryName": "Halka Fulka Snacks",
      "slugs": [
        "veg",
        "services",
        "delivery-enabled",
        "delivery-enabled",
        "veg",
        "services",
        "veg"
      ]
    },
    {
      "name": "Chicken Cutlets",
      "description": "Oval shaped chicken meat preperation in a breading mixture and then deep frying them.",
      "media": null,
      "price": 129,
      "menuName": "Snacks And Chaat",
      "categoryName": "Halka Fulka Snacks",
      "slugs": [
        "non-veg",
        "services",
        "delivery-enabled",
        "delivery-enabled",
        "non-veg",
        "services",
        "non-veg"
      ]
    },
    {
      "name": "Chicken Finger Fries",
      "description": "Chicken fries with choice of chatpata spices, loaded with sauce.",
      "media": null,
      "price": 129,
      "menuName": "Snacks And Chaat",
      "categoryName": "Halka Fulka Snacks",
      "slugs": [
        "non-veg",
        "services",
        "delivery-enabled",
        "delivery-enabled",
        "non-veg",
        "services",
        "non-veg"
      ]
    },
    {
      "name": "Crunchy Chicken Nuggets",
      "description": "Breaded/battered chicken meat.",
      "media": "https://b.zmtcdn.com/data/dish_photos/1a8/fc3ad6be4c90ca02c8412936a50a01a8.jpg",
      "price": 129,
      "menuName": "Snacks And Chaat",
      "categoryName": "Halka Fulka Snacks",
      "slugs": [
        "non-veg",
        "services",
        "delivery-enabled",
        "delivery-enabled",
        "non-veg",
        "services",
        "non-veg"
      ]
    },
    {
      "name": "Chicken Pops",
      "description": "Bite sixed coated chicken meat preperation in a breading mixture and then deep frying them.",
      "media": null,
      "price": 129,
      "menuName": "Snacks And Chaat",
      "categoryName": "Halka Fulka Snacks",
      "slugs": [
        "non-veg",
        "services",
        "delivery-enabled",
        "delivery-enabled",
        "non-veg",
        "services",
        "non-veg"
      ]
    },
    {
      "name": "Butterscotch Ice Cream",
      "description": "",
      "media": null,
      "price": 49,
      "menuName": "Desserts",
      "categoryName": "Ice Cream",
      "slugs": [
        "veg",
        "services",
        "delivery-enabled",
        "delivery-enabled",
        "veg",
        "services",
        "veg"
      ]
    },
    {
      "name": "Chocolate Ice Cream",
      "description": "",
      "media": null,
      "price": 49,
      "menuName": "Desserts",
      "categoryName": "Ice Cream",
      "slugs": [
        "veg",
        "services",
        "delivery-enabled",
        "delivery-enabled",
        "veg",
        "services",
        "veg"
      ]
    },
    {
      "name": "Strawberry Ice Cream",
      "description": "",
      "media": null,
      "price": 49,
      "menuName": "Desserts",
      "categoryName": "Ice Cream",
      "slugs": [
        "veg",
        "services",
        "delivery-enabled",
        "delivery-enabled",
        "veg",
        "services",
        "veg"
      ]
    },
    {
      "name": "Vanilla Ice Cream",
      "description": "",
      "media": null,
      "price": 49,
      "menuName": "Desserts",
      "categoryName": "Ice Cream",
      "slugs": [
        "veg",
        "services",
        "delivery-enabled",
        "delivery-enabled",
        "veg",
        "services",
        "veg"
      ]
    },
    {
      "name": "Fruit 'N' Nut Sundae",
      "description": "",
      "media": "https://b.zmtcdn.com/data/dish_photos/934/b9696c7085deeaddf2d6188e8c9f7934.jpg",
      "price": 139,
      "menuName": "Desserts",
      "categoryName": "Sundaes In A Jar",
      "slugs": [
        "veg",
        "services",
        "sf-no-onion",
        "sf-no-garlic",
        "sf-kid-friendly",
        "delivery-enabled",
        "delivery-enabled",
        "veg",
        "services",
        "sf-no-onion",
        "sf-no-garlic",
        "sf-kid-friendly",
        "veg"
      ]
    },
    {
      "name": "Loaded Frutti Fun Sundae",
      "description": "",
      "media": null,
      "price": 149,
      "menuName": "Desserts",
      "categoryName": "Sundaes In A Jar",
      "slugs": [
        "veg",
        "services",
        "sf-no-onion",
        "sf-no-garlic",
        "sf-kid-friendly",
        "delivery-enabled",
        "delivery-enabled",
        "veg",
        "services",
        "sf-no-onion",
        "sf-no-garlic",
        "sf-kid-friendly",
        "veg"
      ]
    },
    {
      "name": "Alphonso Mango",
      "description": "300 Ml.",
      "media": null,
      "price": 179,
      "menuName": "Drinks (Beverages)",
      "categoryName": "Premium Milkshakes",
      "slugs": [
        "veg",
        "services",
        "delivery-enabled",
        "delivery-enabled",
        "veg",
        "services",
        "veg"
      ]
    },
    {
      "name": "Bubblegum Pink",
      "description": "300 Ml.",
      "media": "https://b.zmtcdn.com/data/dish_photos/bed/c5f81fbe958c7528bbdd9ed8e59d2bed.jpg",
      "price": 179,
      "menuName": "Drinks (Beverages)",
      "categoryName": "Premium Milkshakes",
      "slugs": [
        "veg",
        "services",
        "delivery-enabled",
        "delivery-enabled",
        "veg",
        "services",
        "veg"
      ]
    },
    {
      "name": "Choco Chips Pleasure",
      "description": "300 Ml.",
      "media": null,
      "price": 179,
      "menuName": "Drinks (Beverages)",
      "categoryName": "Premium Milkshakes",
      "slugs": [
        "veg",
        "services",
        "delivery-enabled",
        "delivery-enabled",
        "veg",
        "services",
        "veg"
      ]
    },
    {
      "name": "Chocolate Hazwlnut",
      "description": "300 Ml.",
      "media": null,
      "price": 179,
      "menuName": "Drinks (Beverages)",
      "categoryName": "Premium Milkshakes",
      "slugs": [
        "veg",
        "services",
        "delivery-enabled",
        "delivery-enabled",
        "veg",
        "services",
        "veg"
      ]
    },
    {
      "name": "Chocolate Kit-kat",
      "description": "300 Ml.",
      "media": "https://b.zmtcdn.com/data/dish_photos/f3f/629b51f6222a60f285c9b2c0d3bf7f3f.jpg",
      "price": 179,
      "menuName": "Drinks (Beverages)",
      "categoryName": "Premium Milkshakes",
      "slugs": [
        "veg",
        "services",
        "delivery-enabled",
        "delivery-enabled",
        "veg",
        "services",
        "veg"
      ]
    },
    {
      "name": "Oreo Delight",
      "description": "300 Ml.",
      "media": "https://b.zmtcdn.com/data/dish_photos/e5d/e82522f0d66e970bcad0d03802c32e5d.jpg",
      "price": 179,
      "menuName": "Drinks (Beverages)",
      "categoryName": "Premium Milkshakes",
      "slugs": [
        "veg",
        "services",
        "delivery-enabled",
        "delivery-enabled",
        "veg",
        "services",
        "veg"
      ]
    },
    {
      "name": "Srtawberrry Tutti Frutti",
      "description": "300 Ml.",
      "media": null,
      "price": 179,
      "menuName": "Drinks (Beverages)",
      "categoryName": "Premium Milkshakes",
      "slugs": [
        "veg",
        "services",
        "delivery-enabled",
        "delivery-enabled",
        "veg",
        "services",
        "veg"
      ]
    },
    {
      "name": "Banana Milkshake",
      "description": "300 Ml.",
      "media": null,
      "price": 129,
      "menuName": "Drinks (Beverages)",
      "categoryName": "Signature Milkshakes",
      "slugs": [
        "veg",
        "services",
        "delivery-enabled",
        "delivery-enabled",
        "veg",
        "services",
        "veg"
      ]
    },
    {
      "name": "Cold Coffee Milkshake",
      "description": "300 Ml.",
      "media": "https://b.zmtcdn.com/data/dish_photos/97b/84c0169eec3a92bacb66885987e0797b.jpg",
      "price": 129,
      "menuName": "Drinks (Beverages)",
      "categoryName": "Signature Milkshakes",
      "slugs": [
        "veg",
        "services",
        "delivery-enabled",
        "delivery-enabled",
        "veg",
        "services",
        "veg"
      ]
    },
    {
      "name": "Mango Milkshake",
      "description": "300 Ml.",
      "media": null,
      "price": 129,
      "menuName": "Drinks (Beverages)",
      "categoryName": "Signature Milkshakes",
      "slugs": [
        "veg",
        "services",
        "delivery-enabled",
        "delivery-enabled",
        "veg",
        "services",
        "veg"
      ]
    },
    {
      "name": "Strawberry Milkshake",
      "description": "300 Ml.",
      "media": "https://b.zmtcdn.com/data/dish_photos/83e/1032e5bd58c4cd10c813d31488bee83e.jpg",
      "price": 129,
      "menuName": "Drinks (Beverages)",
      "categoryName": "Signature Milkshakes",
      "slugs": [
        "veg",
        "services",
        "delivery-enabled",
        "delivery-enabled",
        "veg",
        "services",
        "veg"
      ]
    },
    {
      "name": "Vanilla Milkshake",
      "description": "300 Ml.",
      "media": "https://b.zmtcdn.com/data/dish_photos/e4d/717da24be758734d310829586e740e4d.jpg",
      "price": 129,
      "menuName": "Drinks (Beverages)",
      "categoryName": "Signature Milkshakes",
      "slugs": [
        "veg",
        "services",
        "delivery-enabled",
        "delivery-enabled",
        "veg",
        "services",
        "veg"
      ]
    },
    {
      "name": "Masala Orange [200 ML]",
      "description": "",
      "media": "https://b.zmtcdn.com/data/dish_photos/9dc/62384030780ec5df6dab7ab4358c89dc.jpg",
      "price": 49,
      "menuName": "Drinks (Beverages)",
      "categoryName": "Goti Soda",
      "slugs": [
        "veg",
        "services",
        "delivery-enabled",
        "delivery-enabled",
        "veg",
        "services",
        "veg"
      ]
    },
    {
      "name": "Nimbu Pani [200 ML]",
      "description": "",
      "media": "https://b.zmtcdn.com/data/dish_photos/e6c/9cb52b5e6ccf2b106d2d382f972e5e6c.jpg",
      "price": 49,
      "menuName": "Drinks (Beverages)",
      "categoryName": "Goti Soda",
      "slugs": [
        "veg",
        "services",
        "delivery-enabled",
        "delivery-enabled",
        "veg",
        "services",
        "veg"
      ]
    },
    {
      "name": "Pink Lemonade [200 ML]",
      "description": "",
      "media": null,
      "price": 49,
      "menuName": "Drinks (Beverages)",
      "categoryName": "Goti Soda",
      "slugs": [
        "veg",
        "services",
        "delivery-enabled",
        "delivery-enabled",
        "veg",
        "services",
        "veg"
      ]
    },
    {
      "name": "Shikanji [200 ML]",
      "description": "",
      "media": "https://b.zmtcdn.com/data/dish_photos/6e3/09213468600ff5a901e123451bffd6e3.jpg",
      "price": 49,
      "menuName": "Drinks (Beverages)",
      "categoryName": "Goti Soda",
      "slugs": [
        "veg",
        "services",
        "delivery-enabled",
        "delivery-enabled",
        "veg",
        "services",
        "veg"
      ]
    },
    {
      "name": "Orange Juice",
      "description": "",
      "media": null,
      "price": 129,
      "menuName": "Drinks (Beverages)",
      "categoryName": "Cold Pressed Juice",
      "slugs": [
        "veg",
        "services",
        "sf-no-onion",
        "sf-no-garlic",
        "sf-kid-friendly",
        "delivery-enabled",
        "delivery-enabled",
        "veg",
        "services",
        "sf-no-onion",
        "sf-no-garlic",
        "sf-kid-friendly",
        "veg"
      ]
    },
    {
      "name": "Pineapple",
      "description": "",
      "media": null,
      "price": 129,
      "menuName": "Drinks (Beverages)",
      "categoryName": "Cold Pressed Juice",
      "slugs": [
        "veg",
        "services",
        "sf-no-onion",
        "sf-no-garlic",
        "sf-kid-friendly",
        "delivery-enabled",
        "delivery-enabled",
        "veg",
        "services",
        "sf-no-onion",
        "sf-no-garlic",
        "sf-kid-friendly",
        "veg"
      ]
    },
    {
      "name": "Pomegranate",
      "description": "",
      "media": null,
      "price": 129,
      "menuName": "Drinks (Beverages)",
      "categoryName": "Cold Pressed Juice",
      "slugs": [
        "veg",
        "services",
        "sf-no-onion",
        "sf-no-garlic",
        "sf-kid-friendly",
        "delivery-enabled",
        "delivery-enabled",
        "veg",
        "services",
        "sf-no-onion",
        "sf-no-garlic",
        "sf-kid-friendly",
        "veg"
      ]
    },
    {
      "name": "Watermelon",
      "description": "",
      "media": null,
      "price": 129,
      "menuName": "Drinks (Beverages)",
      "categoryName": "Cold Pressed Juice",
      "slugs": [
        "veg",
        "services",
        "sf-no-onion",
        "sf-no-garlic",
        "sf-kid-friendly",
        "delivery-enabled",
        "delivery-enabled",
        "veg",
        "services",
        "sf-no-onion",
        "sf-no-garlic",
        "sf-kid-friendly",
        "veg"
      ]
    },
    {
      "name": "Beach Fantasy Buzz [400 ML]",
      "description": "",
      "media": null,
      "price": 179,
      "menuName": "Drinks (Beverages)",
      "categoryName": "Premium Mocktails",
      "slugs": [
        "veg",
        "services",
        "delivery-enabled",
        "delivery-enabled",
        "veg",
        "services",
        "veg"
      ]
    },
    {
      "name": "Berry Blast [400 ML]",
      "description": "",
      "media": "https://b.zmtcdn.com/data/dish_photos/4e4/ef016782c2f9fc2fddb72e321d1754e4.jpg",
      "price": 179,
      "menuName": "Drinks (Beverages)",
      "categoryName": "Premium Mocktails",
      "slugs": [
        "veg",
        "services",
        "delivery-enabled",
        "delivery-enabled",
        "veg",
        "services",
        "veg"
      ]
    },
    {
      "name": "Bubble Blast [400 ML]",
      "description": "",
      "media": "https://b.zmtcdn.com/data/dish_photos/807/5787af8c8d03769f284326ed9ebb9807.jpg",
      "price": 179,
      "menuName": "Drinks (Beverages)",
      "categoryName": "Premium Mocktails",
      "slugs": [
        "veg",
        "services",
        "delivery-enabled",
        "delivery-enabled",
        "veg",
        "services",
        "veg"
      ]
    },
    {
      "name": "Greater Grape [400 ML]",
      "description": "",
      "media": null,
      "price": 179,
      "menuName": "Drinks (Beverages)",
      "categoryName": "Premium Mocktails",
      "slugs": [
        "veg",
        "services",
        "delivery-enabled",
        "delivery-enabled",
        "veg",
        "services",
        "veg"
      ]
    },
    {
      "name": "Grilled Orange Mojito [400 ML]",
      "description": "",
      "media": "https://b.zmtcdn.com/data/dish_photos/1c3/64235fe28b61dab791b0570117a121c3.jpg",
      "price": 179,
      "menuName": "Drinks (Beverages)",
      "categoryName": "Premium Mocktails",
      "slugs": [
        "veg",
        "services",
        "delivery-enabled",
        "delivery-enabled",
        "veg",
        "services",
        "veg"
      ]
    },
    {
      "name": "Hangover Killer [400 ML]",
      "description": "",
      "media": "https://b.zmtcdn.com/data/dish_photos/b81/201e000a7598f4974369d8f9f7b37b81.jpg",
      "price": 179,
      "menuName": "Drinks (Beverages)",
      "categoryName": "Premium Mocktails",
      "slugs": [
        "veg",
        "services",
        "delivery-enabled",
        "delivery-enabled",
        "veg",
        "services",
        "veg"
      ]
    },
    {
      "name": "Mausambi Cooler [400 ML]",
      "description": "",
      "media": null,
      "price": 179,
      "menuName": "Drinks (Beverages)",
      "categoryName": "Premium Mocktails",
      "slugs": [
        "veg",
        "services",
        "delivery-enabled",
        "delivery-enabled",
        "veg",
        "services",
        "veg"
      ]
    },
    {
      "name": "Chlbuli Litchi Lemonade [400 ML]",
      "description": "",
      "media": "https://b.zmtcdn.com/data/dish_photos/5f0/960c77b8b2ec945eb83d74078e44b5f0.jpg",
      "price": 149,
      "menuName": "Drinks (Beverages)",
      "categoryName": "Signature Mocktails",
      "slugs": [
        "veg",
        "services",
        "delivery-enabled",
        "delivery-enabled",
        "veg",
        "services",
        "veg"
      ]
    },
    {
      "name": "Kala Khatta Buzz [400 ML]",
      "description": "",
      "media": null,
      "price": 149,
      "menuName": "Drinks (Beverages)",
      "categoryName": "Signature Mocktails",
      "slugs": [
        "veg",
        "services",
        "delivery-enabled",
        "delivery-enabled",
        "veg",
        "services",
        "veg"
      ]
    },
    {
      "name": "Mango Twist [400 ML]",
      "description": "",
      "media": "https://b.zmtcdn.com/data/dish_photos/1d4/a9465bed5683712a57db40064ab871d4.jpg",
      "price": 149,
      "menuName": "Drinks (Beverages)",
      "categoryName": "Signature Mocktails",
      "slugs": [
        "veg",
        "services",
        "delivery-enabled",
        "delivery-enabled",
        "veg",
        "services",
        "veg"
      ]
    },
    {
      "name": "Minty Jeera Lemonade [400 ML]",
      "description": "",
      "media": null,
      "price": 179,
      "menuName": "Drinks (Beverages)",
      "categoryName": "Signature Mocktails",
      "slugs": [
        "veg",
        "services",
        "delivery-enabled",
        "delivery-enabled",
        "veg",
        "services",
        "veg"
      ]
    },
    {
      "name": "Lemon Ice Tea",
      "description": "",
      "media": null,
      "price": 119,
      "menuName": "Drinks (Beverages)",
      "categoryName": "Iced Tea",
      "slugs": [
        "veg",
        "services",
        "delivery-enabled",
        "delivery-enabled",
        "veg",
        "services",
        "veg"
      ]
    },
    {
      "name": "Orange Delight [400 ML]",
      "description": "",
      "media": null,
      "price": 119,
      "menuName": "Drinks (Beverages)",
      "categoryName": "Iced Tea",
      "slugs": [
        "veg",
        "services",
        "delivery-enabled",
        "delivery-enabled",
        "veg",
        "services",
        "veg"
      ]
    },
    {
      "name": "Strawberry [400 ML]",
      "description": "",
      "media": null,
      "price": 119,
      "menuName": "Drinks (Beverages)",
      "categoryName": "Iced Tea",
      "slugs": [
        "veg",
        "services",
        "delivery-enabled",
        "delivery-enabled",
        "veg",
        "services",
        "veg"
      ]
    },
    {
      "name": "Tropical Mango [400 ML]",
      "description": "",
      "media": "https://b.zmtcdn.com/data/dish_photos/035/104a12dac2ae014d60ab4de87291a035.jpg",
      "price": 119,
      "menuName": "Drinks (Beverages)",
      "categoryName": "Iced Tea",
      "slugs": [
        "veg",
        "services",
        "delivery-enabled",
        "delivery-enabled",
        "veg",
        "services",
        "veg"
      ]
    },
    {
      "name": "Sweet And Salty",
      "description": "",
      "media": null,
      "price": 79,
      "menuName": "Drinks (Beverages)",
      "categoryName": "Lassi",
      "slugs": [
        "veg",
        "services",
        "delivery-enabled",
        "delivery-enabled",
        "veg",
        "services",
        "veg"
      ]
    },
    {
      "name": "Lite Lassi",
      "description": "Choice Of Regular/Rose/Chocolate/Banana",
      "media": null,
      "price": 69,
      "menuName": "Drinks (Beverages)",
      "categoryName": "Lassi",
      "slugs": [
        "veg",
        "services",
        "delivery-enabled",
        "delivery-enabled",
        "veg",
        "services",
        "veg"
      ]
    },
    {
      "name": "Cutting Chai [150 Ml]",
      "description": "",
      "media": null,
      "price": 29,
      "menuName": "Drinks (Beverages)",
      "categoryName": "Hot Tea",
      "slugs": [
        "veg",
        "services",
        "delivery-enabled",
        "delivery-enabled",
        "veg",
        "services",
        "veg"
      ]
    },
    {
      "name": "Adrak Elaichi Tea [150 Ml]",
      "description": "",
      "media": null,
      "price": 39,
      "menuName": "Drinks (Beverages)",
      "categoryName": "Hot Tea",
      "slugs": [
        "veg",
        "services",
        "delivery-enabled",
        "delivery-enabled",
        "veg",
        "services",
        "veg"
      ]
    },
    {
      "name": "Black Tea [150 Ml]",
      "description": "",
      "media": null,
      "price": 29,
      "menuName": "Drinks (Beverages)",
      "categoryName": "Hot Tea",
      "slugs": [
        "veg",
        "services",
        "delivery-enabled",
        "delivery-enabled",
        "veg",
        "services",
        "veg"
      ]
    },
    {
      "name": "Masala Chai",
      "description": "",
      "media": null,
      "price": 39,
      "menuName": "Drinks (Beverages)",
      "categoryName": "Hot Tea",
      "slugs": [
        "veg",
        "services",
        "delivery-enabled",
        "delivery-enabled",
        "veg",
        "services",
        "veg"
      ]
    },
    {
      "name": "Masala Cheese Dip",
      "description": "",
      "media": null,
      "price": 30,
      "menuName": "Add Ons",
      "categoryName": "",
      "slugs": [
        "veg",
        "services",
        "delivery-enabled",
        "delivery-enabled",
        "veg",
        "services",
        "veg"
      ]
    },
    {
      "name": "Extra Cheese",
      "description": "",
      "media": null,
      "price": 30,
      "menuName": "Add Ons",
      "categoryName": "",
      "slugs": [
        "veg",
        "services",
        "delivery-enabled",
        "delivery-enabled",
        "veg",
        "services",
        "veg"
      ]
    }
  ]
}