{
  "basicInfo": {
    "name": "Restro Asia",
    "cuisine_string": "Oriental, Asian, Chinese",
    "canonicalUrl": "https://www.zomato.com/surat/restro-asia-piplod/order"
  },
  "ratings": {
    "DINING": {
      "rating_type": "DINING",
      "rating": "",
      "reviewCount": "2",
      "reviewTextSmall": "2 Reviews",
      "subtext": "Does not offer Dining",
      "color": "",
      "ratingV2": "-",
      "subtitle": "DINING",
      "sideSubTitle": "Dining Ratings",
      "bgColorV2": {
        "type": "grey",
        "tint": "500"
      },
      "newOnDining": false
    },
    "DELIVERY": {
      "rating_type": "DELIVERY",
      "rating": "4.1",
      "reviewCount": "179",
      "reviewTextSmall": "179 Reviews",
      "subtext": "179 Delivery Reviews",
      "color": "#E23744",
      "ratingV2": "4.1",
      "subtitle": "DELIVERY",
      "sideSubTitle": "Delivery Ratings",
      "bgColorV2": {
        "type": "green",
        "tint": "700"
      },
      "newOnDelivery": false
    }
  },
  "establishment": {
    "city_id": 38,
    "city_name": "Surat",
    "country_id": 1,
    "country_name": "India",
    "zipcode": "395007",
    "is_dark_kitchen": false,
    "locality_verbose": "Piplod, Surat",
    "latitude": "21.1656922091",
    "longitude": "72.7769505233",
    "static_map_url": "https://maps.zomato.com/php/staticmap?center=21.1656922091,72.7769505233&maptype=zomato&markers=21.1656922091,72.7769505233,pin_res32&sensor=false&scale=2&zoom=16&language=en&size=240x150&size=400x240",
    "address": "Shop L/10, Opposite Nandi Park Society, Piplod, Surat",
    "is_phone_available": 1,
    "phoneDetails": {
      "title": "Phone Numbers",
      "phoneStr": "+919737020808"
    },
    "res_chain_text": "",
    "res_group_text": "",
    "res_chain_url": "",
    "res_group_url": "",
    "show_res_map": true
  },
  "items": [
    {
      "name": "Veg Manchurian Dry",
      "description": "All time favorite manchurian with chili and soya sauce.",
      "media": "https://b.zmtcdn.com/data/dish_photos/184/07b39d0598f768be3d509b053e208184.jpg",
      "price": 0,
      "menuName": "Chinese Starters",
      "categoryName": "Chinese Starters [500 ml]",
      "slugs": [
        "veg",
        "restaurant-recommended",
        "services",
        "delivery-enabled",
        "delivery-enabled",
        "veg",
        "restaurant-recommended",
        "services",
        "veg"
      ]
    },
    {
      "name": "Veg Spring Roll",
      "description": "Sauteed Veggies, rolled on tortilla served with hot garlic sauce",
      "media": "https://b.zmtcdn.com/data/dish_photos/0cf/82064e04cc86dc342d43ff97f40dd0cf.jpg",
      "price": 0,
      "menuName": "Chinese Starters",
      "categoryName": "Chinese Starters [500 ml]",
      "slugs": [
        "veg",
        "services",
        "delivery-enabled",
        "delivery-enabled",
        "veg",
        "services",
        "veg"
      ]
    },
    {
      "name": "Crispy Vegetables",
      "description": "Crispy fried veggies tossed in spicy chilli sauce",
      "media": "https://b.zmtcdn.com/data/dish_photos/076/c4638f30864680e41a9980945eb76076.png",
      "price": 0,
      "menuName": "Chinese Starters",
      "categoryName": "Chinese Starters [500 ml]",
      "slugs": [
        "veg",
        "services",
        "sf-spicy",
        "delivery-enabled",
        "delivery-enabled",
        "veg",
        "services",
        "sf-spicy",
        "veg"
      ]
    },
    {
      "name": "Crispy Corn & Baby Corn",
      "description": "Blanched baby corn and corn kernel, tossed in wok in spicy schezwan sauce.",
      "media": "https://b.zmtcdn.com/data/dish_photos/f80/72f02834014a6dd9111da56330665f80.png",
      "price": 0,
      "menuName": "Chinese Starters",
      "categoryName": "Chinese Starters [500 ml]",
      "slugs": [
        "veg",
        "services",
        "sf-spicy",
        "delivery-enabled",
        "delivery-enabled",
        "veg",
        "services",
        "sf-spicy",
        "veg"
      ]
    },
    {
      "name": "Crispy Lotus Stem",
      "description": "Crispy fried lotus, tossed in chilli plum sauce",
      "media": "https://b.zmtcdn.com/data/dish_photos/0f8/2f7183f9959ae527ae1947c9787430f8.jpg",
      "price": 0,
      "menuName": "Chinese Starters",
      "categoryName": "Chinese Starters [500 ml]",
      "slugs": [
        "veg",
        "restaurant-recommended",
        "services",
        "delivery-enabled",
        "delivery-enabled",
        "veg",
        "restaurant-recommended",
        "services",
        "veg"
      ]
    },
    {
      "name": "Hoisin Pepper Veggies",
      "description": "Crispy fried Bell pepper, broccoli, mushroom, carrot and zucchini tossed on wok in hoisin sauce",
      "media": "https://b.zmtcdn.com/data/dish_photos/a26/3b96af857483e5fe5b31eff9264a2a26.png",
      "price": 0,
      "menuName": "Chinese Starters",
      "categoryName": "Chinese Starters [500 ml]",
      "slugs": [
        "veg",
        "services",
        "delivery-enabled",
        "delivery-enabled",
        "veg",
        "services",
        "veg"
      ]
    },
    {
      "name": "Black Pepper Stir Fry",
      "description": "Bell pepper, broccoli, French beans, carrot, mushroom, bockchoy and napa cabbages toss on wok in black pepper sauce",
      "media": "https://b.zmtcdn.com/data/dish_photos/328/a6f592cb7079f146a8bcc2c2443c5328.jpg",
      "price": 0,
      "menuName": "Chinese Starters",
      "categoryName": "Chinese Starters [500 ml]",
      "slugs": [
        "veg",
        "services",
        "delivery-enabled",
        "delivery-enabled",
        "veg",
        "services",
        "veg"
      ]
    },
    {
      "name": "Shanghai Water Chestnut",
      "description": "[Veg Preparation] Crispy fried water chest nut tossed on wok in spicy shanghai sauce (Prepared As Veg)",
      "media": "https://b.zmtcdn.com/data/dish_photos/6b9/0ea3ca0cc6e122e3174619d49f4806b9.jpg",
      "price": 0,
      "menuName": "Chinese Starters",
      "categoryName": "Chinese Starters [500 ml]",
      "slugs": [
        "veg",
        "services",
        "sf-spicy",
        "delivery-enabled",
        "delivery-enabled",
        "veg",
        "services",
        "sf-spicy",
        "veg"
      ]
    },
    {
      "name": "Paneer Chilly Dry",
      "description": "Dimond Cut paneer, dice chilli, tringle bell pepper toss on wok in soya sauce",
      "media": "https://b.zmtcdn.com/data/dish_photos/32e/23448de8b9671981b8d89dcff7ebd32e.jpg",
      "price": 0,
      "menuName": "Chinese Starters",
      "categoryName": "Paneer Appetizers [500 ml]",
      "slugs": [
        "veg",
        "services",
        "sf-not-vegan",
        "delivery-enabled",
        "delivery-enabled",
        "veg",
        "services",
        "sf-not-vegan",
        "veg"
      ]
    },
    {
      "name": "Schezwan Paneer Chilly",
      "description": "Cottage Cheese tossed on wok in all-time favourite schezwan sauce",
      "media": "https://b.zmtcdn.com/data/dish_photos/71d/ce22d2f1d696e8bbbd306ed7e474d71d.png",
      "price": 0,
      "menuName": "Chinese Starters",
      "categoryName": "Paneer Appetizers [500 ml]",
      "slugs": [
        "veg",
        "services",
        "sf-spicy",
        "sf-not-vegan",
        "delivery-enabled",
        "delivery-enabled",
        "veg",
        "services",
        "sf-spicy",
        "sf-not-vegan",
        "veg"
      ]
    },
    {
      "name": "Hunan Paneer",
      "description": "Cube cut of soft paneer tossed on wok in Hunan yummy sauce",
      "media": "https://b.zmtcdn.com/data/dish_photos/9ec/b8d2ed818e921c02a00113a8b93e99ec.jpg",
      "price": 0,
      "menuName": "Chinese Starters",
      "categoryName": "Paneer Appetizers [500 ml]",
      "slugs": [
        "veg",
        "services",
        "sf-not-vegan",
        "delivery-enabled",
        "delivery-enabled",
        "veg",
        "services",
        "sf-not-vegan",
        "veg"
      ]
    },
    {
      "name": "Malaysian Douchi Paneer",
      "description": "Cube Cut of paneer prepared in Malaysian style ,tossed on wok in douche sauce.",
      "media": "https://b.zmtcdn.com/data/dish_photos/703/8eae58c21853a8522788f5724c26d703.jpg",
      "price": 0,
      "menuName": "Chinese Starters",
      "categoryName": "Paneer Appetizers [500 ml]",
      "slugs": [
        "veg",
        "restaurant-recommended",
        "services",
        "sf-not-vegan",
        "delivery-enabled",
        "delivery-enabled",
        "veg",
        "restaurant-recommended",
        "services",
        "sf-not-vegan",
        "veg"
      ]
    },
    {
      "name": "Chili Basil Paneer with Spring Onion",
      "description": "Triangle cut cottage cheese, deep fried in starch powder tossed with soya chilli sauce",
      "media": "https://b.zmtcdn.com/data/dish_photos/a71/516ad0e2f3d375bf1a5a68c976355a71.png",
      "price": 0,
      "menuName": "Chinese Starters",
      "categoryName": "Paneer Appetizers [500 ml]",
      "slugs": [
        "veg",
        "services",
        "sf-not-vegan",
        "delivery-enabled",
        "delivery-enabled",
        "veg",
        "services",
        "sf-not-vegan",
        "veg"
      ]
    },
    {
      "name": "Mongolian Paneer Dry",
      "description": "Deep fried Cottage cheese with Mongolian sauce, kimchi salad and deep sauce top up sesame garnish",
      "media": "https://b.zmtcdn.com/data/dish_photos/3ce/0fa7a53f3b97f119bdf6380fa4f7f3ce.jpg",
      "price": 0,
      "menuName": "Chinese Starters",
      "categoryName": "Paneer Appetizers [500 ml]",
      "slugs": [
        "veg",
        "services",
        "sf-not-vegan",
        "delivery-enabled",
        "delivery-enabled",
        "veg",
        "services",
        "sf-not-vegan",
        "veg"
      ]
    },
    {
      "name": "Honey Chilli Potato",
      "description": "Thin Slice potato tossed on wok in honey chili sauce",
      "media": "https://b.zmtcdn.com/data/dish_photos/d47/b9ebcc98c6ed63220d587c96c9062d47.jpg",
      "price": 0,
      "menuName": "Chinese Starters",
      "categoryName": "Potato Appetizers [500 ml]",
      "slugs": [
        "veg",
        "services",
        "sf-not-vegan",
        "delivery-enabled",
        "delivery-enabled",
        "veg",
        "services",
        "sf-not-vegan",
        "veg"
      ]
    },
    {
      "name": "Schezwan Potato",
      "description": "Finger cut of potato tossed on wok in schezwan sauce",
      "media": "https://b.zmtcdn.com/data/dish_photos/9dd/c4109b80c4ee897035d72812552d89dd.png",
      "price": 0,
      "menuName": "Chinese Starters",
      "categoryName": "Potato Appetizers [500 ml]",
      "slugs": [
        "veg",
        "services",
        "sf-spicy",
        "delivery-enabled",
        "delivery-enabled",
        "veg",
        "services",
        "sf-spicy",
        "veg"
      ]
    },
    {
      "name": "Kung Pao Potato",
      "description": "Crispy Fried Cube Potato tossed on wok in kung pao sauce",
      "media": "https://b.zmtcdn.com/data/dish_photos/a94/a55bbf305f221aeaa81d38adfcf26a94.jpg",
      "price": 0,
      "menuName": "Chinese Starters",
      "categoryName": "Potato Appetizers [500 ml]",
      "slugs": [
        "veg",
        "restaurant-recommended",
        "services",
        "delivery-enabled",
        "delivery-enabled",
        "veg",
        "restaurant-recommended",
        "services",
        "veg"
      ]
    },
    {
      "name": "Crispy Chilli Slice Potato",
      "description": "This unique style potato tosses on wok in peri peri sauce",
      "media": "https://b.zmtcdn.com/data/dish_photos/717/df288e21e6ec5b79f2b9953783f17717.jpg",
      "price": 0,
      "menuName": "Chinese Starters",
      "categoryName": "Potato Appetizers [500 ml]",
      "slugs": [
        "veg",
        "services",
        "sf-spicy",
        "delivery-enabled",
        "delivery-enabled",
        "veg",
        "services",
        "sf-spicy",
        "veg"
      ]
    },
    {
      "name": "Cantonese Mushroom Chili",
      "description": "Crispy fried mushroom tossed on wok in chili sauce",
      "media": null,
      "price": 0,
      "menuName": "Chinese Starters",
      "categoryName": "Mushroom Appetizers [500 ml]",
      "slugs": [
        "veg",
        "services",
        "delivery-enabled",
        "delivery-enabled",
        "veg",
        "services",
        "veg"
      ]
    },
    {
      "name": "Garlic Chilli Mushroom Stir Fry",
      "description": "Slice mushroom bell pepper and garlic Butter Chilli",
      "media": "https://b.zmtcdn.com/data/dish_photos/4bf/e05a9ec79c42fb7d4b84134a70d4d4bf.png",
      "price": 0,
      "menuName": "Chinese Starters",
      "categoryName": "Mushroom Appetizers [500 ml]",
      "slugs": [
        "veg",
        "services",
        "sf-not-vegan",
        "delivery-enabled",
        "delivery-enabled",
        "veg",
        "services",
        "sf-not-vegan",
        "veg"
      ]
    },
    {
      "name": "Mushroom & Crunchy Bamboo Pickle",
      "description": "Button mushroom and bamboo, stir on pan in dark sweet soya sauce",
      "media": "https://b.zmtcdn.com/data/dish_photos/adb/01b7b342b17e22f9fa2fb1904bd16adb.jpg",
      "price": 0,
      "menuName": "Chinese Starters",
      "categoryName": "Mushroom Appetizers [500 ml]",
      "slugs": [
        "veg",
        "services",
        "delivery-enabled",
        "delivery-enabled",
        "veg",
        "services",
        "veg"
      ]
    },
    {
      "name": "Ching Mai Mushroom & Paneer",
      "description": "Crispy fried cube cottage cheese and buttom mushroom, stir on wok in Chiang Mai sauce",
      "media": "https://b.zmtcdn.com/data/dish_photos/3d2/d155e0988a64ad423a8b631a1ca923d2.png",
      "price": 0,
      "menuName": "Chinese Starters",
      "categoryName": "Mushroom Appetizers [500 ml]",
      "slugs": [
        "veg",
        "services",
        "sf-not-vegan",
        "delivery-enabled",
        "delivery-enabled",
        "veg",
        "services",
        "sf-not-vegan",
        "veg"
      ]
    },
    {
      "name": "Sweet Chili White Fungi Mushroom",
      "description": "Soaked mushroom with hot water, tossed on wok in sweet chilli sauce",
      "media": "https://b.zmtcdn.com/data/dish_photos/c8c/3431e3f874f16d50442e143d05950c8c.png",
      "price": 0,
      "menuName": "Chinese Starters",
      "categoryName": "Mushroom Appetizers [500 ml]",
      "slugs": [
        "veg",
        "services",
        "delivery-enabled",
        "delivery-enabled",
        "veg",
        "services",
        "veg"
      ]
    },
    {
      "name": "Hot Garlic Black Fungi Mushroom",
      "description": "Soaked mushroom with hot water tossed in wok in black pepper sauce.",
      "media": "https://b.zmtcdn.com/data/dish_photos/d0d/357d83e24d71224b2b903ff75e2a0d0d.png",
      "price": 0,
      "menuName": "Chinese Starters",
      "categoryName": "Mushroom Appetizers [500 ml]",
      "slugs": [
        "veg",
        "restaurant-recommended",
        "services",
        "delivery-enabled",
        "delivery-enabled",
        "veg",
        "restaurant-recommended",
        "services",
        "veg"
      ]
    },
    {
      "name": "Veg Ramen Bowl",
      "description": "Finely chop cilantro, sliced jalapeno, carrots, edamame, baby bokchoy. pan fried paneer and ramen noodles topped with sesame seeds garnish.",
      "media": "https://b.zmtcdn.com/data/dish_photos/c6b/e3ae6f3aa19d9aceb9441fdc4bb3ac6b.png",
      "price": 485,
      "menuName": "Exotic Bowls",
      "categoryName": "Exotic Bowls [500 ml]",
      "slugs": [
        "veg",
        "restaurant-recommended",
        "services",
        "sf-not-vegan",
        "delivery-enabled",
        "delivery-enabled",
        "veg",
        "restaurant-recommended",
        "services",
        "sf-not-vegan",
        "veg"
      ]
    },
    {
      "name": "Hoisin Kai Yang Bowl",
      "description": "Hoisin veggies, cottage cheese, fried rice and butter cabbage salad",
      "media": "https://b.zmtcdn.com/data/dish_photos/3bc/ea4a7df7a427eb56a2e674af100e13bc.jpg",
      "price": 485,
      "menuName": "Exotic Bowls",
      "categoryName": "Exotic Bowls [500 ml]",
      "slugs": [
        "veg",
        "services",
        "sf-not-vegan",
        "delivery-enabled",
        "delivery-enabled",
        "veg",
        "services",
        "sf-not-vegan",
        "veg"
      ]
    },
    {
      "name": "Pesto Paneer Bowl",
      "description": "Pesto Cottage Cheese, Stir Fried Garlic Rice and butter cabbage. Served with salad and sauce",
      "media": "https://b.zmtcdn.com/data/dish_photos/91e/eea140d2cdfc120091f9c2e3d90a091e.png",
      "price": 495,
      "menuName": "Exotic Bowls",
      "categoryName": "Exotic Bowls [500 ml]",
      "slugs": [
        "veg",
        "services",
        "sf-not-vegan",
        "delivery-enabled",
        "delivery-enabled",
        "veg",
        "services",
        "sf-not-vegan",
        "veg"
      ]
    },
    {
      "name": "Cheesy Mornay Quinoa",
      "description": "Sauteed Diced cut Veggies & Jalapeno Stir on pan with quinoa rice, cripy corn and baby corn. Served with salad and sauce.",
      "media": "https://b.zmtcdn.com/data/dish_photos/43e/d8e39cc58f08200c62be0b079969e43e.png",
      "price": 495,
      "menuName": "Exotic Bowls",
      "categoryName": "Exotic Bowls [500 ml]",
      "slugs": [
        "veg",
        "services",
        "sf-not-vegan",
        "delivery-enabled",
        "delivery-enabled",
        "veg",
        "services",
        "sf-not-vegan",
        "veg"
      ]
    },
    {
      "name": "Capri Paneer Bowl",
      "description": "Butter pepper rice and marinated cottage cheese with yogurt, tossed on wok in Chef?s Special sauce stir veggies. Served with salad & garlic sauce",
      "media": "https://b.zmtcdn.com/data/dish_photos/5d2/30627079c56823bd203c8301534f05d2.jpg",
      "price": 500,
      "menuName": "Exotic Bowls",
      "categoryName": "Exotic Bowls [500 ml]",
      "slugs": [
        "veg",
        "services",
        "sf-not-vegan",
        "delivery-enabled",
        "delivery-enabled",
        "veg",
        "services",
        "sf-not-vegan",
        "veg"
      ]
    },
    {
      "name": "Pad Thai Bowl",
      "description": "Flat Noodles tossed on wok with brocolli salad and sesame cottage chees",
      "media": "https://b.zmtcdn.com/data/dish_photos/529/8abe5b6096730fb7dbcebfcda4d55529.jpg",
      "price": 515,
      "menuName": "Exotic Bowls",
      "categoryName": "Exotic Bowls [500 ml]",
      "slugs": [
        "veg",
        "services",
        "delivery-enabled",
        "delivery-enabled",
        "veg",
        "services",
        "veg"
      ]
    },
    {
      "name": "Spicy Bangkok Curry Bowl",
      "description": "Butter Rice, Bangkok Curry, Roasted peanut and sprout salad",
      "media": "https://b.zmtcdn.com/data/dish_photos/1c9/f0c7df19e61d0cd9f4c200ef5adb41c9.png",
      "price": 540,
      "menuName": "Exotic Bowls",
      "categoryName": "Exotic Bowls [500 ml]",
      "slugs": [
        "veg",
        "services",
        "sf-spicy",
        "sf-not-vegan",
        "delivery-enabled",
        "delivery-enabled",
        "veg",
        "services",
        "sf-spicy",
        "sf-not-vegan",
        "veg"
      ]
    },
    {
      "name": "Exotic Rambo Bowl",
      "description": "Stir fried Rambo rice, exotic veggies, bell pepper and garlic sauce with kimchi salad",
      "media": "https://b.zmtcdn.com/data/dish_photos/c35/18602984b897d0871b62cd83abe97c35.jpg",
      "price": 550,
      "menuName": "Exotic Bowls",
      "categoryName": "Exotic Bowls [500 ml]",
      "slugs": [
        "veg",
        "restaurant-recommended",
        "services",
        "delivery-enabled",
        "delivery-enabled",
        "veg",
        "restaurant-recommended",
        "services",
        "veg"
      ]
    },
    {
      "name": "Spicy Miso Ramen Bow",
      "description": "Boiled ramen noodles, shiitake mushroom, corn, soya sauce, stock broth, chop shallots chilly oil, miso paste, rice vinegar, chop garlic & spring onion. Coming from the sapporo region of hokkaido, miso ramen",
      "media": "https://b.zmtcdn.com/data/dish_photos/833/1bb533610afa4d7c384ad14e7ebd5833.png",
      "price": 530,
      "menuName": "Exotic Bowls",
      "categoryName": "Oriental Ramen Bowls",
      "slugs": [
        "veg",
        "spicy",
        "services",
        "sf-spicy",
        "delivery-enabled",
        "delivery-enabled",
        "veg",
        "spicy",
        "services",
        "sf-spicy",
        "veg"
      ]
    },
    {
      "name": "Shoyu Ramen Bowl",
      "description": "Boiled reman noodles mushroom bamboo shoot finger spring onion pokchoi chop Chinese cabbage and soya this style of noodles dish is going strong. There is lots of different varieties of shoyu ramen but the taste is normally salty and tangy.",
      "media": "https://b.zmtcdn.com/data/dish_photos/58e/78d7ed34e3c507475512794aab44e58e.png",
      "price": 515,
      "menuName": "Exotic Bowls",
      "categoryName": "Oriental Ramen Bowls",
      "slugs": [
        "veg",
        "services",
        "delivery-enabled",
        "delivery-enabled",
        "veg",
        "services",
        "veg"
      ]
    },
    {
      "name": "Kurume Coconut Ramen Bowl",
      "description": "Boiled reman noodles coconut milk mushroom cottage cheese and veggies a close relative to the hakata ramen, kuruma is thought to be the original way that.",
      "media": "https://b.zmtcdn.com/data/dish_photos/c35/9bda13f9ad26536eea56e093f72f5c35.png",
      "price": 515,
      "menuName": "Exotic Bowls",
      "categoryName": "Oriental Ramen Bowls",
      "slugs": [
        "veg",
        "services",
        "sf-not-vegan",
        "delivery-enabled",
        "delivery-enabled",
        "veg",
        "services",
        "sf-not-vegan",
        "veg"
      ]
    },
    {
      "name": "Shio Ramen Bowl",
      "description": "Slice dip fried of paneer, boiled reman noodles, corn cube spring onion celery Chinese rayo  shio means salt and this style of ramen tends to be light and transparent. It is often made by boiling down veg stock water and flavored.",
      "media": "https://b.zmtcdn.com/data/dish_photos/1e9/b9845f23442295893647696cc7bd51e9.png",
      "price": 500,
      "menuName": "Exotic Bowls",
      "categoryName": "Oriental Ramen Bowls",
      "slugs": [
        "veg",
        "services",
        "sf-not-vegan",
        "delivery-enabled",
        "delivery-enabled",
        "veg",
        "services",
        "sf-not-vegan",
        "veg"
      ]
    },
    {
      "name": "Vegetable Fried Rice",
      "description": "Cooked Sella rice & chunked veggies, served with salad & yummy hot garlic dip",
      "media": "https://b.zmtcdn.com/data/dish_photos/c54/3309a17814ace3853370539418afbc54.jpg",
      "price": 0,
      "menuName": "Fried Rice and Noodles",
      "categoryName": "Fried Rice",
      "slugs": [
        "veg",
        "services",
        "delivery-enabled",
        "delivery-enabled",
        "veg",
        "services",
        "veg"
      ]
    },
    {
      "name": "Street Style Chinese Bhel",
      "description": "Combination of Manchurian, noodles, rice and Savory sauce",
      "media": "https://b.zmtcdn.com/data/dish_photos/534/ec9bd2b2ddca12c41c52929582888534.png",
      "price": 0,
      "menuName": "Fried Rice and Noodles",
      "categoryName": "Fried Rice",
      "slugs": [
        "veg",
        "services",
        "delivery-enabled",
        "delivery-enabled",
        "veg",
        "services",
        "veg"
      ]
    },
    {
      "name": "Veg Manchurian Fried Rice",
      "description": "Cut of manchurian & chop veggies boiled rice toss on chilli sauce.",
      "media": null,
      "price": 235,
      "menuName": "Fried Rice and Noodles",
      "categoryName": "Fried Rice",
      "slugs": [
        "veg",
        "services",
        "delivery-enabled",
        "delivery-enabled",
        "veg",
        "services",
        "veg"
      ]
    },
    {
      "name": "Veg Singapuri Fried Rice",
      "description": "Chop cut of veggies cashew nut Kolhapuri chilli toss on wok in Singapuri sauce.",
      "media": "https://b.zmtcdn.com/data/dish_photos/922/6629d5333c2ca11beec6356f636a2922.png",
      "price": 260,
      "menuName": "Fried Rice and Noodles",
      "categoryName": "Fried Rice",
      "slugs": [
        "veg",
        "services",
        "sf-spicy",
        "delivery-enabled",
        "delivery-enabled",
        "veg",
        "services",
        "sf-spicy",
        "veg"
      ]
    },
    {
      "name": "Ginger Paneer Fried Rice",
      "description": "Chop cut of veggies boiled rice toss on wok in ginger & paneer.",
      "media": "https://b.zmtcdn.com/data/dish_photos/b89/e6cc89f842577cb8c692935f0cb0eb89.png",
      "price": 270,
      "menuName": "Fried Rice and Noodles",
      "categoryName": "Fried Rice",
      "slugs": [
        "veg",
        "services",
        "sf-not-vegan",
        "delivery-enabled",
        "delivery-enabled",
        "veg",
        "services",
        "sf-not-vegan",
        "veg"
      ]
    },
    {
      "name": "Taiwan Bhel",
      "description": "Chop of exotic veggies boiled rice toss on wok in kung pao sauce.",
      "media": "https://b.zmtcdn.com/data/dish_photos/870/ca031b36c4a00c353da4015505c2a870.png",
      "price": 280,
      "menuName": "Fried Rice and Noodles",
      "categoryName": "Fried Rice",
      "slugs": [
        "veg",
        "services",
        "delivery-enabled",
        "delivery-enabled",
        "veg",
        "services",
        "veg"
      ]
    },
    {
      "name": "Veg Singapuri Bhel",
      "description": "Chop cut of exotic veggies sticks noodles wow noodles boiled rice toss on wok in Singapuri sauce.",
      "media": null,
      "price": 280,
      "menuName": "Fried Rice and Noodles",
      "categoryName": "Fried Rice",
      "slugs": [
        "veg",
        "services",
        "delivery-enabled",
        "delivery-enabled",
        "veg",
        "services",
        "veg"
      ]
    },
    {
      "name": "Veg Shanghai Fried Rice",
      "description": "Chop cut of exotic veggies boiled rice toss on wok in spicy Shanghai sauce.",
      "media": "https://b.zmtcdn.com/data/dish_photos/d66/55c95290fc36c35b224da61742018d66.png",
      "price": 290,
      "menuName": "Fried Rice and Noodles",
      "categoryName": "Fried Rice",
      "slugs": [
        "veg",
        "spicy",
        "services",
        "sf-spicy",
        "delivery-enabled",
        "delivery-enabled",
        "veg",
        "spicy",
        "services",
        "sf-spicy",
        "veg"
      ]
    },
    {
      "name": "Veg Hunan Fried Rice",
      "description": "Chop cut of exotic veggies toss on wok in hunan sauce.",
      "media": null,
      "price": 295,
      "menuName": "Fried Rice and Noodles",
      "categoryName": "Fried Rice",
      "slugs": [
        "veg",
        "services",
        "delivery-enabled",
        "delivery-enabled",
        "veg",
        "services",
        "veg"
      ]
    },
    {
      "name": "Veg Triple Fried Rice",
      "description": "Chop cut of veggies three layered rice, served with hot garlic sauce.",
      "media": null,
      "price": 315,
      "menuName": "Fried Rice and Noodles",
      "categoryName": "Fried Rice",
      "slugs": [
        "veg",
        "services",
        "delivery-enabled",
        "delivery-enabled",
        "veg",
        "services",
        "veg"
      ]
    },
    {
      "name": "Cilantro Rice",
      "description": "Coriander flavour rice served with peri peri sauce and potato chips",
      "media": "https://b.zmtcdn.com/data/dish_photos/960/a50021942e61f96211bd0de9d906f960.png",
      "price": 0,
      "menuName": "Fried Rice and Noodles",
      "categoryName": "Fried Rice",
      "slugs": [
        "veg",
        "services",
        "delivery-enabled",
        "delivery-enabled",
        "veg",
        "services",
        "veg"
      ]
    },
    {
      "name": "Paneer Schezwan Fried Rice",
      "description": "Spicy schezwan sauce, chunks of cottage cheese, served with extra schezwan sauce and kimchi salad.",
      "media": "https://b.zmtcdn.com/data/dish_photos/8bb/bab1de337abf04d6c33946b8c6fe98bb.jpg",
      "price": 0,
      "menuName": "Fried Rice and Noodles",
      "categoryName": "Fried Rice",
      "slugs": [
        "veg",
        "services",
        "sf-spicy",
        "sf-not-vegan",
        "delivery-enabled",
        "delivery-enabled",
        "veg",
        "services",
        "sf-spicy",
        "sf-not-vegan",
        "veg"
      ]
    },
    {
      "name": "Garlic Onion Chili Fried Rice",
      "description": "Finely chop green garlic spring onion & chili, served with salad & chilli garlic sauce",
      "media": "https://b.zmtcdn.com/data/dish_photos/a58/32f876492e254278549e395ca4213a58.png",
      "price": 0,
      "menuName": "Fried Rice and Noodles",
      "categoryName": "Fried Rice",
      "slugs": [
        "veg",
        "services",
        "delivery-enabled",
        "delivery-enabled",
        "veg",
        "services",
        "veg"
      ]
    },
    {
      "name": "Burnt Garlic Fried Rice",
      "description": "Deep fried burnt garlic, tossed on wok with veggies & chef special sauce served with hot chili garlic sauce & salad",
      "media": "https://b.zmtcdn.com/data/dish_photos/4f9/3e37d9d1f5e0e7f6a5cc0149638474f9.jpg",
      "price": 0,
      "menuName": "Fried Rice and Noodles",
      "categoryName": "Fried Rice",
      "slugs": [
        "veg",
        "services",
        "delivery-enabled",
        "delivery-enabled",
        "veg",
        "services",
        "veg"
      ]
    },
    {
      "name": "Stir Fried Rice with Pesto Paneer",
      "description": "Chunk fried cottage cheese tossed on wok in pesto sauce & served with peri peri sauce & salad",
      "media": "https://b.zmtcdn.com/data/dish_photos/e15/cd3601323497956de8aab1d0c8096e15.png",
      "price": 0,
      "menuName": "Fried Rice and Noodles",
      "categoryName": "Fried Rice",
      "slugs": [
        "veg",
        "restaurant-recommended",
        "services",
        "sf-not-vegan",
        "delivery-enabled",
        "delivery-enabled",
        "veg",
        "restaurant-recommended",
        "services",
        "sf-not-vegan",
        "veg"
      ]
    },
    {
      "name": "Mushroom Paneer Fried Rice",
      "description": "Cube cut of paneer and mushroom rice toss on wok in simple oriental spice.",
      "media": "https://b.zmtcdn.com/data/dish_photos/8b3/6a5b0598158c4a70ba3f18c7df2f38b3.png",
      "price": 290,
      "menuName": "Fried Rice and Noodles",
      "categoryName": "Fried Rice",
      "slugs": [
        "veg",
        "services",
        "sf-not-vegan",
        "delivery-enabled",
        "delivery-enabled",
        "veg",
        "services",
        "sf-not-vegan",
        "veg"
      ]
    },
    {
      "name": "Chilly Garlic Fried Rice",
      "description": "Chop cut of veggies and chilli fakes rice toss on wok in chilli garlic sauce.",
      "media": "https://b.zmtcdn.com/data/dish_photos/df9/ec50112205f8cf1863c0c9a80ea2adf9.png",
      "price": 240,
      "menuName": "Fried Rice and Noodles",
      "categoryName": "Fried Rice",
      "slugs": [
        "veg",
        "services",
        "delivery-enabled",
        "delivery-enabled",
        "veg",
        "services",
        "veg"
      ]
    },
    {
      "name": "Hakka Noodles",
      "description": "Steamed noodle and Julian cut veggies tossed on wok with Soya & Chilli sauces",
      "media": "https://b.zmtcdn.com/data/dish_photos/377/7211f4b59f47ba8ef91a179e856db377.jpg",
      "price": 0,
      "menuName": "Fried Rice and Noodles",
      "categoryName": "Noodles",
      "slugs": [
        "veg",
        "restaurant-recommended",
        "services",
        "delivery-enabled",
        "delivery-enabled",
        "veg",
        "restaurant-recommended",
        "services",
        "veg"
      ]
    },
    {
      "name": "Vegetable Chowmein",
      "description": "Boiled turmeric noodles veggies toss on wok in chilli sauce.",
      "media": "https://b.zmtcdn.com/data/dish_photos/882/42fc1d30090249b2e11a4b5bceeba882.png",
      "price": 225,
      "menuName": "Fried Rice and Noodles",
      "categoryName": "Noodles",
      "slugs": [
        "veg",
        "services",
        "delivery-enabled",
        "delivery-enabled",
        "veg",
        "services",
        "veg"
      ]
    },
    {
      "name": "Vegetable Singapuri Noodles",
      "description": "Julian cut of veggies cashew nut Kolhapuri chilli toss on wok in Singapuri sauce.",
      "media": null,
      "price": 245,
      "menuName": "Fried Rice and Noodles",
      "categoryName": "Noodles",
      "slugs": [
        "veg",
        "services",
        "sf-spicy",
        "delivery-enabled",
        "delivery-enabled",
        "veg",
        "services",
        "sf-spicy",
        "veg"
      ]
    },
    {
      "name": "Ginger Garlic Noodles",
      "description": "Thinly cut ginger julienne veggies garlic toss on wok in garlic sauce.",
      "media": null,
      "price": 245,
      "menuName": "Fried Rice and Noodles",
      "categoryName": "Noodles",
      "slugs": [
        "veg",
        "services",
        "delivery-enabled",
        "delivery-enabled",
        "veg",
        "services",
        "veg"
      ]
    },
    {
      "name": "Veg Hunan Noodles",
      "description": "Boiled noodles exotic veggies cottage cheese toss on wok in hunan sauce.",
      "media": "https://b.zmtcdn.com/data/dish_photos/5b4/9deb3c802ec6caceb7c69cd5800f45b4.png",
      "price": 245,
      "menuName": "Fried Rice and Noodles",
      "categoryName": "Noodles",
      "slugs": [
        "veg",
        "services",
        "sf-not-vegan",
        "delivery-enabled",
        "delivery-enabled",
        "veg",
        "services",
        "sf-not-vegan",
        "veg"
      ]
    },
    {
      "name": "Chilli Garlic Noodles",
      "description": "Boiled noodles veggies chilli flakes toss on wok in chilli garlic sauce.",
      "media": null,
      "price": 250,
      "menuName": "Fried Rice and Noodles",
      "categoryName": "Noodles",
      "slugs": [
        "veg",
        "services",
        "delivery-enabled",
        "delivery-enabled",
        "veg",
        "services",
        "veg"
      ]
    },
    {
      "name": "Vegetable Hong Kong Noodles",
      "description": "Boiled noodles exotic veggies toss on wok in Hong Kong style sauce sauce.",
      "media": "https://b.zmtcdn.com/data/dish_photos/256/32a6cdbb92d884cbc6c807aa3aa5b256.png",
      "price": 250,
      "menuName": "Fried Rice and Noodles",
      "categoryName": "Noodles",
      "slugs": [
        "veg",
        "services",
        "delivery-enabled",
        "delivery-enabled",
        "veg",
        "services",
        "veg"
      ]
    },
    {
      "name": "Veg Manchurian Noodles",
      "description": "Boiled noodles exotic veggies manchurian toss on wok in spicy chilli soya sauce.",
      "media": "https://b.zmtcdn.com/data/dish_photos/5d6/2e6cd56edf7b2f6413b5558f4cd985d6.png",
      "price": 250,
      "menuName": "Fried Rice and Noodles",
      "categoryName": "Noodles",
      "slugs": [
        "veg",
        "spicy",
        "services",
        "sf-spicy",
        "delivery-enabled",
        "delivery-enabled",
        "veg",
        "spicy",
        "services",
        "sf-spicy",
        "veg"
      ]
    },
    {
      "name": "Exotic Veg Noodles",
      "description": "Boiled noodles exotic veggies toss on wok.",
      "media": "https://b.zmtcdn.com/data/dish_photos/c59/7c60094f8596f88e20e009afffb2fc59.png",
      "price": 250,
      "menuName": "Fried Rice and Noodles",
      "categoryName": "Noodles",
      "slugs": [
        "veg",
        "services",
        "delivery-enabled",
        "delivery-enabled",
        "veg",
        "services",
        "veg"
      ]
    },
    {
      "name": "Thai Paneer Noodles",
      "description": "Boiled noodles exotic veggies cottage cheese toss on wok in spicy Thai sauce.",
      "media": "https://b.zmtcdn.com/data/dish_photos/fb5/186254a54b565f92eb7cb52d2620efb5.png",
      "price": 260,
      "menuName": "Fried Rice and Noodles",
      "categoryName": "Noodles",
      "slugs": [
        "veg",
        "spicy",
        "services",
        "sf-spicy",
        "sf-not-vegan",
        "delivery-enabled",
        "delivery-enabled",
        "veg",
        "spicy",
        "services",
        "sf-spicy",
        "sf-not-vegan",
        "veg"
      ]
    },
    {
      "name": "Exotic Veg Shezwan Noodles",
      "description": "All time famous spicy sauce and some exotic veggies",
      "media": "https://b.zmtcdn.com/data/dish_photos/8c5/ad2f8558cc646b77354f1fc0437348c5.jpg",
      "price": 0,
      "menuName": "Fried Rice and Noodles",
      "categoryName": "Noodles",
      "slugs": [
        "veg",
        "services",
        "sf-spicy",
        "delivery-enabled",
        "delivery-enabled",
        "veg",
        "services",
        "sf-spicy",
        "veg"
      ]
    },
    {
      "name": "American Chopsuey",
      "description": "Julien cut of veggies pineapple sticks noodles sweet & sour.",
      "media": null,
      "price": 290,
      "menuName": "Fried Rice and Noodles",
      "categoryName": "Noodles",
      "slugs": [
        "veg",
        "services",
        "delivery-enabled",
        "delivery-enabled",
        "veg",
        "services",
        "veg"
      ]
    },
    {
      "name": "Kimchi Noodles",
      "description": "Triangle cut exotic veggies and cottage cheese tossed on wok in special kimchi sauce",
      "media": "https://b.zmtcdn.com/data/dish_photos/3eb/41f2385b48ae54fbe3a55c5c942cb3eb.png",
      "price": 0,
      "menuName": "Fried Rice and Noodles",
      "categoryName": "Noodles",
      "slugs": [
        "veg",
        "services",
        "sf-not-vegan",
        "delivery-enabled",
        "delivery-enabled",
        "veg",
        "services",
        "sf-not-vegan",
        "veg"
      ]
    },
    {
      "name": "Shiitake Mushroom Noodles",
      "description": "Steamed soft noodles with shitake mushroom tossed in wok with chef special sauce",
      "media": "https://b.zmtcdn.com/data/dish_photos/dca/0928aeed034ebed2f1f7b9575eab7dca.png",
      "price": 0,
      "menuName": "Fried Rice and Noodles",
      "categoryName": "Noodles",
      "slugs": [
        "veg",
        "services",
        "delivery-enabled",
        "delivery-enabled",
        "veg",
        "services",
        "veg"
      ]
    },
    {
      "name": "Pad Thai Noodles",
      "description": "Flat steamed noodles tossed on wok in peanut and chili sauce",
      "media": "https://b.zmtcdn.com/data/dish_photos/823/40ed220e67476a0547e879510217c823.jpg",
      "price": 0,
      "menuName": "Fried Rice and Noodles",
      "categoryName": "Noodles",
      "slugs": [
        "veg",
        "restaurant-recommended",
        "services",
        "delivery-enabled",
        "delivery-enabled",
        "veg",
        "restaurant-recommended",
        "services",
        "veg"
      ]
    },
    {
      "name": "Ramen Noodles",
      "description": "Smoothly soft noodles with ramen sauce, Bokchoy, napa cabbage, peanut, mushroom and scallions",
      "media": "https://b.zmtcdn.com/data/dish_photos/872/0fca63dabf1c7d0f4550fe0c96ee3872.png",
      "price": 0,
      "menuName": "Fried Rice and Noodles",
      "categoryName": "Noodles",
      "slugs": [
        "veg",
        "restaurant-recommended",
        "services",
        "delivery-enabled",
        "delivery-enabled",
        "veg",
        "restaurant-recommended",
        "services",
        "veg"
      ]
    },
    {
      "name": "Manchurian Gravy",
      "description": "Chopped Garlic & Onion, Ginger, Chilli and Soya Sauce",
      "media": "https://b.zmtcdn.com/data/dish_photos/38c/6af619dfc3efee0d4b58e0438119b38c.png",
      "price": 0,
      "menuName": "Main Course",
      "categoryName": "",
      "slugs": [
        "veg",
        "restaurant-recommended",
        "services",
        "delivery-enabled",
        "delivery-enabled",
        "veg",
        "restaurant-recommended",
        "services",
        "veg"
      ]
    },
    {
      "name": "Red Pepper Sauce",
      "description": "Exotic Veggies with Red Chilli Paste",
      "media": "https://b.zmtcdn.com/data/dish_photos/c68/479a4b8fdbebf00bfd302a2cbefb9c68.png",
      "price": 0,
      "menuName": "Main Course",
      "categoryName": "",
      "slugs": [
        "veg",
        "services",
        "sf-spicy",
        "delivery-enabled",
        "delivery-enabled",
        "veg",
        "services",
        "sf-spicy",
        "veg"
      ]
    },
    {
      "name": "Veg Hot Garlic Sauce",
      "description": "Exotic Veggies & Spicy Hot Garlic Sauce",
      "media": "https://b.zmtcdn.com/data/dish_photos/a12/7526477195fda55a593a397f27cfea12.png",
      "price": 0,
      "menuName": "Main Course",
      "categoryName": "",
      "slugs": [
        "veg",
        "services",
        "sf-spicy",
        "delivery-enabled",
        "delivery-enabled",
        "veg",
        "services",
        "sf-spicy",
        "veg"
      ]
    },
    {
      "name": "Paneer Chilli Gravy",
      "description": "Diced Paneer & Garlic Chilli, Bell Pepper and soya and Chilli sauce",
      "media": null,
      "price": 0,
      "menuName": "Main Course",
      "categoryName": "",
      "slugs": [
        "veg",
        "services",
        "sf-not-vegan",
        "delivery-enabled",
        "delivery-enabled",
        "veg",
        "services",
        "sf-not-vegan",
        "veg"
      ]
    },
    {
      "name": "Sichuan Chili Paneer Gravy",
      "description": "Diced Paneer, Garlic Chilli, Bell Pepper and Spicy Schezwan",
      "media": "https://b.zmtcdn.com/data/dish_photos/e29/c70a6e2d40d296a7d2c6b24e79babe29.png",
      "price": 0,
      "menuName": "Main Course",
      "categoryName": "",
      "slugs": [
        "veg",
        "services",
        "sf-spicy",
        "sf-not-vegan",
        "delivery-enabled",
        "delivery-enabled",
        "veg",
        "services",
        "sf-spicy",
        "sf-not-vegan",
        "veg"
      ]
    },
    {
      "name": "Mushroom Garlic Gravy",
      "description": "Coting fried Button mushroom with garlic gravy.",
      "media": null,
      "price": 0,
      "menuName": "Main Course",
      "categoryName": "",
      "slugs": [
        "veg",
        "services",
        "delivery-enabled",
        "delivery-enabled",
        "veg",
        "services",
        "veg"
      ]
    },
    {
      "name": "Exotic Veg And Paneer Mongolian Sauce",
      "description": "Cube Paneer & Exotic Veggies and Red Chilli Sauc",
      "media": "https://b.zmtcdn.com/data/dish_photos/bcc/6a55cf69ae439bfce7ffcb270a459bcc.jpg",
      "price": 0,
      "menuName": "Main Course",
      "categoryName": "",
      "slugs": [
        "veg",
        "restaurant-recommended",
        "services",
        "sf-not-vegan",
        "delivery-enabled",
        "delivery-enabled",
        "veg",
        "restaurant-recommended",
        "services",
        "sf-not-vegan",
        "veg"
      ]
    },
    {
      "name": "Thai Curries",
      "description": "Exotic Veggies and Thai Paste and Coconut Flavour (Choose Between Green/Red/Yellow) Served With Butter Steam Rice",
      "media": "https://b.zmtcdn.com/data/dish_photos/d55/b837638d396252ec7cea1c2b12d5ad55.png",
      "price": 0,
      "menuName": "Main Course",
      "categoryName": "",
      "slugs": [
        "veg",
        "restaurant-recommended",
        "services",
        "delivery-enabled",
        "delivery-enabled",
        "veg",
        "restaurant-recommended",
        "services",
        "veg"
      ]
    },
    {
      "name": "Fried Rice Manchurian Gravy Thali",
      "description": "Chinese Fried Rice + Veg Gravy Manchurian + Kimchi Salad + Cold Drink of your Choice.",
      "media": "https://b.zmtcdn.com/data/dish_photos/131/88245d548736a9676dd3d666ea454131.jpg",
      "price": 299,
      "menuName": "Chinese Thali [Serves 1]",
      "categoryName": "",
      "slugs": [
        "veg",
        "sprite",
        "services",
        "category-chinese",
        "delivery-enabled",
        "delivery-enabled",
        "veg",
        "sprite",
        "services",
        "category-chinese",
        "veg"
      ]
    },
    {
      "name": "Veg Manchurian Dry and Hakka Noodles",
      "description": "Veg Manchurian Dry + Hakka Noodles + Cold Drink of your choice.",
      "media": "https://b.zmtcdn.com/data/dish_photos/ef8/fd66342395122d1c71d40aeaf6816ef8.png",
      "price": 270,
      "menuName": "Chinese Thali [Serves 1]",
      "categoryName": "",
      "slugs": [
        "veg",
        "services",
        "delivery-enabled",
        "delivery-enabled",
        "veg",
        "services",
        "veg"
      ]
    },
    {
      "name": "Curry Dumpling Noodles Soup",
      "description": "Sesame & Tomato Mix Curry and Stuffed Dumpling",
      "media": "https://b.zmtcdn.com/data/dish_photos/6a7/63f6def880aa8bc60158ba66c573a6a7.png",
      "price": 220,
      "menuName": "Soups",
      "categoryName": "",
      "slugs": [
        "veg",
        "services",
        "delivery-enabled",
        "delivery-enabled",
        "veg",
        "services",
        "veg"
      ]
    },
    {
      "name": "Desi Lemon Coriander Soup",
      "description": "Freshly Chopped Coriander, Lemon Juice, Chunked Veggies",
      "media": "https://b.zmtcdn.com/data/dish_photos/6b9/2eb07bbc6fb4476b7db65ec2bcb816b9.jpg",
      "price": 215,
      "menuName": "Soups",
      "categoryName": "",
      "slugs": [
        "veg",
        "services",
        "delivery-enabled",
        "delivery-enabled",
        "veg",
        "services",
        "veg"
      ]
    },
    {
      "name": "Classic Tom Yum",
      "description": "Originally Thai-based soup with steamed noodles and stir veggies",
      "media": "https://b.zmtcdn.com/data/dish_photos/0be/9d6d55fa513bf165279610e0cd1d60be.jpg",
      "price": 230,
      "menuName": "Soups",
      "categoryName": "",
      "slugs": [
        "veg",
        "services",
        "delivery-enabled",
        "delivery-enabled",
        "veg",
        "services",
        "veg"
      ]
    },
    {
      "name": "Vegetable Manchow Soup",
      "description": "Chopped Mix Of Vegetable With Crispy Noodles",
      "media": "https://b.zmtcdn.com/data/dish_photos/268/3db8c2fd47bcaf9d9cc7f9ffc5795268.png",
      "price": 240,
      "menuName": "Soups",
      "categoryName": "",
      "slugs": [
        "veg",
        "restaurant-recommended",
        "services",
        "delivery-enabled",
        "delivery-enabled",
        "veg",
        "restaurant-recommended",
        "services",
        "veg"
      ]
    },
    {
      "name": "Hot & Sour Soup",
      "description": "Julian veggies, sour & spicy",
      "media": "https://b.zmtcdn.com/data/dish_photos/fdc/af7a994f597340c4ab2ade579473afdc.jpg",
      "price": 215,
      "menuName": "Soups",
      "categoryName": "",
      "slugs": [
        "veg",
        "services",
        "sf-spicy",
        "delivery-enabled",
        "delivery-enabled",
        "veg",
        "services",
        "sf-spicy",
        "veg"
      ]
    },
    {
      "name": "Laksa Soup",
      "description": "Cooked veggies like broccoli zucchini cottage cheese shallot vermicelli noodles coconut milk lime juice crushed peanut coriander red paprika",
      "media": "https://b.zmtcdn.com/data/dish_photos/8ee/e5df2c91f72ecba4b3dbd3cab238f8ee.jpg",
      "price": 250,
      "menuName": "Soups",
      "categoryName": "",
      "slugs": [
        "veg",
        "restaurant-recommended",
        "services",
        "sf-spicy",
        "sf-not-vegan",
        "delivery-enabled",
        "delivery-enabled",
        "veg",
        "restaurant-recommended",
        "services",
        "sf-spicy",
        "sf-not-vegan",
        "veg"
      ]
    },
    {
      "name": "Tom Kha Soup",
      "description": "[Veg Preparation] Chunk of exotic veggies, Thai bird chilli with coconut base (Prepared As Veg)",
      "media": "https://b.zmtcdn.com/data/dish_photos/f91/d42972f243572de361e7de38148d3f91.png",
      "price": 250,
      "menuName": "Soups",
      "categoryName": "",
      "slugs": [
        "veg",
        "services",
        "delivery-enabled",
        "delivery-enabled",
        "veg",
        "services",
        "veg"
      ]
    },
    {
      "name": "Exotic Veg Asian Green Soup",
      "description": "Melted coconut milk served with some secret condiments.",
      "media": "https://b.zmtcdn.com/data/dish_photos/7c8/d67490c25cd1871e729c67c7905927c8.png",
      "price": 230,
      "menuName": "Soups",
      "categoryName": "",
      "slugs": [
        "veg",
        "services",
        "sf-vegan",
        "delivery-enabled",
        "delivery-enabled",
        "veg",
        "services",
        "sf-vegan",
        "veg"
      ]
    },
    {
      "name": "Exotic Veg Burmese Soup",
      "description": "Chunk Cut Of All Exotic Veggies & Coconut Flavoured. Specially from Burma Cuisine",
      "media": "https://b.zmtcdn.com/data/dish_photos/030/f37ae177230e322c8a554dfcaa3bd030.jpg",
      "price": 235,
      "menuName": "Soups",
      "categoryName": "",
      "slugs": [
        "veg",
        "services",
        "delivery-enabled",
        "delivery-enabled",
        "veg",
        "services",
        "veg"
      ]
    },
    {
      "name": "Hot Garlic Sauce",
      "description": "",
      "media": null,
      "price": 40,
      "menuName": "Dip Sauce",
      "categoryName": "",
      "slugs": [
        "veg",
        "services",
        "delivery-enabled",
        "delivery-enabled",
        "veg",
        "healthy",
        "services",
        "veg"
      ]
    },
    {
      "name": "Schezwan Sauce",
      "description": "",
      "media": null,
      "price": 40,
      "menuName": "Dip Sauce",
      "categoryName": "",
      "slugs": [
        "veg",
        "services",
        "sf-spicy",
        "delivery-enabled",
        "delivery-enabled",
        "veg",
        "healthy",
        "services",
        "sf-spicy",
        "veg"
      ]
    },
    {
      "name": "Garlic Siracha Sauce",
      "description": "",
      "media": null,
      "price": 40,
      "menuName": "Dip Sauce",
      "categoryName": "",
      "slugs": [
        "veg",
        "services",
        "delivery-enabled",
        "delivery-enabled",
        "veg",
        "healthy",
        "services",
        "veg"
      ]
    },
    {
      "name": "Plum Sauce",
      "description": "",
      "media": null,
      "price": 40,
      "menuName": "Dip Sauce",
      "categoryName": "",
      "slugs": [
        "veg",
        "services",
        "delivery-enabled",
        "delivery-enabled",
        "veg",
        "healthy",
        "services",
        "veg"
      ]
    },
    {
      "name": "Cold Garlic Dip Sauce",
      "description": "",
      "media": null,
      "price": 40,
      "menuName": "Dip Sauce",
      "categoryName": "",
      "slugs": [
        "veg",
        "services",
        "delivery-enabled",
        "delivery-enabled",
        "veg",
        "healthy",
        "services",
        "veg"
      ]
    }
  ]
}