{
  "basicInfo": {
    "name": "Shreeji Locho House",
    "cuisine_string": "Gujarati, Street Food",
    "canonicalUrl": "https://www.zomato.com/surat/shreeji-locho-house-athwa/order"
  },
  "ratings": {
    "DINING": {
      "rating_type": "DINING",
      "rating": "3.9",
      "reviewCount": "17",
      "reviewTextSmall": "17 Reviews",
      "subtext": "17 Dining Reviews",
      "color": "#1C1C1C",
      "ratingV2": "3.9",
      "subtitle": "DINING",
      "sideSubTitle": "Dining Ratings",
      "bgColorV2": {
        "type": "green",
        "tint": "600"
      },
      "newOnDining": false
    },
    "DELIVERY": {
      "rating_type": "DELIVERY",
      "rating": "4.3",
      "reviewCount": "2,308",
      "reviewTextSmall": "2,308 Reviews",
      "subtext": "2,308 Delivery Reviews",
      "color": "#E23744",
      "ratingV2": "4.3",
      "subtitle": "DELIVERY",
      "sideSubTitle": "Delivery Ratings",
      "bgColorV2": {
        "type": "green",
        "tint": "700"
      },
      "newOnDelivery": false
    }
  },
  "establishment": {
    "city_id": 38,
    "city_name": "Surat",
    "country_id": 1,
    "country_name": "India",
    "zipcode": "395007",
    "is_dark_kitchen": false,
    "locality_verbose": "Athwa, Surat",
    "latitude": "21.1729005805",
    "longitude": "72.7933148634",
    "static_map_url": "https://maps.zomato.com/php/staticmap?center=21.1729005805,72.7933148634&maptype=zomato&markers=21.1729005805,72.7933148634,pin_res32&sensor=false&scale=2&zoom=16&language=en&size=240x150&size=400x240",
    "address": "1B, Shrungar Society, Parle Point, Athwa, Surat",
    "is_phone_available": 1,
    "phoneDetails": {
      "title": "Phone Numbers",
      "phoneStr": "+919375542111"
    },
    "res_chain_text": "See all 2 Shreeji Locho House outlets in Surat",
    "res_group_text": "",
    "res_chain_url": "https://www.zomato.com/surat/restaurants/shreeji-locho-house-1",
    "res_group_url": "",
    "show_res_map": true
  },
  "items": [
    {
      "name": "Oil Locho",
      "description": "Locho is steamed Gujarati farsan [snack/side dish] originated in Surat. It is made from gram [chana dal].",
      "media": "https://b.zmtcdn.com/data/dish_photos/bf1/72dda4ea45ee14e1347639618306fbf1.jpeg",
      "price": 55,
      "menuName": "Locho",
      "categoryName": "",
      "slugs": [
        "veg",
        "restaurant-recommended",
        "services",
        "delivery-enabled",
        "delivery-enabled",
        "veg",
        "restaurant-recommended",
        "services",
        "veg"
      ]
    },
    {
      "name": "Plain Locho",
      "description": "",
      "media": "https://b.zmtcdn.com/data/dish_photos/853/c2ad4e165f86432021acb4689f956853.jpeg",
      "price": 0,
      "menuName": "Locho",
      "categoryName": "",
      "slugs": [
        "veg",
        "restaurant-recommended",
        "services",
        "delivery-enabled",
        "delivery-enabled",
        "veg",
        "restaurant-recommended",
        "services",
        "veg"
      ]
    },
    {
      "name": "Butter Locho",
      "description": "Locho is steamed Gujarati farsan [snack/side dish] originated in Surat. It is made from gram [chana dal].",
      "media": "https://b.zmtcdn.com/data/dish_photos/866/aabbca75913369616b37b915011d2866.jpeg",
      "price": 77,
      "menuName": "Locho",
      "categoryName": "",
      "slugs": [
        "veg",
        "restaurant-recommended",
        "services",
        "sf-not-vegan",
        "delivery-enabled",
        "delivery-enabled",
        "veg",
        "restaurant-recommended",
        "services",
        "sf-not-vegan",
        "veg"
      ]
    },
    {
      "name": "Cheese Butter Locho",
      "description": "Locho is steamed Gujarati farsan [snack/side dish] originated in Surat. It is made from gram [chana dal].",
      "media": "https://b.zmtcdn.com/data/dish_photos/fa7/c0b67deb91000a6ee936854e4940efa7.jpeg",
      "price": 103,
      "menuName": "Locho",
      "categoryName": "",
      "slugs": [
        "veg",
        "restaurant-recommended",
        "services",
        "sf-not-vegan",
        "delivery-enabled",
        "delivery-enabled",
        "veg",
        "restaurant-recommended",
        "services",
        "sf-not-vegan",
        "veg"
      ]
    },
    {
      "name": "Mayonnaise Butter Locho",
      "description": "Locho is steamed Gujarati farsan [snack/side dish] originated in Surat. It is made from gram [chana dal].",
      "media": "https://b.zmtcdn.com/data/dish_photos/99b/185bca025bc75e9d6b540b04b1aaf99b.jpeg",
      "price": 90,
      "menuName": "Locho",
      "categoryName": "",
      "slugs": [
        "veg",
        "services",
        "sf-not-vegan",
        "delivery-enabled",
        "delivery-enabled",
        "veg",
        "services",
        "sf-not-vegan",
        "veg"
      ]
    },
    {
      "name": "Mayonnaise Cheese Butter Locho",
      "description": "Locho is steamed Gujarati farsan [snack/side dish] originated in Surat. It is made from gram [chana dal].",
      "media": "https://b.zmtcdn.com/data/dish_photos/e80/b770aaf54d9608722b79854c2c64ae80.jpeg",
      "price": 115,
      "menuName": "Locho",
      "categoryName": "",
      "slugs": [
        "veg",
        "services",
        "sf-not-vegan",
        "delivery-enabled",
        "delivery-enabled",
        "veg",
        "services",
        "sf-not-vegan",
        "veg"
      ]
    },
    {
      "name": "Schezwan Butter Locho",
      "description": "Locho is steamed Gujarati farsan [snack/side dish] originated in Surat. It is made from gram [chana dal].",
      "media": "https://b.zmtcdn.com/data/dish_photos/301/684342e4e6ebbe3b482620aadf037301.jpeg",
      "price": 90,
      "menuName": "Locho",
      "categoryName": "",
      "slugs": [
        "veg",
        "services",
        "sf-spicy",
        "sf-not-vegan",
        "delivery-enabled",
        "delivery-enabled",
        "veg",
        "services",
        "sf-spicy",
        "sf-not-vegan",
        "veg"
      ]
    },
    {
      "name": "Schezwan Butter Cheese Locho",
      "description": "Locho is steamed Gujarati farsan [snack/side dish] originated in Surat. It is made from gram [chana dal].",
      "media": "https://b.zmtcdn.com/data/dish_photos/c2f/0bf2f8d0ead0e784121b398a6803ac2f.jpeg",
      "price": 115,
      "menuName": "Locho",
      "categoryName": "",
      "slugs": [
        "veg",
        "services",
        "sf-spicy",
        "sf-not-vegan",
        "delivery-enabled",
        "delivery-enabled",
        "veg",
        "services",
        "sf-spicy",
        "sf-not-vegan",
        "veg"
      ]
    },
    {
      "name": "Non Fried Dal Samosa [250 grams]",
      "description": "Non jain.",
      "media": "https://b.zmtcdn.com/data/dish_photos/7d5/795d8d29fac27ddc595dc9f812fd77d5.jpg",
      "price": 95,
      "menuName": "Samosa",
      "categoryName": "",
      "slugs": [
        "veg",
        "restaurant-recommended",
        "services",
        "delivery-enabled",
        "delivery-enabled",
        "veg",
        "restaurant-recommended",
        "services",
        "veg"
      ]
    },
    {
      "name": "Fried Dal Samosa [6 Pieces]",
      "description": "Fried triangular crispy snack. Non jain.",
      "media": "https://b.zmtcdn.com/data/dish_photos/82a/02f48a1519247ca9ad934960ce85a82a.jpeg",
      "price": 50,
      "menuName": "Samosa",
      "categoryName": "",
      "slugs": [
        "veg",
        "restaurant-recommended",
        "services",
        "delivery-enabled",
        "delivery-enabled",
        "veg",
        "restaurant-recommended",
        "services",
        "veg"
      ]
    },
    {
      "name": "Jain Fried Cheese Paneer Samosa [5 Pieces]",
      "description": "Fried triangular crispy snack.",
      "media": "https://b.zmtcdn.com/data/dish_photos/8d8/52008a0a5564678e526eb17d386008d8.jpg",
      "price": 77,
      "menuName": "Samosa",
      "categoryName": "",
      "slugs": [
        "veg",
        "restaurant-recommended",
        "services",
        "sf-no-onion",
        "sf-no-garlic",
        "sf-not-vegan",
        "delivery-enabled",
        "delivery-enabled",
        "veg",
        "restaurant-recommended",
        "services",
        "sf-no-onion",
        "sf-no-garlic",
        "sf-not-vegan",
        "veg"
      ]
    },
    {
      "name": "Jain Non Fried Cheese Paneer Samosa [250 grams]",
      "description": "Non fried.",
      "media": "https://b.zmtcdn.com/data/dish_photos/8d8/52008a0a5564678e526eb17d386008d8.jpg",
      "price": 165,
      "menuName": "Samosa",
      "categoryName": "",
      "slugs": [
        "veg",
        "restaurant-recommended",
        "services",
        "sf-no-onion",
        "sf-no-garlic",
        "sf-not-vegan",
        "delivery-enabled",
        "delivery-enabled",
        "veg",
        "restaurant-recommended",
        "services",
        "sf-no-onion",
        "sf-no-garlic",
        "sf-not-vegan",
        "veg"
      ]
    },
    {
      "name": "Jain Fried Chinese Samosa [6 Pieces]",
      "description": "",
      "media": null,
      "price": 50,
      "menuName": "Samosa",
      "categoryName": "",
      "slugs": [
        "veg",
        "services",
        "sf-no-onion",
        "sf-no-garlic",
        "delivery-enabled",
        "delivery-enabled",
        "veg",
        "services",
        "sf-no-onion",
        "sf-no-garlic",
        "veg"
      ]
    },
    {
      "name": "Sev [55 Grams]",
      "description": "",
      "media": null,
      "price": 20,
      "menuName": "Extras",
      "categoryName": "",
      "slugs": [
        "veg",
        "restaurant-recommended",
        "services",
        "delivery-enabled",
        "delivery-enabled",
        "veg",
        "restaurant-recommended",
        "services",
        "veg"
      ]
    }
  ]
}