{
  "basicInfo": {
    "name": "Swad Villas",
    "cuisine_string": "Street Food",
    "canonicalUrl": "https://www.zomato.com/surat/swad-villas-nanpura/order"
  },
  "ratings": {
    "DINING": {
      "rating_type": "DINING",
      "rating": "",
      "reviewCount": "1",
      "reviewTextSmall": "1 Reviews",
      "subtext": "Does not offer Dining",
      "color": "",
      "ratingV2": "-",
      "subtitle": "DINING",
      "sideSubTitle": "Dining Ratings",
      "bgColorV2": {
        "type": "grey",
        "tint": "500"
      },
      "newOnDining": false
    },
    "DELIVERY": {
      "rating_type": "DELIVERY",
      "rating": "4.0",
      "reviewCount": "7",
      "reviewTextSmall": "7 Reviews",
      "subtext": "7 Delivery Reviews",
      "color": "#E23744",
      "ratingV2": "4.0",
      "subtitle": "DELIVERY",
      "sideSubTitle": "Delivery Ratings",
      "bgColorV2": {
        "type": "green",
        "tint": "700"
      },
      "newOnDelivery": false
    }
  },
  "establishment": {
    "city_id": 38,
    "city_name": "Surat",
    "country_id": 1,
    "country_name": "India",
    "zipcode": "395001",
    "is_dark_kitchen": false,
    "locality_verbose": "Nanpura, Surat",
    "latitude": "21.1879608820",
    "longitude": "72.8138637543",
    "static_map_url": "https://maps.zomato.com/php/staticmap?center=21.1879608820,72.8138637543&maptype=zomato&markers=21.1879608820,72.8138637543,pin_res32&sensor=false&scale=2&zoom=16&language=en&size=240x150&size=400x240",
    "address": "Shop 9, Rajeshwar Appartment, Timaliyawad, Nanpura, Surat",
    "is_phone_available": 1,
    "phoneDetails": {
      "title": "Phone Numbers",
      "phoneStr": "+918866783412"
    },
    "res_chain_text": "",
    "res_group_text": "",
    "res_chain_url": "",
    "res_group_url": "",
    "show_res_map": true
  },
  "items": [
    {
      "name": "Patties",
      "description": "",
      "media": null,
      "price": 0,
      "menuName": "Snacks",
      "categoryName": "",
      "slugs": [
        "veg",
        "services",
        "delivery-enabled",
        "delivery-enabled",
        "veg",
        "services",
        "veg"
      ]
    },
    {
      "name": "Samosa",
      "description": "",
      "media": null,
      "price": 0,
      "menuName": "Snacks",
      "categoryName": "",
      "slugs": [
        "veg",
        "services",
        "delivery-enabled",
        "delivery-enabled",
        "veg",
        "services",
        "veg"
      ]
    },
    {
      "name": "Papad Poha",
      "description": "",
      "media": null,
      "price": 0,
      "menuName": "Snacks",
      "categoryName": "",
      "slugs": [
        "veg",
        "services",
        "delivery-enabled",
        "delivery-enabled",
        "veg",
        "services",
        "veg"
      ]
    },
    {
      "name": "Mori Papdi",
      "description": "",
      "media": null,
      "price": 0,
      "menuName": "Snacks",
      "categoryName": "",
      "slugs": [
        "veg",
        "services",
        "delivery-enabled",
        "delivery-enabled",
        "veg",
        "services",
        "veg"
      ]
    },
    {
      "name": "Mora Gathiya",
      "description": "",
      "media": null,
      "price": 0,
      "menuName": "Snacks",
      "categoryName": "",
      "slugs": [
        "veg",
        "services",
        "delivery-enabled",
        "delivery-enabled",
        "veg",
        "services",
        "veg"
      ]
    },
    {
      "name": "Jada Gathiya",
      "description": "",
      "media": null,
      "price": 0,
      "menuName": "Snacks",
      "categoryName": "",
      "slugs": [
        "veg",
        "services",
        "delivery-enabled",
        "delivery-enabled",
        "veg",
        "services",
        "veg"
      ]
    },
    {
      "name": "Sev",
      "description": "",
      "media": null,
      "price": 0,
      "menuName": "Snacks",
      "categoryName": "",
      "slugs": [
        "veg",
        "services",
        "delivery-enabled",
        "delivery-enabled",
        "veg",
        "services",
        "veg"
      ]
    },
    {
      "name": "Solapuri Chevda",
      "description": "",
      "media": null,
      "price": 0,
      "menuName": "Snacks",
      "categoryName": "",
      "slugs": [
        "veg",
        "services",
        "delivery-enabled",
        "delivery-enabled",
        "veg",
        "services",
        "veg"
      ]
    },
    {
      "name": "Makkai Chevdo",
      "description": "",
      "media": null,
      "price": 0,
      "menuName": "Snacks",
      "categoryName": "",
      "slugs": [
        "veg",
        "services",
        "delivery-enabled",
        "delivery-enabled",
        "veg",
        "services",
        "veg"
      ]
    }
  ]
}