{
  "basicInfo": {
    "name": "Swiffin - Cakes N Pastry Shop",
    "cuisine_string": "Bakery, Desserts",
    "canonicalUrl": "https://www.zomato.com/surat/swiffin-cakes-n-pastry-shop-adajan-patiya/order"
  },
  "ratings": {
    "DINING": {
      "rating_type": "DINING",
      "rating": "3.6",
      "reviewCount": "11",
      "reviewTextSmall": "11 Reviews",
      "subtext": "11 Dining Reviews",
      "color": "#1C1C1C",
      "ratingV2": "3.6",
      "subtitle": "DINING",
      "sideSubTitle": "Dining Ratings",
      "bgColorV2": {
        "type": "green",
        "tint": "600"
      },
      "newOnDining": false
    },
    "DELIVERY": {
      "rating_type": "DELIVERY",
      "rating": "4.0",
      "reviewCount": "202",
      "reviewTextSmall": "202 Reviews",
      "subtext": "202 Delivery Reviews",
      "color": "#E23744",
      "ratingV2": "4.0",
      "subtitle": "DELIVERY",
      "sideSubTitle": "Delivery Ratings",
      "bgColorV2": {
        "type": "green",
        "tint": "700"
      },
      "newOnDelivery": false
    }
  },
  "establishment": {
    "city_id": 38,
    "city_name": "Surat",
    "country_id": 1,
    "country_name": "India",
    "zipcode": "",
    "is_dark_kitchen": false,
    "locality_verbose": "Adajan Patiya, Surat",
    "latitude": "21.1957584546",
    "longitude": "72.8021663055",
    "static_map_url": "https://maps.zomato.com/php/staticmap?center=21.1957584546,72.8021663055&maptype=zomato&markers=21.1957584546,72.8021663055,pin_res32&sensor=false&scale=2&zoom=16&language=en&size=240x150&size=400x240",
    "address": "Shope 15, Muktanand Nagar, Shopping Centre, Near Gujarat Gas Circle, Adajan, Surat",
    "is_phone_available": 1,
    "phoneDetails": {
      "title": "Phone Numbers",
      "phoneStr": "+919601099239"
    },
    "res_chain_text": "",
    "res_group_text": "",
    "res_chain_url": "",
    "res_group_url": "",
    "show_res_map": true
  },
  "items": [
    {
      "name": "Black Forest Cake [500 grams]",
      "description": "",
      "media": null,
      "price": 375,
      "menuName": "Cakes",
      "categoryName": "Birthday Cakes [500 grams]",
      "slugs": [
        "veg",
        "services",
        "sf-no-onion",
        "sf-no-garlic",
        "sf-kid-friendly",
        "special-fleet",
        "delivery-enabled",
        "delivery-enabled",
        "veg",
        "services",
        "sf-no-onion",
        "sf-no-garlic",
        "sf-kid-friendly",
        "special-fleet",
        "veg"
      ]
    },
    {
      "name": "Pineapple Cake [500 grams]",
      "description": "",
      "media": null,
      "price": 375,
      "menuName": "Cakes",
      "categoryName": "Birthday Cakes [500 grams]",
      "slugs": [
        "veg",
        "services",
        "sf-no-onion",
        "sf-no-garlic",
        "sf-kid-friendly",
        "special-fleet",
        "sf-cake",
        "delivery-enabled",
        "delivery-enabled",
        "veg",
        "services",
        "sf-no-onion",
        "sf-no-garlic",
        "sf-kid-friendly",
        "special-fleet",
        "sf-cake",
        "veg"
      ]
    },
    {
      "name": "Choco Vanilla Cake [500 grams]",
      "description": "",
      "media": null,
      "price": 400,
      "menuName": "Cakes",
      "categoryName": "Birthday Cakes [500 grams]",
      "slugs": [
        "veg",
        "services",
        "sf-no-onion",
        "sf-no-garlic",
        "sf-kid-friendly",
        "special-fleet",
        "delivery-enabled",
        "delivery-enabled",
        "veg",
        "services",
        "sf-no-onion",
        "sf-no-garlic",
        "sf-kid-friendly",
        "special-fleet",
        "veg"
      ]
    },
    {
      "name": "Choco Nut Cake [500 grams]",
      "description": "",
      "media": null,
      "price": 435,
      "menuName": "Cakes",
      "categoryName": "Birthday Cakes [500 grams]",
      "slugs": [
        "veg",
        "services",
        "sf-no-onion",
        "sf-no-garlic",
        "sf-kid-friendly",
        "special-fleet",
        "delivery-enabled",
        "delivery-enabled",
        "veg",
        "services",
        "sf-no-onion",
        "sf-no-garlic",
        "sf-kid-friendly",
        "special-fleet",
        "veg"
      ]
    },
    {
      "name": "White Forest Cake [500 grams]",
      "description": "",
      "media": null,
      "price": 435,
      "menuName": "Cakes",
      "categoryName": "Birthday Cakes [500 grams]",
      "slugs": [
        "veg",
        "services",
        "sf-no-onion",
        "sf-no-garlic",
        "sf-kid-friendly",
        "special-fleet",
        "sf-cake",
        "delivery-enabled",
        "delivery-enabled",
        "veg",
        "services",
        "sf-no-onion",
        "sf-no-garlic",
        "sf-kid-friendly",
        "special-fleet",
        "sf-cake",
        "veg"
      ]
    },
    {
      "name": "Swiss Truffle Cake [500 grams]",
      "description": "",
      "media": null,
      "price": 435,
      "menuName": "Cakes",
      "categoryName": "Birthday Cakes [500 grams]",
      "slugs": [
        "veg",
        "services",
        "sf-no-onion",
        "sf-no-garlic",
        "sf-kid-friendly",
        "special-fleet",
        "sf-cake",
        "delivery-enabled",
        "delivery-enabled",
        "veg",
        "services",
        "sf-no-onion",
        "sf-no-garlic",
        "sf-kid-friendly",
        "special-fleet",
        "sf-cake",
        "veg"
      ]
    },
    {
      "name": "Choco Delight Cake [500 grams]",
      "description": "",
      "media": null,
      "price": 435,
      "menuName": "Cakes",
      "categoryName": "Birthday Cakes [500 grams]",
      "slugs": [
        "veg",
        "services",
        "sf-no-onion",
        "sf-no-garlic",
        "sf-kid-friendly",
        "special-fleet",
        "delivery-enabled",
        "delivery-enabled",
        "veg",
        "services",
        "sf-no-onion",
        "sf-no-garlic",
        "sf-kid-friendly",
        "special-fleet",
        "veg"
      ]
    },
    {
      "name": "Kit Kat Basket Cake [500 grams]",
      "description": "",
      "media": null,
      "price": 500,
      "menuName": "Cakes",
      "categoryName": "Birthday Cakes [500 grams]",
      "slugs": [
        "veg",
        "services",
        "sf-no-onion",
        "sf-no-garlic",
        "sf-kid-friendly",
        "special-fleet",
        "sf-cake",
        "delivery-enabled",
        "delivery-enabled",
        "veg",
        "services",
        "sf-no-onion",
        "sf-no-garlic",
        "sf-kid-friendly",
        "special-fleet",
        "sf-cake",
        "veg"
      ]
    },
    {
      "name": "Choco Crunchy Cake [500 grams]",
      "description": "",
      "media": null,
      "price": 475,
      "menuName": "Cakes",
      "categoryName": "Birthday Cakes [500 grams]",
      "slugs": [
        "veg",
        "services",
        "sf-no-onion",
        "sf-no-garlic",
        "sf-kid-friendly",
        "special-fleet",
        "delivery-enabled",
        "delivery-enabled",
        "veg",
        "services",
        "sf-no-onion",
        "sf-no-garlic",
        "sf-kid-friendly",
        "special-fleet",
        "veg"
      ]
    },
    {
      "name": "Swiss Choco Chips Cake [500 grams]",
      "description": "",
      "media": null,
      "price": 475,
      "menuName": "Cakes",
      "categoryName": "Birthday Cakes [500 grams]",
      "slugs": [
        "veg",
        "services",
        "sf-no-onion",
        "sf-no-garlic",
        "sf-kid-friendly",
        "special-fleet",
        "delivery-enabled",
        "delivery-enabled",
        "veg",
        "services",
        "sf-no-onion",
        "sf-no-garlic",
        "sf-kid-friendly",
        "special-fleet",
        "veg"
      ]
    },
    {
      "name": "Choco Gooey Cake [500 grams]",
      "description": "",
      "media": null,
      "price": 475,
      "menuName": "Cakes",
      "categoryName": "Birthday Cakes [500 grams]",
      "slugs": [
        "veg",
        "services",
        "sf-no-onion",
        "sf-no-garlic",
        "sf-kid-friendly",
        "special-fleet",
        "delivery-enabled",
        "delivery-enabled",
        "veg",
        "services",
        "sf-no-onion",
        "sf-no-garlic",
        "sf-kid-friendly",
        "special-fleet",
        "veg"
      ]
    },
    {
      "name": "Choco Chips Cake [500 grams]",
      "description": "",
      "media": null,
      "price": 435,
      "menuName": "Cakes",
      "categoryName": "Birthday Cakes [500 grams]",
      "slugs": [
        "veg",
        "services",
        "sf-no-onion",
        "sf-no-garlic",
        "sf-kid-friendly",
        "special-fleet",
        "delivery-enabled",
        "delivery-enabled",
        "veg",
        "services",
        "sf-no-onion",
        "sf-no-garlic",
        "sf-kid-friendly",
        "special-fleet",
        "veg"
      ]
    },
    {
      "name": "Choco Flakes Cake [500 grams]",
      "description": "",
      "media": null,
      "price": 435,
      "menuName": "Cakes",
      "categoryName": "Birthday Cakes [500 grams]",
      "slugs": [
        "veg",
        "services",
        "sf-no-onion",
        "sf-no-garlic",
        "sf-kid-friendly",
        "special-fleet",
        "delivery-enabled",
        "delivery-enabled",
        "veg",
        "services",
        "sf-no-onion",
        "sf-no-garlic",
        "sf-kid-friendly",
        "special-fleet",
        "veg"
      ]
    },
    {
      "name": "Butterscotch Cake [500 grams]",
      "description": "",
      "media": null,
      "price": 435,
      "menuName": "Cakes",
      "categoryName": "Birthday Cakes [500 grams]",
      "slugs": [
        "veg",
        "services",
        "sf-no-onion",
        "sf-no-garlic",
        "sf-kid-friendly",
        "special-fleet",
        "delivery-enabled",
        "delivery-enabled",
        "veg",
        "services",
        "sf-no-onion",
        "sf-no-garlic",
        "sf-kid-friendly",
        "special-fleet",
        "veg"
      ]
    },
    {
      "name": "Choco Passion Cake [500 grams]",
      "description": "",
      "media": null,
      "price": 435,
      "menuName": "Cakes",
      "categoryName": "Birthday Cakes [500 grams]",
      "slugs": [
        "veg",
        "services",
        "sf-no-onion",
        "sf-no-garlic",
        "sf-kid-friendly",
        "special-fleet",
        "delivery-enabled",
        "delivery-enabled",
        "veg",
        "services",
        "sf-no-onion",
        "sf-no-garlic",
        "sf-kid-friendly",
        "special-fleet",
        "veg"
      ]
    },
    {
      "name": "Choco Fantasy Cake [500 grams]",
      "description": "",
      "media": null,
      "price": 435,
      "menuName": "Cakes",
      "categoryName": "Birthday Cakes [500 grams]",
      "slugs": [
        "veg",
        "non-promo",
        "packaged",
        "non-refundable",
        "services",
        "sf-no-onion",
        "sf-no-garlic",
        "sf-kid-friendly",
        "special-fleet",
        "delivery-enabled",
        "delivery-enabled",
        "veg",
        "non-promo",
        "packaged",
        "non-refundable",
        "services",
        "sf-no-onion",
        "sf-no-garlic",
        "sf-kid-friendly",
        "special-fleet",
        "veg"
      ]
    },
    {
      "name": "Brazilian Surprise Cake [500 grams]",
      "description": "",
      "media": null,
      "price": 435,
      "menuName": "Cakes",
      "categoryName": "Birthday Cakes [500 grams]",
      "slugs": [
        "veg",
        "services",
        "sf-no-onion",
        "sf-no-garlic",
        "sf-kid-friendly",
        "special-fleet",
        "sf-cake",
        "delivery-enabled",
        "delivery-enabled",
        "veg",
        "services",
        "sf-no-onion",
        "sf-no-garlic",
        "sf-kid-friendly",
        "special-fleet",
        "sf-cake",
        "veg"
      ]
    },
    {
      "name": "Choco Opera Cake [500 grams]",
      "description": "",
      "media": null,
      "price": 435,
      "menuName": "Cakes",
      "categoryName": "Birthday Cakes [500 grams]",
      "slugs": [
        "veg",
        "services",
        "sf-no-onion",
        "sf-no-garlic",
        "sf-kid-friendly",
        "special-fleet",
        "delivery-enabled",
        "delivery-enabled",
        "veg",
        "services",
        "sf-no-onion",
        "sf-no-garlic",
        "sf-kid-friendly",
        "special-fleet",
        "veg"
      ]
    },
    {
      "name": "Choco Forest Cake [500 grams]",
      "description": "",
      "media": null,
      "price": 435,
      "menuName": "Cakes",
      "categoryName": "Birthday Cakes [500 grams]",
      "slugs": [
        "veg",
        "services",
        "sf-no-onion",
        "sf-no-garlic",
        "sf-kid-friendly",
        "special-fleet",
        "delivery-enabled",
        "delivery-enabled",
        "veg",
        "services",
        "sf-no-onion",
        "sf-no-garlic",
        "sf-kid-friendly",
        "special-fleet",
        "veg"
      ]
    },
    {
      "name": "Coffee Delight Cake [500 grams]",
      "description": "",
      "media": null,
      "price": 435,
      "menuName": "Cakes",
      "categoryName": "Birthday Cakes [500 grams]",
      "slugs": [
        "veg",
        "services",
        "sf-no-onion",
        "sf-no-garlic",
        "sf-kid-friendly",
        "special-fleet",
        "delivery-enabled",
        "delivery-enabled",
        "veg",
        "services",
        "sf-no-onion",
        "sf-no-garlic",
        "sf-kid-friendly",
        "special-fleet",
        "veg"
      ]
    },
    {
      "name": "Blackcurrant Cake [500 grams]",
      "description": "",
      "media": null,
      "price": 435,
      "menuName": "Cakes",
      "categoryName": "Birthday Cakes [500 grams]",
      "slugs": [
        "veg",
        "services",
        "sf-no-onion",
        "sf-no-garlic",
        "sf-kid-friendly",
        "special-fleet",
        "sf-cake",
        "delivery-enabled",
        "delivery-enabled",
        "veg",
        "services",
        "sf-no-onion",
        "sf-no-garlic",
        "sf-kid-friendly",
        "special-fleet",
        "sf-cake",
        "veg"
      ]
    },
    {
      "name": "Zebra Forest Cake [500 grams]",
      "description": "",
      "media": null,
      "price": 435,
      "menuName": "Cakes",
      "categoryName": "Birthday Cakes [500 grams]",
      "slugs": [
        "veg",
        "services",
        "sf-no-onion",
        "sf-no-garlic",
        "sf-kid-friendly",
        "special-fleet",
        "sf-cake",
        "delivery-enabled",
        "delivery-enabled",
        "veg",
        "services",
        "sf-no-onion",
        "sf-no-garlic",
        "sf-kid-friendly",
        "special-fleet",
        "sf-cake",
        "veg"
      ]
    },
    {
      "name": "Black Forest Cake [1 kg]",
      "description": "",
      "media": null,
      "price": 750,
      "menuName": "Cakes",
      "categoryName": "Birthday Cakes [1 kg]",
      "slugs": [
        "veg",
        "services",
        "sf-no-onion",
        "sf-no-garlic",
        "sf-kid-friendly",
        "special-fleet",
        "delivery-enabled",
        "delivery-enabled",
        "veg",
        "services",
        "sf-no-onion",
        "sf-no-garlic",
        "sf-kid-friendly",
        "special-fleet",
        "veg"
      ]
    },
    {
      "name": "Pineapple Cake [1 kg]",
      "description": "",
      "media": null,
      "price": 750,
      "menuName": "Cakes",
      "categoryName": "Birthday Cakes [1 kg]",
      "slugs": [
        "veg",
        "services",
        "sf-no-onion",
        "sf-no-garlic",
        "sf-kid-friendly",
        "special-fleet",
        "sf-cake",
        "delivery-enabled",
        "delivery-enabled",
        "veg",
        "services",
        "sf-no-onion",
        "sf-no-garlic",
        "sf-kid-friendly",
        "special-fleet",
        "sf-cake",
        "veg"
      ]
    },
    {
      "name": "Choco Vanilla Cake [1 kg]",
      "description": "",
      "media": null,
      "price": 750,
      "menuName": "Cakes",
      "categoryName": "Birthday Cakes [1 kg]",
      "slugs": [
        "veg",
        "services",
        "sf-no-onion",
        "sf-no-garlic",
        "sf-kid-friendly",
        "special-fleet",
        "delivery-enabled",
        "delivery-enabled",
        "veg",
        "services",
        "sf-no-onion",
        "sf-no-garlic",
        "sf-kid-friendly",
        "special-fleet",
        "veg"
      ]
    },
    {
      "name": "Strawberry Glaze Cake [1 kg]",
      "description": "",
      "media": null,
      "price": 790,
      "menuName": "Cakes",
      "categoryName": "Birthday Cakes [1 kg]",
      "slugs": [
        "veg",
        "services",
        "sf-no-onion",
        "sf-no-garlic",
        "sf-kid-friendly",
        "special-fleet",
        "sf-cake",
        "delivery-enabled",
        "delivery-enabled",
        "veg",
        "services",
        "sf-no-onion",
        "sf-no-garlic",
        "sf-kid-friendly",
        "special-fleet",
        "sf-cake",
        "veg"
      ]
    },
    {
      "name": "Choco Nut Cake [1 kg]",
      "description": "",
      "media": null,
      "price": 815,
      "menuName": "Cakes",
      "categoryName": "Birthday Cakes [1 kg]",
      "slugs": [
        "veg",
        "services",
        "sf-no-onion",
        "sf-no-garlic",
        "sf-kid-friendly",
        "special-fleet",
        "delivery-enabled",
        "delivery-enabled",
        "veg",
        "services",
        "sf-no-onion",
        "sf-no-garlic",
        "sf-kid-friendly",
        "special-fleet",
        "veg"
      ]
    },
    {
      "name": "White Forest Cake [1 kg]",
      "description": "",
      "media": null,
      "price": 815,
      "menuName": "Cakes",
      "categoryName": "Birthday Cakes [1 kg]",
      "slugs": [
        "veg",
        "services",
        "sf-no-onion",
        "sf-no-garlic",
        "sf-kid-friendly",
        "special-fleet",
        "sf-cake",
        "delivery-enabled",
        "delivery-enabled",
        "veg",
        "services",
        "sf-no-onion",
        "sf-no-garlic",
        "sf-kid-friendly",
        "special-fleet",
        "sf-cake",
        "veg"
      ]
    },
    {
      "name": "Strawberry Truffle Cake [1 kg]",
      "description": "",
      "media": null,
      "price": 875,
      "menuName": "Cakes",
      "categoryName": "Birthday Cakes [1 kg]",
      "slugs": [
        "veg",
        "services",
        "sf-no-onion",
        "sf-no-garlic",
        "sf-kid-friendly",
        "special-fleet",
        "sf-cake",
        "delivery-enabled",
        "delivery-enabled",
        "veg",
        "services",
        "sf-no-onion",
        "sf-no-garlic",
        "sf-kid-friendly",
        "special-fleet",
        "sf-cake",
        "veg"
      ]
    },
    {
      "name": "Swiss Truffle Cake [1 kg]",
      "description": "",
      "media": null,
      "price": 875,
      "menuName": "Cakes",
      "categoryName": "Birthday Cakes [1 kg]",
      "slugs": [
        "veg",
        "services",
        "sf-no-onion",
        "sf-no-garlic",
        "sf-kid-friendly",
        "special-fleet",
        "sf-cake",
        "delivery-enabled",
        "delivery-enabled",
        "veg",
        "services",
        "sf-no-onion",
        "sf-no-garlic",
        "sf-kid-friendly",
        "special-fleet",
        "sf-cake",
        "veg"
      ]
    },
    {
      "name": "Choco Delight Cake [1 kg]",
      "description": "",
      "media": null,
      "price": 815,
      "menuName": "Cakes",
      "categoryName": "Birthday Cakes [1 kg]",
      "slugs": [
        "veg",
        "services",
        "sf-no-onion",
        "sf-no-garlic",
        "sf-kid-friendly",
        "special-fleet",
        "delivery-enabled",
        "delivery-enabled",
        "veg",
        "services",
        "sf-no-onion",
        "sf-no-garlic",
        "sf-kid-friendly",
        "special-fleet",
        "veg"
      ]
    },
    {
      "name": "Kit Kat Basket Cake [1 kg]",
      "description": "",
      "media": null,
      "price": 980,
      "menuName": "Cakes",
      "categoryName": "Birthday Cakes [1 kg]",
      "slugs": [
        "veg",
        "services",
        "sf-no-onion",
        "sf-no-garlic",
        "sf-kid-friendly",
        "special-fleet",
        "sf-cake",
        "delivery-enabled",
        "delivery-enabled",
        "veg",
        "services",
        "sf-no-onion",
        "sf-no-garlic",
        "sf-kid-friendly",
        "special-fleet",
        "sf-cake",
        "veg"
      ]
    },
    {
      "name": "Choco Crunchy Cake [1 kg]",
      "description": "",
      "media": null,
      "price": 875,
      "menuName": "Cakes",
      "categoryName": "Birthday Cakes [1 kg]",
      "slugs": [
        "veg",
        "services",
        "sf-no-onion",
        "sf-no-garlic",
        "sf-kid-friendly",
        "special-fleet",
        "delivery-enabled",
        "delivery-enabled",
        "veg",
        "services",
        "sf-no-onion",
        "sf-no-garlic",
        "sf-kid-friendly",
        "special-fleet",
        "veg"
      ]
    },
    {
      "name": "Swiss Choco Chips Cake [1 kg]",
      "description": "",
      "media": null,
      "price": 875,
      "menuName": "Cakes",
      "categoryName": "Birthday Cakes [1 kg]",
      "slugs": [
        "veg",
        "services",
        "sf-no-onion",
        "sf-no-garlic",
        "sf-kid-friendly",
        "special-fleet",
        "delivery-enabled",
        "delivery-enabled",
        "veg",
        "services",
        "sf-no-onion",
        "sf-no-garlic",
        "sf-kid-friendly",
        "special-fleet",
        "veg"
      ]
    },
    {
      "name": "Choco Gooey Cake [1 kg]",
      "description": "",
      "media": null,
      "price": 875,
      "menuName": "Cakes",
      "categoryName": "Birthday Cakes [1 kg]",
      "slugs": [
        "veg",
        "services",
        "sf-no-onion",
        "sf-no-garlic",
        "sf-kid-friendly",
        "special-fleet",
        "delivery-enabled",
        "delivery-enabled",
        "veg",
        "services",
        "sf-no-onion",
        "sf-no-garlic",
        "sf-kid-friendly",
        "special-fleet",
        "veg"
      ]
    },
    {
      "name": "Choco Chips Cake [1 kg]",
      "description": "",
      "media": null,
      "price": 815,
      "menuName": "Cakes",
      "categoryName": "Birthday Cakes [1 kg]",
      "slugs": [
        "veg",
        "services",
        "sf-no-onion",
        "sf-no-garlic",
        "sf-kid-friendly",
        "special-fleet",
        "delivery-enabled",
        "delivery-enabled",
        "veg",
        "services",
        "sf-no-onion",
        "sf-no-garlic",
        "sf-kid-friendly",
        "special-fleet",
        "veg"
      ]
    },
    {
      "name": "Choco Flakes Cake [1 kg]",
      "description": "",
      "media": null,
      "price": 815,
      "menuName": "Cakes",
      "categoryName": "Birthday Cakes [1 kg]",
      "slugs": [
        "veg",
        "services",
        "sf-no-onion",
        "sf-no-garlic",
        "sf-kid-friendly",
        "special-fleet",
        "delivery-enabled",
        "delivery-enabled",
        "veg",
        "services",
        "sf-no-onion",
        "sf-no-garlic",
        "sf-kid-friendly",
        "special-fleet",
        "veg"
      ]
    },
    {
      "name": "Butterscotch Cake [1 kg]",
      "description": "",
      "media": null,
      "price": 815,
      "menuName": "Cakes",
      "categoryName": "Birthday Cakes [1 kg]",
      "slugs": [
        "veg",
        "services",
        "sf-no-onion",
        "sf-no-garlic",
        "sf-kid-friendly",
        "special-fleet",
        "delivery-enabled",
        "delivery-enabled",
        "veg",
        "services",
        "sf-no-onion",
        "sf-no-garlic",
        "sf-kid-friendly",
        "special-fleet",
        "veg"
      ]
    },
    {
      "name": "Choco Passion Cake [1 kg]",
      "description": "",
      "media": null,
      "price": 815,
      "menuName": "Cakes",
      "categoryName": "Birthday Cakes [1 kg]",
      "slugs": [
        "veg",
        "services",
        "sf-no-onion",
        "sf-no-garlic",
        "sf-kid-friendly",
        "special-fleet",
        "delivery-enabled",
        "delivery-enabled",
        "veg",
        "services",
        "sf-no-onion",
        "sf-no-garlic",
        "sf-kid-friendly",
        "special-fleet",
        "veg"
      ]
    },
    {
      "name": "Choco Fantasy Cake [1 kg]",
      "description": "",
      "media": null,
      "price": 815,
      "menuName": "Cakes",
      "categoryName": "Birthday Cakes [1 kg]",
      "slugs": [
        "veg",
        "non-promo",
        "packaged",
        "non-refundable",
        "services",
        "sf-no-onion",
        "sf-no-garlic",
        "sf-kid-friendly",
        "special-fleet",
        "delivery-enabled",
        "delivery-enabled",
        "veg",
        "non-promo",
        "packaged",
        "non-refundable",
        "services",
        "sf-no-onion",
        "sf-no-garlic",
        "sf-kid-friendly",
        "special-fleet",
        "veg"
      ]
    },
    {
      "name": "Brazilian Surprise Cake [1 kg]",
      "description": "",
      "media": null,
      "price": 815,
      "menuName": "Cakes",
      "categoryName": "Birthday Cakes [1 kg]",
      "slugs": [
        "veg",
        "services",
        "sf-no-onion",
        "sf-no-garlic",
        "sf-kid-friendly",
        "special-fleet",
        "sf-cake",
        "delivery-enabled",
        "delivery-enabled",
        "veg",
        "services",
        "sf-no-onion",
        "sf-no-garlic",
        "sf-kid-friendly",
        "special-fleet",
        "sf-cake",
        "veg"
      ]
    },
    {
      "name": "Choco Opera Cake [1 kg]",
      "description": "",
      "media": null,
      "price": 815,
      "menuName": "Cakes",
      "categoryName": "Birthday Cakes [1 kg]",
      "slugs": [
        "veg",
        "services",
        "sf-no-onion",
        "sf-no-garlic",
        "sf-kid-friendly",
        "special-fleet",
        "delivery-enabled",
        "delivery-enabled",
        "veg",
        "services",
        "sf-no-onion",
        "sf-no-garlic",
        "sf-kid-friendly",
        "special-fleet",
        "veg"
      ]
    },
    {
      "name": "Choco Forest Cake [1 kg]",
      "description": "",
      "media": null,
      "price": 815,
      "menuName": "Cakes",
      "categoryName": "Birthday Cakes [1 kg]",
      "slugs": [
        "veg",
        "services",
        "sf-no-onion",
        "sf-no-garlic",
        "sf-kid-friendly",
        "special-fleet",
        "delivery-enabled",
        "delivery-enabled",
        "veg",
        "services",
        "sf-no-onion",
        "sf-no-garlic",
        "sf-kid-friendly",
        "special-fleet",
        "veg"
      ]
    },
    {
      "name": "Coffee Delight Cake [1 kg]",
      "description": "",
      "media": null,
      "price": 815,
      "menuName": "Cakes",
      "categoryName": "Birthday Cakes [1 kg]",
      "slugs": [
        "veg",
        "services",
        "sf-no-onion",
        "sf-no-garlic",
        "sf-kid-friendly",
        "special-fleet",
        "delivery-enabled",
        "delivery-enabled",
        "veg",
        "services",
        "sf-no-onion",
        "sf-no-garlic",
        "sf-kid-friendly",
        "special-fleet",
        "veg"
      ]
    },
    {
      "name": "Blackcurrant Cake [1 kg]",
      "description": "",
      "media": null,
      "price": 815,
      "menuName": "Cakes",
      "categoryName": "Birthday Cakes [1 kg]",
      "slugs": [
        "veg",
        "services",
        "sf-no-onion",
        "sf-no-garlic",
        "sf-kid-friendly",
        "special-fleet",
        "sf-cake",
        "delivery-enabled",
        "delivery-enabled",
        "veg",
        "services",
        "sf-no-onion",
        "sf-no-garlic",
        "sf-kid-friendly",
        "special-fleet",
        "sf-cake",
        "veg"
      ]
    },
    {
      "name": "Zebra Forest Cake [1 kg]",
      "description": "",
      "media": null,
      "price": 815,
      "menuName": "Cakes",
      "categoryName": "Birthday Cakes [1 kg]",
      "slugs": [
        "veg",
        "services",
        "sf-no-onion",
        "sf-no-garlic",
        "sf-kid-friendly",
        "special-fleet",
        "sf-cake",
        "delivery-enabled",
        "delivery-enabled",
        "veg",
        "services",
        "sf-no-onion",
        "sf-no-garlic",
        "sf-kid-friendly",
        "special-fleet",
        "sf-cake",
        "veg"
      ]
    },
    {
      "name": "Tiramisu Cake [500 grams]",
      "description": "",
      "media": null,
      "price": 475,
      "menuName": "Cakes",
      "categoryName": "Premium Cakes [500 grams]",
      "slugs": [
        "veg",
        "services",
        "sf-no-onion",
        "sf-no-garlic",
        "sf-kid-friendly",
        "special-fleet",
        "delivery-enabled",
        "delivery-enabled",
        "veg",
        "services",
        "sf-no-onion",
        "sf-no-garlic",
        "sf-kid-friendly",
        "special-fleet",
        "veg"
      ]
    },
    {
      "name": "Choco Basket Cake [500 grams]",
      "description": "",
      "media": null,
      "price": 475,
      "menuName": "Cakes",
      "categoryName": "Premium Cakes [500 grams]",
      "slugs": [
        "veg",
        "services",
        "sf-no-onion",
        "sf-no-garlic",
        "sf-kid-friendly",
        "special-fleet",
        "delivery-enabled",
        "delivery-enabled",
        "veg",
        "services",
        "sf-no-onion",
        "sf-no-garlic",
        "sf-kid-friendly",
        "special-fleet",
        "veg"
      ]
    },
    {
      "name": "Choco Chiffon Cake [500 grams]",
      "description": "",
      "media": null,
      "price": 435,
      "menuName": "Cakes",
      "categoryName": "Premium Cakes [500 grams]",
      "slugs": [
        "veg",
        "services",
        "sf-no-onion",
        "sf-no-garlic",
        "sf-kid-friendly",
        "special-fleet",
        "delivery-enabled",
        "delivery-enabled",
        "veg",
        "services",
        "sf-no-onion",
        "sf-no-garlic",
        "sf-kid-friendly",
        "special-fleet",
        "veg"
      ]
    },
    {
      "name": "Caramel Glasso Cake [500 grams]",
      "description": "",
      "media": null,
      "price": 435,
      "menuName": "Cakes",
      "categoryName": "Premium Cakes [500 grams]",
      "slugs": [
        "veg",
        "services",
        "sf-no-onion",
        "sf-no-garlic",
        "sf-kid-friendly",
        "special-fleet",
        "delivery-enabled",
        "delivery-enabled",
        "veg",
        "services",
        "sf-no-onion",
        "sf-no-garlic",
        "sf-kid-friendly",
        "special-fleet",
        "veg"
      ]
    },
    {
      "name": "Choco Ferrero Rocher Cake [500 grams]",
      "description": "",
      "media": null,
      "price": 500,
      "menuName": "Cakes",
      "categoryName": "Premium Cakes [500 grams]",
      "slugs": [
        "veg",
        "services",
        "sf-no-onion",
        "sf-no-garlic",
        "sf-kid-friendly",
        "special-fleet",
        "delivery-enabled",
        "delivery-enabled",
        "veg",
        "services",
        "sf-no-onion",
        "sf-no-garlic",
        "sf-kid-friendly",
        "special-fleet",
        "veg"
      ]
    },
    {
      "name": "Brownie Hazelnut Cake [500 grams]",
      "description": "",
      "media": null,
      "price": 475,
      "menuName": "Cakes",
      "categoryName": "Premium Cakes [500 grams]",
      "slugs": [
        "veg",
        "services",
        "sf-no-onion",
        "sf-no-garlic",
        "sf-kid-friendly",
        "delivery-enabled",
        "delivery-enabled",
        "veg",
        "services",
        "sf-no-onion",
        "sf-no-garlic",
        "sf-kid-friendly",
        "veg"
      ]
    },
    {
      "name": "Choco Oreo Cake [500 grams]",
      "description": "",
      "media": null,
      "price": 435,
      "menuName": "Cakes",
      "categoryName": "Premium Cakes [500 grams]",
      "slugs": [
        "veg",
        "services",
        "sf-no-onion",
        "sf-no-garlic",
        "sf-kid-friendly",
        "special-fleet",
        "delivery-enabled",
        "delivery-enabled",
        "veg",
        "services",
        "sf-no-onion",
        "sf-no-garlic",
        "sf-kid-friendly",
        "special-fleet",
        "veg"
      ]
    },
    {
      "name": "Choco Ecstasy Cake [500 grams]",
      "description": "",
      "media": null,
      "price": 500,
      "menuName": "Cakes",
      "categoryName": "Premium Cakes [500 grams]",
      "slugs": [
        "veg",
        "services",
        "sf-no-onion",
        "sf-no-garlic",
        "sf-kid-friendly",
        "special-fleet",
        "delivery-enabled",
        "delivery-enabled",
        "veg",
        "services",
        "sf-no-onion",
        "sf-no-garlic",
        "sf-kid-friendly",
        "special-fleet",
        "veg"
      ]
    },
    {
      "name": "Choco Celebration Cake [500 grams]",
      "description": "",
      "media": null,
      "price": 500,
      "menuName": "Cakes",
      "categoryName": "Premium Cakes [500 grams]",
      "slugs": [
        "veg",
        "services",
        "sf-no-onion",
        "sf-no-garlic",
        "sf-kid-friendly",
        "special-fleet",
        "delivery-enabled",
        "delivery-enabled",
        "veg",
        "services",
        "sf-no-onion",
        "sf-no-garlic",
        "sf-kid-friendly",
        "special-fleet",
        "veg"
      ]
    },
    {
      "name": "Red Velvet Cake [500 grams]",
      "description": "",
      "media": null,
      "price": 500,
      "menuName": "Cakes",
      "categoryName": "Premium Cakes [500 grams]",
      "slugs": [
        "veg",
        "services",
        "sf-no-onion",
        "sf-no-garlic",
        "sf-kid-friendly",
        "special-fleet",
        "delivery-enabled",
        "delivery-enabled",
        "veg",
        "services",
        "sf-no-onion",
        "sf-no-garlic",
        "sf-kid-friendly",
        "special-fleet",
        "veg"
      ]
    },
    {
      "name": "Rainbow Cake [500 grams]",
      "description": "",
      "media": null,
      "price": 625,
      "menuName": "Cakes",
      "categoryName": "Premium Cakes [500 grams]",
      "slugs": [
        "veg",
        "services",
        "sf-no-onion",
        "sf-no-garlic",
        "sf-kid-friendly",
        "special-fleet",
        "delivery-enabled",
        "delivery-enabled",
        "veg",
        "services",
        "sf-no-onion",
        "sf-no-garlic",
        "sf-kid-friendly",
        "special-fleet",
        "veg"
      ]
    },
    {
      "name": "Choco Premium Cake [500 grams]",
      "description": "",
      "media": null,
      "price": 625,
      "menuName": "Cakes",
      "categoryName": "Premium Cakes [500 grams]",
      "slugs": [
        "veg",
        "services",
        "sf-no-onion",
        "sf-no-garlic",
        "sf-kid-friendly",
        "special-fleet",
        "delivery-enabled",
        "delivery-enabled",
        "veg",
        "services",
        "sf-no-onion",
        "sf-no-garlic",
        "sf-kid-friendly",
        "special-fleet",
        "veg"
      ]
    },
    {
      "name": "Belgium Chocolate Cake [500 grams]",
      "description": "",
      "media": null,
      "price": 435,
      "menuName": "Cakes",
      "categoryName": "Premium Cakes [500 grams]",
      "slugs": [
        "veg",
        "services",
        "sf-no-onion",
        "sf-no-garlic",
        "sf-kid-friendly",
        "special-fleet",
        "delivery-enabled",
        "delivery-enabled",
        "veg",
        "services",
        "sf-no-onion",
        "sf-no-garlic",
        "sf-kid-friendly",
        "special-fleet",
        "veg"
      ]
    },
    {
      "name": "Death by Chocolate Cake [500 grams]",
      "description": "",
      "media": null,
      "price": 500,
      "menuName": "Cakes",
      "categoryName": "Premium Cakes [500 grams]",
      "slugs": [
        "veg",
        "services",
        "sf-no-onion",
        "sf-no-garlic",
        "sf-kid-friendly",
        "special-fleet",
        "delivery-enabled",
        "delivery-enabled",
        "veg",
        "services",
        "sf-no-onion",
        "sf-no-garlic",
        "sf-kid-friendly",
        "special-fleet",
        "veg"
      ]
    },
    {
      "name": "Twin Chocolate Cake [500 grams]",
      "description": "",
      "media": null,
      "price": 475,
      "menuName": "Cakes",
      "categoryName": "Premium Cakes [500 grams]",
      "slugs": [
        "veg",
        "services",
        "sf-no-onion",
        "sf-no-garlic",
        "sf-kid-friendly",
        "special-fleet",
        "delivery-enabled",
        "delivery-enabled",
        "veg",
        "services",
        "sf-no-onion",
        "sf-no-garlic",
        "sf-kid-friendly",
        "special-fleet",
        "veg"
      ]
    },
    {
      "name": "Chocolate Crackle Cake [500 grams]",
      "description": "",
      "media": null,
      "price": 435,
      "menuName": "Cakes",
      "categoryName": "Premium Cakes [500 grams]",
      "slugs": [
        "veg",
        "services",
        "sf-no-onion",
        "sf-no-garlic",
        "sf-kid-friendly",
        "special-fleet",
        "delivery-enabled",
        "delivery-enabled",
        "veg",
        "services",
        "sf-no-onion",
        "sf-no-garlic",
        "sf-kid-friendly",
        "special-fleet",
        "veg"
      ]
    },
    {
      "name": "Chocolate Surprise Cake [500 grams]",
      "description": "",
      "media": null,
      "price": 435,
      "menuName": "Cakes",
      "categoryName": "Premium Cakes [500 grams]",
      "slugs": [
        "veg",
        "services",
        "sf-no-onion",
        "sf-no-garlic",
        "sf-kid-friendly",
        "special-fleet",
        "delivery-enabled",
        "delivery-enabled",
        "veg",
        "services",
        "sf-no-onion",
        "sf-no-garlic",
        "sf-kid-friendly",
        "special-fleet",
        "veg"
      ]
    },
    {
      "name": "Silky Hazelnut Cake [500 grams]",
      "description": "",
      "media": null,
      "price": 435,
      "menuName": "Cakes",
      "categoryName": "Premium Cakes [500 grams]",
      "slugs": [
        "veg",
        "services",
        "sf-no-onion",
        "sf-no-garlic",
        "sf-kid-friendly",
        "special-fleet",
        "delivery-enabled",
        "delivery-enabled",
        "veg",
        "services",
        "sf-no-onion",
        "sf-no-garlic",
        "sf-kid-friendly",
        "special-fleet",
        "veg"
      ]
    },
    {
      "name": "Chocoholic Cake [500 grams]",
      "description": "",
      "media": null,
      "price": 435,
      "menuName": "Cakes",
      "categoryName": "Premium Cakes [500 grams]",
      "slugs": [
        "veg",
        "services",
        "sf-no-onion",
        "sf-no-garlic",
        "sf-kid-friendly",
        "special-fleet",
        "delivery-enabled",
        "delivery-enabled",
        "veg",
        "services",
        "sf-no-onion",
        "sf-no-garlic",
        "sf-kid-friendly",
        "special-fleet",
        "veg"
      ]
    },
    {
      "name": "Choco Brownie Cake [500 grams]",
      "description": "",
      "media": null,
      "price": 435,
      "menuName": "Cakes",
      "categoryName": "Premium Cakes [500 grams]",
      "slugs": [
        "veg",
        "services",
        "sf-no-onion",
        "sf-no-garlic",
        "sf-kid-friendly",
        "delivery-enabled",
        "delivery-enabled",
        "veg",
        "services",
        "sf-no-onion",
        "sf-no-garlic",
        "sf-kid-friendly",
        "veg"
      ]
    },
    {
      "name": "Gooey Brownie Cake [500 grams]",
      "description": "",
      "media": null,
      "price": 500,
      "menuName": "Cakes",
      "categoryName": "Premium Cakes [500 grams]",
      "slugs": [
        "veg",
        "services",
        "sf-no-onion",
        "sf-no-garlic",
        "sf-kid-friendly",
        "delivery-enabled",
        "delivery-enabled",
        "veg",
        "services",
        "sf-no-onion",
        "sf-no-garlic",
        "sf-kid-friendly",
        "veg"
      ]
    },
    {
      "name": "Zebra Torte Cake [500 grams]",
      "description": "",
      "media": null,
      "price": 435,
      "menuName": "Cakes",
      "categoryName": "Premium Cakes [500 grams]",
      "slugs": [
        "veg",
        "services",
        "sf-no-onion",
        "sf-no-garlic",
        "sf-kid-friendly",
        "special-fleet",
        "delivery-enabled",
        "delivery-enabled",
        "veg",
        "services",
        "sf-no-onion",
        "sf-no-garlic",
        "sf-kid-friendly",
        "special-fleet",
        "veg"
      ]
    },
    {
      "name": "Brownie Madness Cake [500 grams]",
      "description": "",
      "media": null,
      "price": 435,
      "menuName": "Cakes",
      "categoryName": "Premium Cakes [500 grams]",
      "slugs": [
        "veg",
        "services",
        "sf-no-onion",
        "sf-no-garlic",
        "sf-kid-friendly",
        "delivery-enabled",
        "delivery-enabled",
        "veg",
        "services",
        "sf-no-onion",
        "sf-no-garlic",
        "sf-kid-friendly",
        "veg"
      ]
    },
    {
      "name": "Italian Cappuccino Cake [500 grams]",
      "description": "",
      "media": null,
      "price": 435,
      "menuName": "Cakes",
      "categoryName": "Premium Cakes [500 grams]",
      "slugs": [
        "veg",
        "services",
        "sf-no-onion",
        "sf-no-garlic",
        "sf-kid-friendly",
        "special-fleet",
        "delivery-enabled",
        "delivery-enabled",
        "veg",
        "services",
        "sf-no-onion",
        "sf-no-garlic",
        "sf-kid-friendly",
        "special-fleet",
        "veg"
      ]
    },
    {
      "name": "Black and White Cake [500 grams]",
      "description": "",
      "media": null,
      "price": 435,
      "menuName": "Cakes",
      "categoryName": "Premium Cakes [500 grams]",
      "slugs": [
        "veg",
        "services",
        "sf-no-onion",
        "sf-no-garlic",
        "sf-kid-friendly",
        "special-fleet",
        "delivery-enabled",
        "delivery-enabled",
        "veg",
        "services",
        "sf-no-onion",
        "sf-no-garlic",
        "sf-kid-friendly",
        "special-fleet",
        "veg"
      ]
    },
    {
      "name": "Rich Chocolate Cake [500 grams]",
      "description": "",
      "media": null,
      "price": 435,
      "menuName": "Cakes",
      "categoryName": "Premium Cakes [500 grams]",
      "slugs": [
        "veg",
        "services",
        "sf-no-onion",
        "sf-no-garlic",
        "sf-kid-friendly",
        "special-fleet",
        "delivery-enabled",
        "delivery-enabled",
        "veg",
        "services",
        "sf-no-onion",
        "sf-no-garlic",
        "sf-kid-friendly",
        "special-fleet",
        "veg"
      ]
    },
    {
      "name": "Coffee Cassata Cake [500 grams]",
      "description": "",
      "media": null,
      "price": 435,
      "menuName": "Cakes",
      "categoryName": "Premium Cakes [500 grams]",
      "slugs": [
        "veg",
        "services",
        "sf-no-onion",
        "sf-no-garlic",
        "sf-kid-friendly",
        "special-fleet",
        "delivery-enabled",
        "delivery-enabled",
        "veg",
        "services",
        "sf-no-onion",
        "sf-no-garlic",
        "sf-kid-friendly",
        "special-fleet",
        "veg"
      ]
    },
    {
      "name": "Choco Mocha Cake [500 grams]",
      "description": "",
      "media": null,
      "price": 475,
      "menuName": "Cakes",
      "categoryName": "Premium Cakes [500 grams]",
      "slugs": [
        "veg",
        "services",
        "sf-no-onion",
        "sf-no-garlic",
        "sf-kid-friendly",
        "special-fleet",
        "delivery-enabled",
        "delivery-enabled",
        "veg",
        "services",
        "sf-no-onion",
        "sf-no-garlic",
        "sf-kid-friendly",
        "special-fleet",
        "veg"
      ]
    },
    {
      "name": "Hazelnut Temptation Cake [500 grams]",
      "description": "",
      "media": null,
      "price": 435,
      "menuName": "Cakes",
      "categoryName": "Premium Cakes [500 grams]",
      "slugs": [
        "veg",
        "services",
        "sf-no-onion",
        "sf-no-garlic",
        "sf-kid-friendly",
        "special-fleet",
        "delivery-enabled",
        "delivery-enabled",
        "veg",
        "services",
        "sf-no-onion",
        "sf-no-garlic",
        "sf-kid-friendly",
        "special-fleet",
        "veg"
      ]
    },
    {
      "name": "Tiramisu Cake [1 kg]",
      "description": "",
      "media": null,
      "price": 875,
      "menuName": "Cakes",
      "categoryName": "Premium Cakes [1 kg]",
      "slugs": [
        "veg",
        "services",
        "sf-no-onion",
        "sf-no-garlic",
        "sf-kid-friendly",
        "special-fleet",
        "delivery-enabled",
        "delivery-enabled",
        "veg",
        "services",
        "sf-no-onion",
        "sf-no-garlic",
        "sf-kid-friendly",
        "special-fleet",
        "veg"
      ]
    },
    {
      "name": "Choco Basket Cake [1 kg]",
      "description": "",
      "media": null,
      "price": 875,
      "menuName": "Cakes",
      "categoryName": "Premium Cakes [1 kg]",
      "slugs": [
        "veg",
        "services",
        "sf-no-onion",
        "sf-no-garlic",
        "sf-kid-friendly",
        "special-fleet",
        "delivery-enabled",
        "delivery-enabled",
        "veg",
        "services",
        "sf-no-onion",
        "sf-no-garlic",
        "sf-kid-friendly",
        "special-fleet",
        "veg"
      ]
    },
    {
      "name": "Choco Chiffon Cake [1 kg]",
      "description": "",
      "media": null,
      "price": 875,
      "menuName": "Cakes",
      "categoryName": "Premium Cakes [1 kg]",
      "slugs": [
        "veg",
        "services",
        "sf-no-onion",
        "sf-no-garlic",
        "sf-kid-friendly",
        "special-fleet",
        "delivery-enabled",
        "delivery-enabled",
        "veg",
        "services",
        "sf-no-onion",
        "sf-no-garlic",
        "sf-kid-friendly",
        "special-fleet",
        "veg"
      ]
    },
    {
      "name": "Caramel Glasso Cake [1 kg]",
      "description": "",
      "media": null,
      "price": 875,
      "menuName": "Cakes",
      "categoryName": "Premium Cakes [1 kg]",
      "slugs": [
        "veg",
        "services",
        "sf-no-onion",
        "sf-no-garlic",
        "sf-kid-friendly",
        "special-fleet",
        "delivery-enabled",
        "delivery-enabled",
        "veg",
        "services",
        "sf-no-onion",
        "sf-no-garlic",
        "sf-kid-friendly",
        "special-fleet",
        "veg"
      ]
    },
    {
      "name": "Choco Ferrero Rocher Cake [1 kg]",
      "description": "",
      "media": null,
      "price": 980,
      "menuName": "Cakes",
      "categoryName": "Premium Cakes [1 kg]",
      "slugs": [
        "veg",
        "services",
        "sf-no-onion",
        "sf-no-garlic",
        "sf-kid-friendly",
        "special-fleet",
        "delivery-enabled",
        "delivery-enabled",
        "veg",
        "services",
        "sf-no-onion",
        "sf-no-garlic",
        "sf-kid-friendly",
        "special-fleet",
        "veg"
      ]
    },
    {
      "name": "Brownie Hazelnut Cake [1 kg]",
      "description": "",
      "media": null,
      "price": 875,
      "menuName": "Cakes",
      "categoryName": "Premium Cakes [1 kg]",
      "slugs": [
        "veg",
        "services",
        "sf-no-onion",
        "sf-no-garlic",
        "sf-kid-friendly",
        "delivery-enabled",
        "delivery-enabled",
        "veg",
        "services",
        "sf-no-onion",
        "sf-no-garlic",
        "sf-kid-friendly",
        "veg"
      ]
    },
    {
      "name": "Choco Oreo Cake [1 kg]",
      "description": "",
      "media": null,
      "price": 875,
      "menuName": "Cakes",
      "categoryName": "Premium Cakes [1 kg]",
      "slugs": [
        "veg",
        "services",
        "sf-no-onion",
        "sf-no-garlic",
        "sf-kid-friendly",
        "special-fleet",
        "delivery-enabled",
        "delivery-enabled",
        "veg",
        "services",
        "sf-no-onion",
        "sf-no-garlic",
        "sf-kid-friendly",
        "special-fleet",
        "veg"
      ]
    },
    {
      "name": "Choco Ecstasy Cake [1 kg]",
      "description": "",
      "media": null,
      "price": 980,
      "menuName": "Cakes",
      "categoryName": "Premium Cakes [1 kg]",
      "slugs": [
        "veg",
        "services",
        "sf-no-onion",
        "sf-no-garlic",
        "sf-kid-friendly",
        "special-fleet",
        "delivery-enabled",
        "delivery-enabled",
        "veg",
        "services",
        "sf-no-onion",
        "sf-no-garlic",
        "sf-kid-friendly",
        "special-fleet",
        "veg"
      ]
    },
    {
      "name": "Choco Celebration Cake [1 kg]",
      "description": "",
      "media": null,
      "price": 980,
      "menuName": "Cakes",
      "categoryName": "Premium Cakes [1 kg]",
      "slugs": [
        "veg",
        "services",
        "sf-no-onion",
        "sf-no-garlic",
        "sf-kid-friendly",
        "special-fleet",
        "delivery-enabled",
        "delivery-enabled",
        "veg",
        "services",
        "sf-no-onion",
        "sf-no-garlic",
        "sf-kid-friendly",
        "special-fleet",
        "veg"
      ]
    },
    {
      "name": "Choco Premium",
      "description": "",
      "media": null,
      "price": 1150,
      "menuName": "Cakes",
      "categoryName": "Premium Cakes [1 kg]",
      "slugs": [
        "veg",
        "services",
        "sf-no-onion",
        "sf-no-garlic",
        "sf-kid-friendly",
        "delivery-enabled",
        "delivery-enabled",
        "veg",
        "services",
        "sf-no-onion",
        "sf-no-garlic",
        "sf-kid-friendly",
        "veg"
      ]
    },
    {
      "name": "Belgium Chocolate Cake [1 kg]",
      "description": "",
      "media": null,
      "price": 875,
      "menuName": "Cakes",
      "categoryName": "Premium Cakes [1 kg]",
      "slugs": [
        "veg",
        "services",
        "sf-no-onion",
        "sf-no-garlic",
        "sf-kid-friendly",
        "special-fleet",
        "delivery-enabled",
        "delivery-enabled",
        "veg",
        "services",
        "sf-no-onion",
        "sf-no-garlic",
        "sf-kid-friendly",
        "special-fleet",
        "veg"
      ]
    },
    {
      "name": "Death by Chocolate Cake [1 kg]",
      "description": "",
      "media": null,
      "price": 980,
      "menuName": "Cakes",
      "categoryName": "Premium Cakes [1 kg]",
      "slugs": [
        "veg",
        "services",
        "sf-no-onion",
        "sf-no-garlic",
        "sf-kid-friendly",
        "special-fleet",
        "delivery-enabled",
        "delivery-enabled",
        "veg",
        "services",
        "sf-no-onion",
        "sf-no-garlic",
        "sf-kid-friendly",
        "special-fleet",
        "veg"
      ]
    },
    {
      "name": "Twin Chocolate Cake [1 kg]",
      "description": "",
      "media": null,
      "price": 875,
      "menuName": "Cakes",
      "categoryName": "Premium Cakes [1 kg]",
      "slugs": [
        "veg",
        "services",
        "sf-no-onion",
        "sf-no-garlic",
        "sf-kid-friendly",
        "special-fleet",
        "delivery-enabled",
        "delivery-enabled",
        "veg",
        "services",
        "sf-no-onion",
        "sf-no-garlic",
        "sf-kid-friendly",
        "special-fleet",
        "veg"
      ]
    },
    {
      "name": "Chocolate Surprise Cake [1 kg]",
      "description": "",
      "media": null,
      "price": 875,
      "menuName": "Cakes",
      "categoryName": "Premium Cakes [1 kg]",
      "slugs": [
        "veg",
        "services",
        "sf-no-onion",
        "sf-no-garlic",
        "sf-kid-friendly",
        "special-fleet",
        "delivery-enabled",
        "delivery-enabled",
        "veg",
        "services",
        "sf-no-onion",
        "sf-no-garlic",
        "sf-kid-friendly",
        "special-fleet",
        "veg"
      ]
    },
    {
      "name": "Chocolate Crackle Cake [1 kg]",
      "description": "",
      "media": null,
      "price": 875,
      "menuName": "Cakes",
      "categoryName": "Premium Cakes [1 kg]",
      "slugs": [
        "veg",
        "services",
        "sf-no-onion",
        "sf-no-garlic",
        "sf-kid-friendly",
        "special-fleet",
        "delivery-enabled",
        "delivery-enabled",
        "veg",
        "services",
        "sf-no-onion",
        "sf-no-garlic",
        "sf-kid-friendly",
        "special-fleet",
        "veg"
      ]
    },
    {
      "name": "Silky Hazelnut Cake [1 kg]",
      "description": "",
      "media": null,
      "price": 875,
      "menuName": "Cakes",
      "categoryName": "Premium Cakes [1 kg]",
      "slugs": [
        "veg",
        "services",
        "sf-no-onion",
        "sf-no-garlic",
        "sf-kid-friendly",
        "special-fleet",
        "delivery-enabled",
        "delivery-enabled",
        "veg",
        "services",
        "sf-no-onion",
        "sf-no-garlic",
        "sf-kid-friendly",
        "special-fleet",
        "veg"
      ]
    },
    {
      "name": "Chocoholic Cake [1 kg]",
      "description": "",
      "media": null,
      "price": 815,
      "menuName": "Cakes",
      "categoryName": "Premium Cakes [1 kg]",
      "slugs": [
        "veg",
        "services",
        "sf-no-onion",
        "sf-no-garlic",
        "sf-kid-friendly",
        "special-fleet",
        "delivery-enabled",
        "delivery-enabled",
        "veg",
        "services",
        "sf-no-onion",
        "sf-no-garlic",
        "sf-kid-friendly",
        "special-fleet",
        "veg"
      ]
    },
    {
      "name": "Choco Brownie Cake [1 kg]",
      "description": "",
      "media": null,
      "price": 875,
      "menuName": "Cakes",
      "categoryName": "Premium Cakes [1 kg]",
      "slugs": [
        "veg",
        "services",
        "sf-no-onion",
        "sf-no-garlic",
        "sf-kid-friendly",
        "delivery-enabled",
        "delivery-enabled",
        "veg",
        "services",
        "sf-no-onion",
        "sf-no-garlic",
        "sf-kid-friendly",
        "veg"
      ]
    },
    {
      "name": "Gooey Brownie Cake [1 kg]",
      "description": "",
      "media": null,
      "price": 940,
      "menuName": "Cakes",
      "categoryName": "Premium Cakes [1 kg]",
      "slugs": [
        "veg",
        "services",
        "sf-no-onion",
        "sf-no-garlic",
        "sf-kid-friendly",
        "delivery-enabled",
        "delivery-enabled",
        "veg",
        "services",
        "sf-no-onion",
        "sf-no-garlic",
        "sf-kid-friendly",
        "veg"
      ]
    },
    {
      "name": "Zebra Torte Cake [1 kg]",
      "description": "",
      "media": null,
      "price": 815,
      "menuName": "Cakes",
      "categoryName": "Premium Cakes [1 kg]",
      "slugs": [
        "veg",
        "services",
        "sf-no-onion",
        "sf-no-garlic",
        "sf-kid-friendly",
        "special-fleet",
        "delivery-enabled",
        "delivery-enabled",
        "veg",
        "services",
        "sf-no-onion",
        "sf-no-garlic",
        "sf-kid-friendly",
        "special-fleet",
        "veg"
      ]
    },
    {
      "name": "Brownie Madness Cake [1 kg]",
      "description": "",
      "media": null,
      "price": 875,
      "menuName": "Cakes",
      "categoryName": "Premium Cakes [1 kg]",
      "slugs": [
        "veg",
        "services",
        "sf-no-onion",
        "sf-no-garlic",
        "sf-kid-friendly",
        "delivery-enabled",
        "delivery-enabled",
        "veg",
        "services",
        "sf-no-onion",
        "sf-no-garlic",
        "sf-kid-friendly",
        "veg"
      ]
    },
    {
      "name": "Italian Cappuccino Cake [1 kg]",
      "description": "",
      "media": null,
      "price": 815,
      "menuName": "Cakes",
      "categoryName": "Premium Cakes [1 kg]",
      "slugs": [
        "veg",
        "services",
        "sf-no-onion",
        "sf-no-garlic",
        "sf-kid-friendly",
        "special-fleet",
        "delivery-enabled",
        "delivery-enabled",
        "veg",
        "services",
        "sf-no-onion",
        "sf-no-garlic",
        "sf-kid-friendly",
        "special-fleet",
        "veg"
      ]
    },
    {
      "name": "Black and White Cake [1 kg]",
      "description": "",
      "media": null,
      "price": 815,
      "menuName": "Cakes",
      "categoryName": "Premium Cakes [1 kg]",
      "slugs": [
        "veg",
        "services",
        "sf-no-onion",
        "sf-no-garlic",
        "sf-kid-friendly",
        "special-fleet",
        "delivery-enabled",
        "delivery-enabled",
        "veg",
        "services",
        "sf-no-onion",
        "sf-no-garlic",
        "sf-kid-friendly",
        "special-fleet",
        "veg"
      ]
    },
    {
      "name": "Rich Chocolate Cake [1 kg]",
      "description": "",
      "media": null,
      "price": 815,
      "menuName": "Cakes",
      "categoryName": "Premium Cakes [1 kg]",
      "slugs": [
        "veg",
        "services",
        "sf-no-onion",
        "sf-no-garlic",
        "sf-kid-friendly",
        "special-fleet",
        "delivery-enabled",
        "delivery-enabled",
        "veg",
        "services",
        "sf-no-onion",
        "sf-no-garlic",
        "sf-kid-friendly",
        "special-fleet",
        "veg"
      ]
    },
    {
      "name": "Coffee Cassata Cake [1 kg]",
      "description": "",
      "media": null,
      "price": 815,
      "menuName": "Cakes",
      "categoryName": "Premium Cakes [1 kg]",
      "slugs": [
        "veg",
        "services",
        "sf-no-onion",
        "sf-no-garlic",
        "sf-kid-friendly",
        "special-fleet",
        "delivery-enabled",
        "delivery-enabled",
        "veg",
        "services",
        "sf-no-onion",
        "sf-no-garlic",
        "sf-kid-friendly",
        "special-fleet",
        "veg"
      ]
    },
    {
      "name": "Choco Mocha Cake [1 kg]",
      "description": "",
      "media": null,
      "price": 875,
      "menuName": "Cakes",
      "categoryName": "Premium Cakes [1 kg]",
      "slugs": [
        "veg",
        "services",
        "sf-no-onion",
        "sf-no-garlic",
        "sf-kid-friendly",
        "special-fleet",
        "delivery-enabled",
        "delivery-enabled",
        "veg",
        "services",
        "sf-no-onion",
        "sf-no-garlic",
        "sf-kid-friendly",
        "special-fleet",
        "veg"
      ]
    },
    {
      "name": "Hazelnut Temptation Cake [1 kg]",
      "description": "",
      "media": null,
      "price": 875,
      "menuName": "Cakes",
      "categoryName": "Premium Cakes [1 kg]",
      "slugs": [
        "veg",
        "services",
        "sf-no-onion",
        "sf-no-garlic",
        "sf-kid-friendly",
        "special-fleet",
        "delivery-enabled",
        "delivery-enabled",
        "veg",
        "services",
        "sf-no-onion",
        "sf-no-garlic",
        "sf-kid-friendly",
        "special-fleet",
        "veg"
      ]
    },
    {
      "name": "Black Forest Pastry",
      "description": "",
      "media": null,
      "price": 65,
      "menuName": "Pastries",
      "categoryName": "Birthday Pastries",
      "slugs": [
        "veg",
        "services",
        "sf-no-onion",
        "sf-no-garlic",
        "sf-kid-friendly",
        "delivery-enabled",
        "delivery-enabled",
        "veg",
        "services",
        "sf-no-onion",
        "sf-no-garlic",
        "sf-kid-friendly",
        "veg"
      ]
    },
    {
      "name": "Pineapple Pastry",
      "description": "",
      "media": null,
      "price": 65,
      "menuName": "Pastries",
      "categoryName": "Birthday Pastries",
      "slugs": [
        "veg",
        "services",
        "sf-no-onion",
        "sf-no-garlic",
        "sf-kid-friendly",
        "delivery-enabled",
        "delivery-enabled",
        "veg",
        "services",
        "sf-no-onion",
        "sf-no-garlic",
        "sf-kid-friendly",
        "veg"
      ]
    },
    {
      "name": "Choco Vanilla Pastry",
      "description": "",
      "media": null,
      "price": 75,
      "menuName": "Pastries",
      "categoryName": "Birthday Pastries",
      "slugs": [
        "veg",
        "services",
        "sf-no-onion",
        "sf-no-garlic",
        "sf-kid-friendly",
        "delivery-enabled",
        "delivery-enabled",
        "veg",
        "services",
        "sf-no-onion",
        "sf-no-garlic",
        "sf-kid-friendly",
        "veg"
      ]
    },
    {
      "name": "Strawberry Glaze Pastry",
      "description": "",
      "media": null,
      "price": 75,
      "menuName": "Pastries",
      "categoryName": "Birthday Pastries",
      "slugs": [
        "veg",
        "services",
        "sf-no-onion",
        "sf-no-garlic",
        "sf-kid-friendly",
        "delivery-enabled",
        "delivery-enabled",
        "veg",
        "services",
        "sf-no-onion",
        "sf-no-garlic",
        "sf-kid-friendly",
        "veg"
      ]
    },
    {
      "name": "Choco Nut Pastry",
      "description": "",
      "media": null,
      "price": 75,
      "menuName": "Pastries",
      "categoryName": "Birthday Pastries",
      "slugs": [
        "veg",
        "services",
        "sf-no-onion",
        "sf-no-garlic",
        "sf-kid-friendly",
        "delivery-enabled",
        "delivery-enabled",
        "veg",
        "services",
        "sf-no-onion",
        "sf-no-garlic",
        "sf-kid-friendly",
        "veg"
      ]
    },
    {
      "name": "White Forest Cake Pastry",
      "description": "",
      "media": null,
      "price": 75,
      "menuName": "Pastries",
      "categoryName": "Birthday Pastries",
      "slugs": [
        "veg",
        "services",
        "sf-no-onion",
        "sf-no-garlic",
        "sf-kid-friendly",
        "delivery-enabled",
        "delivery-enabled",
        "veg",
        "services",
        "sf-no-onion",
        "sf-no-garlic",
        "sf-kid-friendly",
        "veg"
      ]
    },
    {
      "name": "Strawberry Truffle Pastry",
      "description": "",
      "media": null,
      "price": 70,
      "menuName": "Pastries",
      "categoryName": "Birthday Pastries",
      "slugs": [
        "veg",
        "services",
        "sf-no-onion",
        "sf-no-garlic",
        "sf-kid-friendly",
        "delivery-enabled",
        "delivery-enabled",
        "veg",
        "services",
        "sf-no-onion",
        "sf-no-garlic",
        "sf-kid-friendly",
        "veg"
      ]
    },
    {
      "name": "Swiss Truffle Pastry",
      "description": "",
      "media": null,
      "price": 75,
      "menuName": "Pastries",
      "categoryName": "Birthday Pastries",
      "slugs": [
        "veg",
        "services",
        "sf-no-onion",
        "sf-no-garlic",
        "sf-kid-friendly",
        "delivery-enabled",
        "delivery-enabled",
        "veg",
        "services",
        "sf-no-onion",
        "sf-no-garlic",
        "sf-kid-friendly",
        "veg"
      ]
    },
    {
      "name": "Choco Delight Pastry",
      "description": "",
      "media": null,
      "price": 75,
      "menuName": "Pastries",
      "categoryName": "Birthday Pastries",
      "slugs": [
        "veg",
        "services",
        "sf-no-onion",
        "sf-no-garlic",
        "sf-kid-friendly",
        "delivery-enabled",
        "delivery-enabled",
        "veg",
        "services",
        "sf-no-onion",
        "sf-no-garlic",
        "sf-kid-friendly",
        "veg"
      ]
    },
    {
      "name": "Kit Kat Basket Pastry",
      "description": "",
      "media": null,
      "price": 90,
      "menuName": "Pastries",
      "categoryName": "Birthday Pastries",
      "slugs": [
        "veg",
        "services",
        "sf-no-onion",
        "sf-no-garlic",
        "sf-kid-friendly",
        "delivery-enabled",
        "delivery-enabled",
        "veg",
        "services",
        "sf-no-onion",
        "sf-no-garlic",
        "sf-kid-friendly",
        "veg"
      ]
    },
    {
      "name": "Choco Crunchy Pastry",
      "description": "",
      "media": null,
      "price": 90,
      "menuName": "Pastries",
      "categoryName": "Birthday Pastries",
      "slugs": [
        "veg",
        "services",
        "sf-no-onion",
        "sf-no-garlic",
        "sf-kid-friendly",
        "delivery-enabled",
        "delivery-enabled",
        "veg",
        "services",
        "sf-no-onion",
        "sf-no-garlic",
        "sf-kid-friendly",
        "veg"
      ]
    },
    {
      "name": "Swiss Choco Chips Pastry",
      "description": "",
      "media": null,
      "price": 75,
      "menuName": "Pastries",
      "categoryName": "Birthday Pastries",
      "slugs": [
        "veg",
        "services",
        "sf-no-onion",
        "sf-no-garlic",
        "sf-kid-friendly",
        "delivery-enabled",
        "delivery-enabled",
        "veg",
        "services",
        "sf-no-onion",
        "sf-no-garlic",
        "sf-kid-friendly",
        "veg"
      ]
    },
    {
      "name": "Choco Gooey Pastry",
      "description": "",
      "media": null,
      "price": 90,
      "menuName": "Pastries",
      "categoryName": "Birthday Pastries",
      "slugs": [
        "veg",
        "services",
        "sf-no-onion",
        "sf-no-garlic",
        "sf-kid-friendly",
        "delivery-enabled",
        "delivery-enabled",
        "veg",
        "services",
        "sf-no-onion",
        "sf-no-garlic",
        "sf-kid-friendly",
        "veg"
      ]
    },
    {
      "name": "Choco Chips Pastry",
      "description": "",
      "media": null,
      "price": 75,
      "menuName": "Pastries",
      "categoryName": "Birthday Pastries",
      "slugs": [
        "veg",
        "services",
        "sf-no-onion",
        "sf-no-garlic",
        "sf-kid-friendly",
        "delivery-enabled",
        "delivery-enabled",
        "veg",
        "services",
        "sf-no-onion",
        "sf-no-garlic",
        "sf-kid-friendly",
        "veg"
      ]
    },
    {
      "name": "Choco Flakes Pastry",
      "description": "",
      "media": null,
      "price": 75,
      "menuName": "Pastries",
      "categoryName": "Birthday Pastries",
      "slugs": [
        "veg",
        "services",
        "sf-no-onion",
        "sf-no-garlic",
        "sf-kid-friendly",
        "delivery-enabled",
        "delivery-enabled",
        "veg",
        "services",
        "sf-no-onion",
        "sf-no-garlic",
        "sf-kid-friendly",
        "veg"
      ]
    },
    {
      "name": "Butterscotch Pastry",
      "description": "",
      "media": null,
      "price": 75,
      "menuName": "Pastries",
      "categoryName": "Birthday Pastries",
      "slugs": [
        "veg",
        "services",
        "sf-no-onion",
        "sf-no-garlic",
        "sf-kid-friendly",
        "delivery-enabled",
        "delivery-enabled",
        "veg",
        "services",
        "sf-no-onion",
        "sf-no-garlic",
        "sf-kid-friendly",
        "veg"
      ]
    },
    {
      "name": "Choco Passion Pastry",
      "description": "",
      "media": null,
      "price": 75,
      "menuName": "Pastries",
      "categoryName": "Birthday Pastries",
      "slugs": [
        "veg",
        "services",
        "sf-no-onion",
        "sf-no-garlic",
        "sf-kid-friendly",
        "delivery-enabled",
        "delivery-enabled",
        "veg",
        "services",
        "sf-no-onion",
        "sf-no-garlic",
        "sf-kid-friendly",
        "veg"
      ]
    },
    {
      "name": "Choco Fantasy Pastry",
      "description": "",
      "media": null,
      "price": 75,
      "menuName": "Pastries",
      "categoryName": "Birthday Pastries",
      "slugs": [
        "veg",
        "non-promo",
        "packaged",
        "non-refundable",
        "services",
        "sf-no-onion",
        "sf-no-garlic",
        "sf-kid-friendly",
        "delivery-enabled",
        "delivery-enabled",
        "veg",
        "non-promo",
        "packaged",
        "non-refundable",
        "services",
        "sf-no-onion",
        "sf-no-garlic",
        "sf-kid-friendly",
        "veg"
      ]
    },
    {
      "name": "Brazilian Surprise Pastry",
      "description": "",
      "media": null,
      "price": 75,
      "menuName": "Pastries",
      "categoryName": "Birthday Pastries",
      "slugs": [
        "veg",
        "services",
        "sf-no-onion",
        "sf-no-garlic",
        "sf-kid-friendly",
        "delivery-enabled",
        "delivery-enabled",
        "veg",
        "services",
        "sf-no-onion",
        "sf-no-garlic",
        "sf-kid-friendly",
        "veg"
      ]
    },
    {
      "name": "Choco Opera Pastry",
      "description": "",
      "media": null,
      "price": 75,
      "menuName": "Pastries",
      "categoryName": "Birthday Pastries",
      "slugs": [
        "veg",
        "services",
        "sf-no-onion",
        "sf-no-garlic",
        "sf-kid-friendly",
        "delivery-enabled",
        "delivery-enabled",
        "veg",
        "services",
        "sf-no-onion",
        "sf-no-garlic",
        "sf-kid-friendly",
        "veg"
      ]
    },
    {
      "name": "Choco Forest Pastry",
      "description": "",
      "media": null,
      "price": 75,
      "menuName": "Pastries",
      "categoryName": "Birthday Pastries",
      "slugs": [
        "veg",
        "services",
        "sf-no-onion",
        "sf-no-garlic",
        "sf-kid-friendly",
        "delivery-enabled",
        "delivery-enabled",
        "veg",
        "services",
        "sf-no-onion",
        "sf-no-garlic",
        "sf-kid-friendly",
        "veg"
      ]
    },
    {
      "name": "Coffee Delight Pastry",
      "description": "",
      "media": null,
      "price": 75,
      "menuName": "Pastries",
      "categoryName": "Birthday Pastries",
      "slugs": [
        "veg",
        "services",
        "sf-no-onion",
        "sf-no-garlic",
        "sf-kid-friendly",
        "delivery-enabled",
        "delivery-enabled",
        "veg",
        "services",
        "sf-no-onion",
        "sf-no-garlic",
        "sf-kid-friendly",
        "veg"
      ]
    },
    {
      "name": "Blackcurrant Pastry",
      "description": "",
      "media": null,
      "price": 75,
      "menuName": "Pastries",
      "categoryName": "Birthday Pastries",
      "slugs": [
        "veg",
        "services",
        "sf-no-onion",
        "sf-no-garlic",
        "sf-kid-friendly",
        "delivery-enabled",
        "delivery-enabled",
        "veg",
        "services",
        "sf-no-onion",
        "sf-no-garlic",
        "sf-kid-friendly",
        "veg"
      ]
    },
    {
      "name": "Zebra Forest Pastry",
      "description": "",
      "media": null,
      "price": 75,
      "menuName": "Pastries",
      "categoryName": "Birthday Pastries",
      "slugs": [
        "veg",
        "services",
        "sf-no-onion",
        "sf-no-garlic",
        "sf-kid-friendly",
        "delivery-enabled",
        "delivery-enabled",
        "veg",
        "services",
        "sf-no-onion",
        "sf-no-garlic",
        "sf-kid-friendly",
        "veg"
      ]
    },
    {
      "name": "Tiramisu Pastry",
      "description": "",
      "media": null,
      "price": 90,
      "menuName": "Pastries",
      "categoryName": "Premium Pastries",
      "slugs": [
        "veg",
        "services",
        "sf-no-onion",
        "sf-no-garlic",
        "sf-kid-friendly",
        "delivery-enabled",
        "delivery-enabled",
        "veg",
        "services",
        "sf-no-onion",
        "sf-no-garlic",
        "sf-kid-friendly",
        "veg"
      ]
    },
    {
      "name": "Choco Basket Pastry",
      "description": "",
      "media": null,
      "price": 90,
      "menuName": "Pastries",
      "categoryName": "Premium Pastries",
      "slugs": [
        "veg",
        "services",
        "sf-no-onion",
        "sf-no-garlic",
        "sf-kid-friendly",
        "delivery-enabled",
        "delivery-enabled",
        "veg",
        "services",
        "sf-no-onion",
        "sf-no-garlic",
        "sf-kid-friendly",
        "veg"
      ]
    },
    {
      "name": "Choco Chiffon Pastry",
      "description": "",
      "media": null,
      "price": 75,
      "menuName": "Pastries",
      "categoryName": "Premium Pastries",
      "slugs": [
        "veg",
        "services",
        "sf-no-onion",
        "sf-no-garlic",
        "sf-kid-friendly",
        "delivery-enabled",
        "delivery-enabled",
        "veg",
        "services",
        "sf-no-onion",
        "sf-no-garlic",
        "sf-kid-friendly",
        "veg"
      ]
    },
    {
      "name": "Caramel Glasso Pastry",
      "description": "",
      "media": null,
      "price": 75,
      "menuName": "Pastries",
      "categoryName": "Premium Pastries",
      "slugs": [
        "veg",
        "services",
        "sf-no-onion",
        "sf-no-garlic",
        "sf-kid-friendly",
        "delivery-enabled",
        "delivery-enabled",
        "veg",
        "services",
        "sf-no-onion",
        "sf-no-garlic",
        "sf-kid-friendly",
        "veg"
      ]
    },
    {
      "name": "Choco Ferrero Rocher Pastry",
      "description": "",
      "media": null,
      "price": 75,
      "menuName": "Pastries",
      "categoryName": "Premium Pastries",
      "slugs": [
        "veg",
        "services",
        "sf-no-onion",
        "sf-no-garlic",
        "sf-kid-friendly",
        "delivery-enabled",
        "delivery-enabled",
        "veg",
        "services",
        "sf-no-onion",
        "sf-no-garlic",
        "sf-kid-friendly",
        "veg"
      ]
    },
    {
      "name": "Brownie Hazelnut Pastry",
      "description": "",
      "media": null,
      "price": 90,
      "menuName": "Pastries",
      "categoryName": "Premium Pastries",
      "slugs": [
        "veg",
        "services",
        "sf-no-onion",
        "sf-no-garlic",
        "sf-kid-friendly",
        "delivery-enabled",
        "delivery-enabled",
        "veg",
        "services",
        "sf-no-onion",
        "sf-no-garlic",
        "sf-kid-friendly",
        "veg"
      ]
    },
    {
      "name": "Choco Oreo Pastry",
      "description": "",
      "media": null,
      "price": 75,
      "menuName": "Pastries",
      "categoryName": "Premium Pastries",
      "slugs": [
        "veg",
        "services",
        "sf-no-onion",
        "sf-no-garlic",
        "sf-kid-friendly",
        "delivery-enabled",
        "delivery-enabled",
        "veg",
        "services",
        "sf-no-onion",
        "sf-no-garlic",
        "sf-kid-friendly",
        "veg"
      ]
    },
    {
      "name": "Choco Ecstasy Pastry",
      "description": "",
      "media": null,
      "price": 90,
      "menuName": "Pastries",
      "categoryName": "Premium Pastries",
      "slugs": [
        "veg",
        "services",
        "sf-no-onion",
        "sf-no-garlic",
        "sf-kid-friendly",
        "delivery-enabled",
        "delivery-enabled",
        "veg",
        "services",
        "sf-no-onion",
        "sf-no-garlic",
        "sf-kid-friendly",
        "veg"
      ]
    },
    {
      "name": "Choco Celebration Pastry",
      "description": "",
      "media": null,
      "price": 90,
      "menuName": "Pastries",
      "categoryName": "Premium Pastries",
      "slugs": [
        "veg",
        "services",
        "sf-no-onion",
        "sf-no-garlic",
        "sf-kid-friendly",
        "delivery-enabled",
        "delivery-enabled",
        "veg",
        "services",
        "sf-no-onion",
        "sf-no-garlic",
        "sf-kid-friendly",
        "veg"
      ]
    },
    {
      "name": "Red Velvet Pastry",
      "description": "",
      "media": null,
      "price": 90,
      "menuName": "Pastries",
      "categoryName": "Premium Pastries",
      "slugs": [
        "veg",
        "services",
        "sf-no-onion",
        "sf-no-garlic",
        "sf-kid-friendly",
        "delivery-enabled",
        "delivery-enabled",
        "veg",
        "services",
        "sf-no-onion",
        "sf-no-garlic",
        "sf-kid-friendly",
        "veg"
      ]
    },
    {
      "name": "Rainbow Pastry",
      "description": "",
      "media": null,
      "price": 100,
      "menuName": "Pastries",
      "categoryName": "Premium Pastries",
      "slugs": [
        "veg",
        "services",
        "sf-no-onion",
        "sf-no-garlic",
        "sf-kid-friendly",
        "delivery-enabled",
        "delivery-enabled",
        "veg",
        "services",
        "sf-no-onion",
        "sf-no-garlic",
        "sf-kid-friendly",
        "veg"
      ]
    },
    {
      "name": "Belgium Chocolate Pastry",
      "description": "",
      "media": null,
      "price": 75,
      "menuName": "Pastries",
      "categoryName": "Premium Pastries",
      "slugs": [
        "veg",
        "services",
        "sf-no-onion",
        "sf-no-garlic",
        "sf-kid-friendly",
        "delivery-enabled",
        "delivery-enabled",
        "veg",
        "services",
        "sf-no-onion",
        "sf-no-garlic",
        "sf-kid-friendly",
        "veg"
      ]
    },
    {
      "name": "Death by Chocolate Pastry",
      "description": "",
      "media": null,
      "price": 90,
      "menuName": "Pastries",
      "categoryName": "Premium Pastries",
      "slugs": [
        "veg",
        "services",
        "sf-no-onion",
        "sf-no-garlic",
        "sf-kid-friendly",
        "delivery-enabled",
        "delivery-enabled",
        "veg",
        "services",
        "sf-no-onion",
        "sf-no-garlic",
        "sf-kid-friendly",
        "veg"
      ]
    },
    {
      "name": "Twin Chocolate Pastry",
      "description": "",
      "media": null,
      "price": 90,
      "menuName": "Pastries",
      "categoryName": "Premium Pastries",
      "slugs": [
        "veg",
        "services",
        "sf-no-onion",
        "sf-no-garlic",
        "sf-kid-friendly",
        "delivery-enabled",
        "delivery-enabled",
        "veg",
        "services",
        "sf-no-onion",
        "sf-no-garlic",
        "sf-kid-friendly",
        "veg"
      ]
    },
    {
      "name": "Chocolate Surprise Pastry",
      "description": "",
      "media": null,
      "price": 75,
      "menuName": "Pastries",
      "categoryName": "Premium Pastries",
      "slugs": [
        "veg",
        "services",
        "sf-no-onion",
        "sf-no-garlic",
        "sf-kid-friendly",
        "delivery-enabled",
        "delivery-enabled",
        "veg",
        "services",
        "sf-no-onion",
        "sf-no-garlic",
        "sf-kid-friendly",
        "veg"
      ]
    },
    {
      "name": "Chocolate Crackle Pastry",
      "description": "",
      "media": null,
      "price": 75,
      "menuName": "Pastries",
      "categoryName": "Premium Pastries",
      "slugs": [
        "veg",
        "services",
        "sf-no-onion",
        "sf-no-garlic",
        "sf-kid-friendly",
        "delivery-enabled",
        "delivery-enabled",
        "veg",
        "services",
        "sf-no-onion",
        "sf-no-garlic",
        "sf-kid-friendly",
        "veg"
      ]
    },
    {
      "name": "Silky Hazelnut Pastry",
      "description": "",
      "media": null,
      "price": 90,
      "menuName": "Pastries",
      "categoryName": "Premium Pastries",
      "slugs": [
        "veg",
        "services",
        "sf-no-onion",
        "sf-no-garlic",
        "sf-kid-friendly",
        "delivery-enabled",
        "delivery-enabled",
        "veg",
        "services",
        "sf-no-onion",
        "sf-no-garlic",
        "sf-kid-friendly",
        "veg"
      ]
    },
    {
      "name": "Chocoholic Pastry",
      "description": "",
      "media": null,
      "price": 75,
      "menuName": "Pastries",
      "categoryName": "Premium Pastries",
      "slugs": [
        "veg",
        "services",
        "sf-no-onion",
        "sf-no-garlic",
        "sf-kid-friendly",
        "delivery-enabled",
        "delivery-enabled",
        "veg",
        "services",
        "sf-no-onion",
        "sf-no-garlic",
        "sf-kid-friendly",
        "veg"
      ]
    },
    {
      "name": "Choco Brownie Pastry",
      "description": "",
      "media": null,
      "price": 75,
      "menuName": "Pastries",
      "categoryName": "Premium Pastries",
      "slugs": [
        "veg",
        "services",
        "sf-no-onion",
        "sf-no-garlic",
        "sf-kid-friendly",
        "delivery-enabled",
        "delivery-enabled",
        "veg",
        "services",
        "sf-no-onion",
        "sf-no-garlic",
        "sf-kid-friendly",
        "veg"
      ]
    },
    {
      "name": "Gooey Brownie Pastry",
      "description": "",
      "media": null,
      "price": 90,
      "menuName": "Pastries",
      "categoryName": "Premium Pastries",
      "slugs": [
        "veg",
        "services",
        "sf-no-onion",
        "sf-no-garlic",
        "sf-kid-friendly",
        "delivery-enabled",
        "delivery-enabled",
        "veg",
        "services",
        "sf-no-onion",
        "sf-no-garlic",
        "sf-kid-friendly",
        "veg"
      ]
    },
    {
      "name": "Zebra Torte Pastry",
      "description": "",
      "media": null,
      "price": 75,
      "menuName": "Pastries",
      "categoryName": "Premium Pastries",
      "slugs": [
        "veg",
        "services",
        "sf-no-onion",
        "sf-no-garlic",
        "sf-kid-friendly",
        "delivery-enabled",
        "delivery-enabled",
        "veg",
        "services",
        "sf-no-onion",
        "sf-no-garlic",
        "sf-kid-friendly",
        "veg"
      ]
    },
    {
      "name": "Brownie Madness Pastry",
      "description": "",
      "media": null,
      "price": 90,
      "menuName": "Pastries",
      "categoryName": "Premium Pastries",
      "slugs": [
        "veg",
        "services",
        "sf-no-onion",
        "sf-no-garlic",
        "sf-kid-friendly",
        "delivery-enabled",
        "delivery-enabled",
        "veg",
        "services",
        "sf-no-onion",
        "sf-no-garlic",
        "sf-kid-friendly",
        "veg"
      ]
    },
    {
      "name": "Italian Cappuccino Cake Pastry",
      "description": "",
      "media": null,
      "price": 75,
      "menuName": "Pastries",
      "categoryName": "Premium Pastries",
      "slugs": [
        "veg",
        "services",
        "sf-no-onion",
        "sf-no-garlic",
        "sf-kid-friendly",
        "delivery-enabled",
        "delivery-enabled",
        "veg",
        "services",
        "sf-no-onion",
        "sf-no-garlic",
        "sf-kid-friendly",
        "veg"
      ]
    },
    {
      "name": "Black and White Pastry",
      "description": "",
      "media": null,
      "price": 75,
      "menuName": "Pastries",
      "categoryName": "Premium Pastries",
      "slugs": [
        "veg",
        "services",
        "sf-no-onion",
        "sf-no-garlic",
        "sf-kid-friendly",
        "delivery-enabled",
        "delivery-enabled",
        "veg",
        "services",
        "sf-no-onion",
        "sf-no-garlic",
        "sf-kid-friendly",
        "veg"
      ]
    },
    {
      "name": "Rich Chocolate Pastry",
      "description": "",
      "media": null,
      "price": 75,
      "menuName": "Pastries",
      "categoryName": "Premium Pastries",
      "slugs": [
        "veg",
        "services",
        "sf-no-onion",
        "sf-no-garlic",
        "sf-kid-friendly",
        "delivery-enabled",
        "delivery-enabled",
        "veg",
        "services",
        "sf-no-onion",
        "sf-no-garlic",
        "sf-kid-friendly",
        "veg"
      ]
    },
    {
      "name": "Coffee Cassata Pastry",
      "description": "",
      "media": null,
      "price": 75,
      "menuName": "Pastries",
      "categoryName": "Premium Pastries",
      "slugs": [
        "veg",
        "services",
        "sf-no-onion",
        "sf-no-garlic",
        "sf-kid-friendly",
        "delivery-enabled",
        "delivery-enabled",
        "veg",
        "services",
        "sf-no-onion",
        "sf-no-garlic",
        "sf-kid-friendly",
        "veg"
      ]
    },
    {
      "name": "Choco Mocha Pastry",
      "description": "",
      "media": null,
      "price": 90,
      "menuName": "Pastries",
      "categoryName": "Premium Pastries",
      "slugs": [
        "veg",
        "services",
        "sf-no-onion",
        "sf-no-garlic",
        "sf-kid-friendly",
        "delivery-enabled",
        "delivery-enabled",
        "veg",
        "services",
        "sf-no-onion",
        "sf-no-garlic",
        "sf-kid-friendly",
        "veg"
      ]
    },
    {
      "name": "Hazelnut Temptation Pastry",
      "description": "",
      "media": null,
      "price": 75,
      "menuName": "Pastries",
      "categoryName": "Premium Pastries",
      "slugs": [
        "veg",
        "services",
        "sf-no-onion",
        "sf-no-garlic",
        "sf-kid-friendly",
        "delivery-enabled",
        "delivery-enabled",
        "veg",
        "services",
        "sf-no-onion",
        "sf-no-garlic",
        "sf-kid-friendly",
        "veg"
      ]
    },
    {
      "name": "Chocolate Ball",
      "description": "",
      "media": null,
      "price": 30,
      "menuName": "Desserts and Beverage",
      "categoryName": "Desserts",
      "slugs": [
        "veg",
        "reco-desserts",
        "services",
        "delivery-enabled",
        "delivery-enabled",
        "veg",
        "reco-desserts",
        "services",
        "veg"
      ]
    },
    {
      "name": "Sundae Mousse",
      "description": "",
      "media": null,
      "price": 50,
      "menuName": "Desserts and Beverage",
      "categoryName": "Desserts",
      "slugs": [
        "veg",
        "reco-desserts",
        "services",
        "delivery-enabled",
        "delivery-enabled",
        "veg",
        "reco-desserts",
        "services",
        "veg"
      ]
    },
    {
      "name": "Brownie",
      "description": "",
      "media": null,
      "price": 70,
      "menuName": "Desserts and Beverage",
      "categoryName": "Desserts",
      "slugs": [
        "veg",
        "reco-desserts",
        "services",
        "delivery-enabled",
        "delivery-enabled",
        "veg",
        "reco-desserts",
        "services",
        "veg"
      ]
    },
    {
      "name": "Choco Lava",
      "description": "",
      "media": null,
      "price": 70,
      "menuName": "Desserts and Beverage",
      "categoryName": "Desserts",
      "slugs": [
        "veg",
        "reco-desserts",
        "services",
        "delivery-enabled",
        "delivery-enabled",
        "veg",
        "reco-desserts",
        "services",
        "veg"
      ]
    },
    {
      "name": "Fruit Champaign",
      "description": "Non alcoholic.",
      "media": null,
      "price": 380,
      "menuName": "Desserts and Beverage",
      "categoryName": "Drinks (Beverages)",
      "slugs": [
        "veg",
        "reco-beverages",
        "services",
        "delivery-enabled",
        "delivery-enabled",
        "veg",
        "reco-beverages",
        "services",
        "veg"
      ]
    }
  ]
}