{
  "basicInfo": {
    "name": "Table Talk",
    "cuisine_string": "North Indian",
    "canonicalUrl": "https://www.zomato.com/surat/table-talk-1-city-light/order"
  },
  "ratings": {
    "DINING": {
      "rating_type": "DINING",
      "rating": "4.1",
      "reviewCount": "355",
      "reviewTextSmall": "355 Reviews",
      "subtext": "355 Dining Reviews",
      "color": "#1C1C1C",
      "ratingV2": "4.1",
      "subtitle": "DINING",
      "sideSubTitle": "Dining Ratings",
      "bgColorV2": {
        "type": "green",
        "tint": "700"
      },
      "newOnDining": false
    },
    "DELIVERY": {
      "rating_type": "DELIVERY",
      "rating": "4.0",
      "reviewCount": "12.2K",
      "reviewTextSmall": "12.2K Reviews",
      "subtext": "12.2K Delivery Reviews",
      "color": "#E23744",
      "ratingV2": "4.0",
      "subtitle": "DELIVERY",
      "sideSubTitle": "Delivery Ratings",
      "bgColorV2": {
        "type": "green",
        "tint": "700"
      },
      "newOnDelivery": false
    }
  },
  "establishment": {
    "city_id": 38,
    "city_name": "Surat",
    "country_id": 1,
    "country_name": "India",
    "zipcode": "",
    "is_dark_kitchen": false,
    "locality_verbose": "City Light, Surat",
    "latitude": "21.1639075439",
    "longitude": "72.7962500229",
    "static_map_url": "https://maps.zomato.com/php/staticmap?center=21.1639075439,72.7962500229&maptype=zomato&markers=21.1639075439,72.7962500229,pin_res32&sensor=false&scale=2&zoom=16&language=en&size=240x150&size=400x240",
    "address": "Shop G-51-52, Navmangalam Complex, City Light Road, City Light, Surat",
    "is_phone_available": 1,
    "phoneDetails": {
      "title": "Phone Numbers",
      "phoneStr": "+917096972520"
    },
    "res_chain_text": "",
    "res_group_text": "",
    "res_chain_url": "",
    "res_group_url": "",
    "show_res_map": true
  },
  "items": [
    {
      "name": "Paneer Chilli Dry",
      "description": "",
      "media": null,
      "price": 394.49,
      "menuName": "China ka Zaika",
      "categoryName": "China ka Zaika",
      "slugs": [
        "veg",
        "mild",
        "services",
        "sf-spicy",
        "delivery-enabled",
        "delivery-enabled",
        "veg",
        "mild",
        "services",
        "sf-spicy",
        "veg"
      ]
    },
    {
      "name": "Schezwan Paneer Chilly",
      "description": "",
      "media": "https://b.zmtcdn.com/data/dish_photos/d40/a50fe058d3933b3dfca2b26e71cd6d40.jpg",
      "price": 394.49,
      "menuName": "China ka Zaika",
      "categoryName": "China ka Zaika",
      "slugs": [
        "veg",
        "very-spicy",
        "services",
        "sf-spicy",
        "sf-extra-spicy",
        "delivery-enabled",
        "delivery-enabled",
        "veg",
        "very-spicy",
        "services",
        "sf-spicy",
        "sf-extra-spicy",
        "veg"
      ]
    },
    {
      "name": "Soya Chilly",
      "description": "",
      "media": "https://b.zmtcdn.com/data/dish_photos/76a/9030c6deb459a32a57d208a40594376a.jpg",
      "price": 0,
      "menuName": "China ka Zaika",
      "categoryName": "China ka Zaika",
      "slugs": [
        "veg",
        "medium-spicy",
        "services",
        "sf-spicy",
        "delivery-enabled",
        "delivery-enabled",
        "veg",
        "medium-spicy",
        "services",
        "sf-spicy",
        "veg"
      ]
    },
    {
      "name": "Mushroom Chilly",
      "description": "",
      "media": null,
      "price": 0,
      "menuName": "China ka Zaika",
      "categoryName": "China ka Zaika",
      "slugs": [
        "veg",
        "medium-spicy",
        "services",
        "sf-spicy",
        "delivery-enabled",
        "delivery-enabled",
        "veg",
        "medium-spicy",
        "services",
        "sf-spicy",
        "veg"
      ]
    },
    {
      "name": "Veg Fried Rice",
      "description": "",
      "media": null,
      "price": 220,
      "menuName": "China ka Zaika",
      "categoryName": "Fried Rice",
      "slugs": [
        "veg",
        "services",
        "delivery-enabled",
        "delivery-enabled",
        "veg",
        "services",
        "veg"
      ]
    },
    {
      "name": "Veg Singapore Fried Rice",
      "description": "",
      "media": "https://b.zmtcdn.com/data/dish_photos/372/66ba1e0e89627fc47641c6e353a2e372.jpg",
      "price": 220,
      "menuName": "China ka Zaika",
      "categoryName": "Fried Rice",
      "slugs": [
        "veg",
        "mild",
        "services",
        "delivery-enabled",
        "delivery-enabled",
        "veg",
        "mild",
        "services",
        "veg"
      ]
    },
    {
      "name": "Veg Schezwan Fried Rice",
      "description": "",
      "media": "https://b.zmtcdn.com/data/dish_photos/f17/d0257d68afd17e7eb3c8d4f865589f17.jpg",
      "price": 220,
      "menuName": "China ka Zaika",
      "categoryName": "Fried Rice",
      "slugs": [
        "veg",
        "very-spicy",
        "services",
        "sf-spicy",
        "sf-extra-spicy",
        "delivery-enabled",
        "delivery-enabled",
        "veg",
        "very-spicy",
        "services",
        "sf-spicy",
        "sf-extra-spicy",
        "veg"
      ]
    },
    {
      "name": "Veg Hakka Noodles",
      "description": "",
      "media": "https://b.zmtcdn.com/data/dish_photos/094/c8b7e3a7478aecbcf0fb878bda57c094.jpg",
      "price": 242,
      "menuName": "China ka Zaika",
      "categoryName": "Noodles",
      "slugs": [
        "veg",
        "restaurant-recommended",
        "very-spicy",
        "services",
        "delivery-enabled",
        "delivery-enabled",
        "veg",
        "restaurant-recommended",
        "very-spicy",
        "services",
        "veg"
      ]
    },
    {
      "name": "Veg Schezwan Noodles",
      "description": "",
      "media": "https://b.zmtcdn.com/data/dish_photos/760/54f84ed4b545e4997c491bfc2a371760.jpg",
      "price": 253,
      "menuName": "China ka Zaika",
      "categoryName": "Noodles",
      "slugs": [
        "veg",
        "very-spicy",
        "services",
        "sf-spicy",
        "sf-extra-spicy",
        "delivery-enabled",
        "delivery-enabled",
        "veg",
        "very-spicy",
        "services",
        "sf-spicy",
        "sf-extra-spicy",
        "veg"
      ]
    },
    {
      "name": "Veg Singapore Noodles",
      "description": "",
      "media": null,
      "price": 275,
      "menuName": "China ka Zaika",
      "categoryName": "Noodles",
      "slugs": [
        "veg",
        "mild",
        "services",
        "delivery-enabled",
        "delivery-enabled",
        "veg",
        "mild",
        "services",
        "veg"
      ]
    },
    {
      "name": "Roasted Papad",
      "description": "",
      "media": "https://b.zmtcdn.com/data/dish_photos/dce/62307f00265324eca91d8bd3baed9dce.jpg",
      "price": 27.71,
      "menuName": "Accompaniments",
      "categoryName": "",
      "slugs": [
        "veg",
        "restaurant-recommended",
        "services",
        "delivery-enabled",
        "delivery-enabled",
        "veg",
        "restaurant-recommended",
        "services",
        "veg"
      ]
    },
    {
      "name": "Plain Curd",
      "description": "",
      "media": null,
      "price": 138.53,
      "menuName": "Accompaniments",
      "categoryName": "",
      "slugs": [
        "veg",
        "services",
        "discounted-addon",
        "delivery-enabled",
        "delivery-enabled",
        "veg",
        "services",
        "discounted-addon",
        "veg"
      ]
    },
    {
      "name": "Boondi Raita",
      "description": "",
      "media": null,
      "price": 153.65,
      "menuName": "Accompaniments",
      "categoryName": "",
      "slugs": [
        "veg",
        "restaurant-recommended",
        "services",
        "delivery-enabled",
        "delivery-enabled",
        "veg",
        "restaurant-recommended",
        "services",
        "veg"
      ]
    },
    {
      "name": "Veg Raita",
      "description": "Kachumber-tomato.",
      "media": "https://b.zmtcdn.com/data/dish_photos/bb5/aabd145961f60925a1482b77718c1bb5.jpg",
      "price": 195.21,
      "menuName": "Accompaniments",
      "categoryName": "",
      "slugs": [
        "veg",
        "bestseller-lunch",
        "bestseller-dinner",
        "restaurant-recommended",
        "services",
        "discounted-addon",
        "delivery-enabled",
        "delivery-enabled",
        "veg",
        "bestseller-lunch",
        "bestseller-dinner",
        "restaurant-recommended",
        "services",
        "discounted-addon",
        "veg"
      ]
    },
    {
      "name": "Amritsari Lassi",
      "description": "",
      "media": "https://b.zmtcdn.com/data/dish_photos/f88/8f76d43a5b835f2e39d615112e886f88.jpg",
      "price": 98.23,
      "menuName": "Drinks (Beverages)",
      "categoryName": "",
      "slugs": [
        "veg",
        "reco-beverages",
        "restaurant-recommended",
        "services",
        "discounted-addon",
        "sf-no-onion",
        "sf-no-garlic",
        "delivery-enabled",
        "delivery-enabled",
        "veg",
        "reco-beverages",
        "restaurant-recommended",
        "services",
        "discounted-addon",
        "sf-no-onion",
        "sf-no-garlic",
        "veg"
      ]
    },
    {
      "name": "Butter Milk",
      "description": "",
      "media": null,
      "price": 69.27,
      "menuName": "Drinks (Beverages)",
      "categoryName": "",
      "slugs": [
        "veg",
        "reco-beverages",
        "restaurant-recommended",
        "services",
        "delivery-enabled",
        "delivery-enabled",
        "veg",
        "reco-beverages",
        "restaurant-recommended",
        "services",
        "veg"
      ]
    }
  ]
}