{
  "basicInfo": {
    "name": "Taj Mahal",
    "cuisine_string": "North Indian, South Indian, Biryani",
    "canonicalUrl": "https://www.zomato.com/surat/taj-mahal-new-textile-market/order"
  },
  "ratings": {
    "DINING": {
      "rating_type": "DINING",
      "rating": "4.2",
      "reviewCount": "161",
      "reviewTextSmall": "161 Reviews",
      "subtext": "161 Dining Reviews",
      "color": "#1C1C1C",
      "ratingV2": "4.2",
      "subtitle": "DINING",
      "sideSubTitle": "Dining Ratings",
      "bgColorV2": {
        "type": "green",
        "tint": "700"
      },
      "newOnDining": false
    },
    "DELIVERY": {
      "rating_type": "DELIVERY",
      "rating": "3.0",
      "reviewCount": "4,527",
      "reviewTextSmall": "4,527 Reviews",
      "subtext": "4,527 Delivery Reviews",
      "color": "#E23744",
      "ratingV2": "3.0",
      "subtitle": "DELIVERY",
      "sideSubTitle": "Delivery Ratings",
      "bgColorV2": {
        "type": "green",
        "tint": "500"
      },
      "newOnDelivery": false
    }
  },
  "establishment": {
    "city_id": 38,
    "city_name": "Surat",
    "country_id": 1,
    "country_name": "India",
    "zipcode": "",
    "is_dark_kitchen": false,
    "locality_verbose": "New Textile Market, Surat",
    "latitude": "21.2051638228",
    "longitude": "72.8396716341",
    "static_map_url": "https://maps.zomato.com/php/staticmap?center=21.2051638228,72.8396716341&maptype=zomato&markers=21.2051638228,72.8396716341,pin_res32&sensor=false&scale=2&zoom=16&language=en&size=240x150&size=400x240",
    "address": "Depot 7/166, Station Road, Opposite Jain Dharamshala, New Textile Market, Surat",
    "is_phone_available": 1,
    "phoneDetails": {
      "title": "Phone Numbers",
      "phoneStr": "+918488806888, +918488820888"
    },
    "res_chain_text": "",
    "res_group_text": "",
    "res_chain_url": "",
    "res_group_url": "",
    "show_res_map": true
  },
  "items": [
    {
      "name": "Veg Deluxe Thali",
      "description": "1 Paneer Butter Masala+3 Butter Chapati/2 Butter Tandoori Roti+Dal Fry+Jeera Rice+Gulab Jamun [1 Piece]+Salad+Pickle [Subject to Availability]",
      "media": "https://b.zmtcdn.com/data/dish_photos/fa7/b12eec0f6e806bb571f22d1659485fa7.jpg",
      "price": 220,
      "menuName": "Veg Deluxe Thali",
      "categoryName": "",
      "slugs": [
        "veg",
        "services",
        "sf-not-vegan",
        "delivery-enabled",
        "delivery-enabled",
        "veg",
        "services",
        "sf-not-vegan",
        "veg"
      ]
    },
    {
      "name": "Paneer Kofta",
      "description": "",
      "media": "https://b.zmtcdn.com/data/dish_photos/d7d/c351858e23186d180a76ca8c82cbed7d.jpg",
      "price": 230,
      "menuName": "Main Course",
      "categoryName": "Kofta Main Course",
      "slugs": [
        "veg",
        "services",
        "sf-not-vegan",
        "delivery-enabled",
        "delivery-enabled",
        "veg",
        "services",
        "sf-not-vegan",
        "veg"
      ]
    },
    {
      "name": "Cheese Kofta",
      "description": "",
      "media": "https://b.zmtcdn.com/data/dish_photos/a28/dff326c459ca86ba7c37f02999039a28.jpg",
      "price": 240,
      "menuName": "Main Course",
      "categoryName": "Kofta Main Course",
      "slugs": [
        "veg",
        "pair-with-bread",
        "services",
        "sf-not-vegan",
        "delivery-enabled",
        "delivery-enabled",
        "veg",
        "pair-with-bread",
        "services",
        "sf-not-vegan",
        "veg"
      ]
    },
    {
      "name": "Kaju Kofta",
      "description": "",
      "media": "https://b.zmtcdn.com/data/dish_photos/79c/f347085c35df1afc4edbe21666b9579c.jpg",
      "price": 240,
      "menuName": "Main Course",
      "categoryName": "Kofta Main Course",
      "slugs": [
        "veg",
        "services",
        "delivery-enabled",
        "delivery-enabled",
        "veg",
        "services",
        "veg"
      ]
    },
    {
      "name": "Veg Kofta",
      "description": "",
      "media": null,
      "price": 190,
      "menuName": "Main Course",
      "categoryName": "Kofta Main Course",
      "slugs": [
        "veg",
        "pair-with-bread",
        "services",
        "delivery-enabled",
        "delivery-enabled",
        "veg",
        "pair-with-bread",
        "services",
        "veg"
      ]
    },
    {
      "name": "Malai Kofta",
      "description": "",
      "media": "https://b.zmtcdn.com/data/dish_photos/72e/30181762c2cc162b14a0624d40a6b72e.jpg",
      "price": 210,
      "menuName": "Main Course",
      "categoryName": "Kofta Main Course",
      "slugs": [
        "veg",
        "pair-with-bread",
        "services",
        "sf-not-vegan",
        "delivery-enabled",
        "delivery-enabled",
        "veg",
        "pair-with-bread",
        "services",
        "sf-not-vegan",
        "veg"
      ]
    },
    {
      "name": "Aloo Gobi",
      "description": "",
      "media": null,
      "price": 170,
      "menuName": "Main Course",
      "categoryName": "Punjabi Main Course",
      "slugs": [
        "veg",
        "pair-with-bread",
        "home-style-meal",
        "services",
        "delivery-enabled",
        "delivery-enabled",
        "veg",
        "pair-with-bread",
        "home-style-meal",
        "services",
        "veg"
      ]
    },
    {
      "name": "Aloo Methi",
      "description": "",
      "media": null,
      "price": 160,
      "menuName": "Main Course",
      "categoryName": "Punjabi Main Course",
      "slugs": [
        "veg",
        "home-style-meal",
        "services",
        "delivery-enabled",
        "delivery-enabled",
        "veg",
        "home-style-meal",
        "services",
        "veg"
      ]
    },
    {
      "name": "Chana Masala",
      "description": "",
      "media": "https://b.zmtcdn.com/data/dish_photos/333/2cc2f2f3447227be201de96b8b2f5333.jpg",
      "price": 130,
      "menuName": "Main Course",
      "categoryName": "Punjabi Main Course",
      "slugs": [
        "veg",
        "medium-spicy",
        "pair-with-bread",
        "services",
        "delivery-enabled",
        "delivery-enabled",
        "veg",
        "medium-spicy",
        "pair-with-bread",
        "services",
        "veg"
      ]
    },
    {
      "name": "Aloo Fry",
      "description": "",
      "media": null,
      "price": 140,
      "menuName": "Main Course",
      "categoryName": "Punjabi Main Course",
      "slugs": [
        "veg",
        "home-style-meal",
        "services",
        "delivery-enabled",
        "delivery-enabled",
        "veg",
        "home-style-meal",
        "services",
        "veg"
      ]
    },
    {
      "name": "Aloo Tomato",
      "description": "",
      "media": null,
      "price": 150,
      "menuName": "Main Course",
      "categoryName": "Punjabi Main Course",
      "slugs": [
        "veg",
        "home-style-meal",
        "services",
        "delivery-enabled",
        "delivery-enabled",
        "veg",
        "home-style-meal",
        "services",
        "veg"
      ]
    },
    {
      "name": "Special Dahi Fry",
      "description": "",
      "media": null,
      "price": 150,
      "menuName": "Main Course",
      "categoryName": "Punjabi Main Course",
      "slugs": [
        "veg",
        "services",
        "delivery-enabled",
        "delivery-enabled",
        "veg",
        "services",
        "veg"
      ]
    },
    {
      "name": "Sev Tomato",
      "description": "",
      "media": "https://b.zmtcdn.com/data/dish_photos/93f/657a5cdb8512ddac030dbd84753eb93f.jpg",
      "price": 130,
      "menuName": "Main Course",
      "categoryName": "Punjabi Main Course",
      "slugs": [
        "veg",
        "services",
        "delivery-enabled",
        "delivery-enabled",
        "veg",
        "services",
        "veg"
      ]
    },
    {
      "name": "Aloo Matar",
      "description": "",
      "media": "https://b.zmtcdn.com/data/dish_photos/5a3/cc92bd9556bb8d4c8e9fd83909cfc5a3.jpg",
      "price": 140,
      "menuName": "Main Course",
      "categoryName": "Punjabi Main Course",
      "slugs": [
        "veg",
        "restaurant-recommended",
        "pair-with-bread",
        "home-style-meal",
        "services",
        "delivery-enabled",
        "delivery-enabled",
        "veg",
        "restaurant-recommended",
        "pair-with-bread",
        "home-style-meal",
        "services",
        "veg"
      ]
    },
    {
      "name": "Dal Tadka",
      "description": "A comforting and delicious preparation made with mixed daal cooked and tempered with onions, chillies and more in tadka",
      "media": "https://b.zmtcdn.com/data/dish_photos/6af/4cebc782270fd50960853429f349b6af.jpeg",
      "price": 160,
      "menuName": "Main Course",
      "categoryName": "Punjabi Main Course",
      "slugs": [
        "veg",
        "restaurant-recommended",
        "medium-spicy",
        "pair-with-bread",
        "services",
        "delivery-enabled",
        "delivery-enabled",
        "veg",
        "restaurant-recommended",
        "medium-spicy",
        "pair-with-bread",
        "services",
        "veg"
      ]
    },
    {
      "name": "Dal Fry",
      "description": "",
      "media": "https://b.zmtcdn.com/data/dish_photos/487/1b5d11f6f88eb75acd68b6a157498487.jpg",
      "price": 130,
      "menuName": "Main Course",
      "categoryName": "Punjabi Main Course",
      "slugs": [
        "veg",
        "restaurant-recommended",
        "medium-spicy",
        "pair-with-bread",
        "services",
        "delivery-enabled",
        "delivery-enabled",
        "veg",
        "restaurant-recommended",
        "medium-spicy",
        "pair-with-bread",
        "services",
        "veg"
      ]
    },
    {
      "name": "Bhindi Masala",
      "description": "",
      "media": "https://b.zmtcdn.com/data/dish_photos/572/5ce0cf1867939ad2180f311867f4c572.jpg",
      "price": 150,
      "menuName": "Main Course",
      "categoryName": "Main Course",
      "slugs": [
        "veg",
        "medium-spicy",
        "pair-with-bread",
        "services",
        "delivery-enabled",
        "delivery-enabled",
        "veg",
        "medium-spicy",
        "pair-with-bread",
        "services",
        "veg"
      ]
    },
    {
      "name": "Veg Hyderabadi",
      "description": "",
      "media": "https://b.zmtcdn.com/data/dish_photos/f14/4df250949c4894367218dfdd67348f14.jpg",
      "price": 180,
      "menuName": "Main Course",
      "categoryName": "Main Course",
      "slugs": [
        "veg",
        "services",
        "delivery-enabled",
        "delivery-enabled",
        "veg",
        "services",
        "veg"
      ]
    },
    {
      "name": "Veg Makhanwala",
      "description": "",
      "media": "https://b.zmtcdn.com/data/dish_photos/243/292e64a193ede2b8d177254d024d1243.jpg",
      "price": 180,
      "menuName": "Main Course",
      "categoryName": "Main Course",
      "slugs": [
        "veg",
        "services",
        "delivery-enabled",
        "delivery-enabled",
        "veg",
        "services",
        "veg"
      ]
    },
    {
      "name": "Veg Kolhapuri",
      "description": "",
      "media": "https://b.zmtcdn.com/data/dish_photos/1ac/230bfe53ebb183ebd0a1d6578ddb91ac.jpg",
      "price": 170,
      "menuName": "Main Course",
      "categoryName": "Main Course",
      "slugs": [
        "veg",
        "services",
        "sf-spicy",
        "delivery-enabled",
        "delivery-enabled",
        "veg",
        "services",
        "sf-spicy",
        "veg"
      ]
    },
    {
      "name": "Veg Handi",
      "description": "",
      "media": null,
      "price": 170,
      "menuName": "Main Course",
      "categoryName": "Main Course",
      "slugs": [
        "veg",
        "spicy",
        "services",
        "delivery-enabled",
        "delivery-enabled",
        "veg",
        "spicy",
        "services",
        "veg"
      ]
    },
    {
      "name": "Veg Jaipuri",
      "description": "",
      "media": null,
      "price": 180,
      "menuName": "Main Course",
      "categoryName": "Main Course",
      "slugs": [
        "veg",
        "services",
        "delivery-enabled",
        "delivery-enabled",
        "veg",
        "services",
        "veg"
      ]
    },
    {
      "name": "Special Chana Masala",
      "description": "",
      "media": null,
      "price": 160,
      "menuName": "Main Course",
      "categoryName": "Main Course",
      "slugs": [
        "veg",
        "pair-with-bread",
        "services",
        "delivery-enabled",
        "delivery-enabled",
        "veg",
        "pair-with-bread",
        "services",
        "veg"
      ]
    },
    {
      "name": "Cheese Masala",
      "description": "",
      "media": "https://b.zmtcdn.com/data/dish_photos/dc3/5a86bd3ab021045e94a72996f6d2edc3.jpg",
      "price": 230,
      "menuName": "Main Course",
      "categoryName": "Main Course",
      "slugs": [
        "veg",
        "spicy",
        "medium-spicy",
        "services",
        "sf-not-vegan",
        "delivery-enabled",
        "delivery-enabled",
        "veg",
        "spicy",
        "medium-spicy",
        "services",
        "sf-not-vegan",
        "veg"
      ]
    },
    {
      "name": "Mushroom Masala",
      "description": "",
      "media": null,
      "price": 210,
      "menuName": "Main Course",
      "categoryName": "Main Course",
      "slugs": [
        "veg",
        "pair-with-bread",
        "services",
        "delivery-enabled",
        "delivery-enabled",
        "veg",
        "pair-with-bread",
        "services",
        "veg"
      ]
    },
    {
      "name": "Tamatar Masala",
      "description": "",
      "media": null,
      "price": 150,
      "menuName": "Main Course",
      "categoryName": "Main Course",
      "slugs": [
        "veg",
        "services",
        "delivery-enabled",
        "delivery-enabled",
        "veg",
        "services",
        "veg"
      ]
    },
    {
      "name": "Cheese Matar",
      "description": "",
      "media": null,
      "price": 220,
      "menuName": "Main Course",
      "categoryName": "Main Course",
      "slugs": [
        "veg",
        "services",
        "sf-not-vegan",
        "delivery-enabled",
        "delivery-enabled",
        "veg",
        "services",
        "sf-not-vegan",
        "veg"
      ]
    },
    {
      "name": "Special Veg Taj",
      "description": "",
      "media": "https://b.zmtcdn.com/data/dish_photos/23d/682cef9a69e7964b1c06f7d890cb023d.jpg",
      "price": 210,
      "menuName": "Main Course",
      "categoryName": "Main Course",
      "slugs": [
        "veg",
        "restaurant-recommended",
        "services",
        "delivery-enabled",
        "delivery-enabled",
        "veg",
        "restaurant-recommended",
        "services",
        "veg"
      ]
    },
    {
      "name": "Shahi Palak",
      "description": "",
      "media": null,
      "price": 210,
      "menuName": "Main Course",
      "categoryName": "Main Course",
      "slugs": [
        "veg",
        "services",
        "delivery-enabled",
        "delivery-enabled",
        "veg",
        "services",
        "veg"
      ]
    },
    {
      "name": "Mix Veg",
      "description": "",
      "media": null,
      "price": 170,
      "menuName": "Main Course",
      "categoryName": "Main Course",
      "slugs": [
        "veg",
        "pair-with-bread",
        "services",
        "delivery-enabled",
        "delivery-enabled",
        "veg",
        "pair-with-bread",
        "services",
        "veg"
      ]
    },
    {
      "name": "Bhindi Fry",
      "description": "",
      "media": "https://b.zmtcdn.com/data/dish_photos/572/5ce0cf1867939ad2180f311867f4c572.jpg",
      "price": 180,
      "menuName": "Main Course",
      "categoryName": "Main Course",
      "slugs": [
        "veg",
        "services",
        "delivery-enabled",
        "delivery-enabled",
        "veg",
        "services",
        "veg"
      ]
    },
    {
      "name": "Aloo Palak",
      "description": "",
      "media": null,
      "price": 180,
      "menuName": "Main Course",
      "categoryName": "Main Course",
      "slugs": [
        "veg",
        "pair-with-bread",
        "home-style-meal",
        "services",
        "delivery-enabled",
        "delivery-enabled",
        "veg",
        "pair-with-bread",
        "home-style-meal",
        "services",
        "veg"
      ]
    },
    {
      "name": "Matar Palak",
      "description": "",
      "media": null,
      "price": 180,
      "menuName": "Main Course",
      "categoryName": "Main Course",
      "slugs": [
        "veg",
        "services",
        "delivery-enabled",
        "delivery-enabled",
        "veg",
        "services",
        "veg"
      ]
    },
    {
      "name": "Special Amul Butter Dal Fry",
      "description": "Marination with green chilli, onion and Amul butter.",
      "media": null,
      "price": 240,
      "menuName": "Main Course",
      "categoryName": "Main Course",
      "slugs": [
        "veg",
        "services",
        "sf-not-vegan",
        "delivery-enabled",
        "delivery-enabled",
        "veg",
        "services",
        "sf-not-vegan",
        "veg"
      ]
    },
    {
      "name": "Kaju Khoya",
      "description": "",
      "media": null,
      "price": 230,
      "menuName": "Main Course",
      "categoryName": "Paneer Main Course",
      "slugs": [
        "veg",
        "services",
        "sf-not-vegan",
        "delivery-enabled",
        "delivery-enabled",
        "veg",
        "services",
        "sf-not-vegan",
        "veg"
      ]
    },
    {
      "name": "Kaju Curry",
      "description": "",
      "media": "https://b.zmtcdn.com/data/dish_photos/844/4a6ff94c0d6f48eef4dc9ce5816bf844.jpg",
      "price": 230,
      "menuName": "Main Course",
      "categoryName": "Paneer Main Course",
      "slugs": [
        "veg",
        "restaurant-recommended",
        "medium-spicy",
        "services",
        "sf-not-vegan",
        "delivery-enabled",
        "delivery-enabled",
        "veg",
        "restaurant-recommended",
        "medium-spicy",
        "services",
        "sf-not-vegan",
        "veg"
      ]
    },
    {
      "name": "Paneer Balti",
      "description": "",
      "media": null,
      "price": 220,
      "menuName": "Main Course",
      "categoryName": "Paneer Main Course",
      "slugs": [
        "veg",
        "pair-with-bread",
        "services",
        "sf-not-vegan",
        "delivery-enabled",
        "delivery-enabled",
        "veg",
        "pair-with-bread",
        "services",
        "sf-not-vegan",
        "veg"
      ]
    },
    {
      "name": "Matar Paneer",
      "description": "",
      "media": "https://b.zmtcdn.com/data/dish_photos/a8d/cb45dc8351a47f0cb24fbcfab6cb2a8d.jpg",
      "price": 170,
      "menuName": "Main Course",
      "categoryName": "Paneer Main Course",
      "slugs": [
        "veg",
        "pair-with-bread",
        "services",
        "sf-not-vegan",
        "delivery-enabled",
        "delivery-enabled",
        "veg",
        "pair-with-bread",
        "services",
        "sf-not-vegan",
        "veg"
      ]
    },
    {
      "name": "Paneer Kaju",
      "description": "Paneer and kaju mixed in a spicy vegetable curry and flavoured with Indian spices.",
      "media": "https://b.zmtcdn.com/data/dish_photos/164/f6df2dcbaf5778dc26968d3e2d625164.jpg",
      "price": 220,
      "menuName": "Main Course",
      "categoryName": "Paneer Main Course",
      "slugs": [
        "veg",
        "restaurant-recommended",
        "medium-spicy",
        "services",
        "sf-spicy",
        "sf-not-vegan",
        "delivery-enabled",
        "delivery-enabled",
        "veg",
        "restaurant-recommended",
        "medium-spicy",
        "services",
        "sf-spicy",
        "sf-not-vegan",
        "veg"
      ]
    },
    {
      "name": "Paneer Handi",
      "description": "Paneer handi is a delicious and creamy gravy cooked in a handi.",
      "media": "https://b.zmtcdn.com/data/dish_photos/15e/618a261dc89cd9d3f03b6d5f3d4c115e.jpg",
      "price": 180,
      "menuName": "Main Course",
      "categoryName": "Paneer Main Course",
      "slugs": [
        "veg",
        "medium-spicy",
        "pair-with-bread",
        "services",
        "sf-not-vegan",
        "delivery-enabled",
        "delivery-enabled",
        "veg",
        "medium-spicy",
        "pair-with-bread",
        "services",
        "sf-not-vegan",
        "veg"
      ]
    },
    {
      "name": "Paneer Bhurji",
      "description": "",
      "media": "https://b.zmtcdn.com/data/dish_photos/6ce/770e440691dbff7179bea84117d916ce.jpg",
      "price": 200,
      "menuName": "Main Course",
      "categoryName": "Paneer Main Course",
      "slugs": [
        "veg",
        "restaurant-recommended",
        "medium-spicy",
        "services",
        "sf-not-vegan",
        "delivery-enabled",
        "delivery-enabled",
        "veg",
        "restaurant-recommended",
        "medium-spicy",
        "services",
        "sf-not-vegan",
        "veg"
      ]
    },
    {
      "name": "Paneer Mushroom",
      "description": "",
      "media": null,
      "price": 200,
      "menuName": "Main Course",
      "categoryName": "Paneer Main Course",
      "slugs": [
        "veg",
        "services",
        "sf-not-vegan",
        "delivery-enabled",
        "delivery-enabled",
        "veg",
        "services",
        "sf-not-vegan",
        "veg"
      ]
    },
    {
      "name": "Cheese Paneer",
      "description": "",
      "media": "https://b.zmtcdn.com/data/dish_photos/40d/970a1f4772db53fd4c14c223d82fc40d.jpg",
      "price": 230,
      "menuName": "Main Course",
      "categoryName": "Paneer Main Course",
      "slugs": [
        "veg",
        "medium-spicy",
        "services",
        "sf-not-vegan",
        "delivery-enabled",
        "delivery-enabled",
        "veg",
        "medium-spicy",
        "services",
        "sf-not-vegan",
        "veg"
      ]
    },
    {
      "name": "Paneer Masala",
      "description": "",
      "media": "https://b.zmtcdn.com/data/dish_photos/762/c07ba1181da4ce6a725a25704c85f762.jpeg",
      "price": 180,
      "menuName": "Main Course",
      "categoryName": "Paneer Main Course",
      "slugs": [
        "veg",
        "restaurant-recommended",
        "medium-spicy",
        "pair-with-bread",
        "services",
        "sf-not-vegan",
        "delivery-enabled",
        "delivery-enabled",
        "veg",
        "restaurant-recommended",
        "medium-spicy",
        "pair-with-bread",
        "services",
        "sf-not-vegan",
        "veg"
      ]
    },
    {
      "name": "Paneer Tawa",
      "description": "Chunks of Indian cottage cheese prepared in gravy with spices on a tawa.",
      "media": null,
      "price": 180,
      "menuName": "Main Course",
      "categoryName": "Paneer Main Course",
      "slugs": [
        "veg",
        "services",
        "sf-not-vegan",
        "delivery-enabled",
        "delivery-enabled",
        "veg",
        "services",
        "sf-not-vegan",
        "veg"
      ]
    },
    {
      "name": "Shahi Paneer",
      "description": "",
      "media": "https://b.zmtcdn.com/data/dish_photos/74a/3406f4c175ba36351e43f9caeca8b74a.jpg",
      "price": 210,
      "menuName": "Main Course",
      "categoryName": "Paneer Main Course",
      "slugs": [
        "veg",
        "medium-spicy",
        "pair-with-bread",
        "services",
        "sf-not-vegan",
        "delivery-enabled",
        "delivery-enabled",
        "veg",
        "medium-spicy",
        "pair-with-bread",
        "services",
        "sf-not-vegan",
        "veg"
      ]
    },
    {
      "name": "Paneer Tikka Masala",
      "description": "Paneer tikka masala is a delicious, creamy & flavorful Indian dish made by grilling paneer & then simmering it in a masala gravy.",
      "media": "https://b.zmtcdn.com/data/dish_photos/d1c/098f5889dc50d24381c8180ba286ed1c.jpg",
      "price": 200,
      "menuName": "Main Course",
      "categoryName": "Paneer Main Course",
      "slugs": [
        "veg",
        "restaurant-recommended",
        "medium-spicy",
        "pair-with-bread",
        "services",
        "sf-not-vegan",
        "delivery-enabled",
        "delivery-enabled",
        "veg",
        "restaurant-recommended",
        "medium-spicy",
        "pair-with-bread",
        "services",
        "sf-not-vegan",
        "veg"
      ]
    },
    {
      "name": "Palak Paneer",
      "description": "",
      "media": "https://b.zmtcdn.com/data/dish_photos/173/260933bca8d3bb8acfb63fdb558a1173.jpg",
      "price": 180,
      "menuName": "Main Course",
      "categoryName": "Paneer Main Course",
      "slugs": [
        "veg",
        "medium-spicy",
        "pair-with-bread",
        "services",
        "sf-not-vegan",
        "delivery-enabled",
        "delivery-enabled",
        "veg",
        "medium-spicy",
        "pair-with-bread",
        "services",
        "sf-not-vegan",
        "veg"
      ]
    },
    {
      "name": "Panner Chana",
      "description": "",
      "media": null,
      "price": 170,
      "menuName": "Main Course",
      "categoryName": "Paneer Main Course",
      "slugs": [
        "veg",
        "services",
        "sf-not-vegan",
        "delivery-enabled",
        "delivery-enabled",
        "veg",
        "services",
        "sf-not-vegan",
        "veg"
      ]
    },
    {
      "name": "Paneer Lajawab",
      "description": "Aesthatic cottage cheese treat cooked in yellow gravy & Indian gravy.",
      "media": "https://b.zmtcdn.com/data/dish_photos/bc4/79bb5ad9e2233ed8b49db23073951bc4.jpg",
      "price": 180,
      "menuName": "Main Course",
      "categoryName": "Paneer Main Course",
      "slugs": [
        "veg",
        "services",
        "sf-not-vegan",
        "delivery-enabled",
        "delivery-enabled",
        "veg",
        "services",
        "sf-not-vegan",
        "veg"
      ]
    },
    {
      "name": "Paneer Toofani",
      "description": "",
      "media": "https://b.zmtcdn.com/data/dish_photos/e09/5f94a6f52c1bb5df721601dcc9466e09.jpg",
      "price": 200,
      "menuName": "Main Course",
      "categoryName": "Paneer Main Course",
      "slugs": [
        "veg",
        "medium-spicy",
        "pair-with-bread",
        "services",
        "sf-not-vegan",
        "delivery-enabled",
        "delivery-enabled",
        "veg",
        "medium-spicy",
        "pair-with-bread",
        "services",
        "sf-not-vegan",
        "veg"
      ]
    },
    {
      "name": "Paneer Kadai",
      "description": "Kadai paneer is a quick dish of paneer cubes combined with a spicy kadhai gravy. The aroma of spices cooking in simmering tomatoes is an unmistakable signature of this kadai paneer recipe.",
      "media": "https://b.zmtcdn.com/data/dish_photos/19f/371e1af37d5cb687a754a93fa3d0f19f.jpeg",
      "price": 180,
      "menuName": "Main Course",
      "categoryName": "Paneer Main Course",
      "slugs": [
        "veg",
        "medium-spicy",
        "services",
        "sf-spicy",
        "sf-not-vegan",
        "delivery-enabled",
        "delivery-enabled",
        "veg",
        "medium-spicy",
        "services",
        "sf-spicy",
        "sf-not-vegan",
        "veg"
      ]
    },
    {
      "name": "Paneer Chatpata",
      "description": "",
      "media": "https://b.zmtcdn.com/data/dish_photos/b3e/d076d111d4dc53c6d6b6336e8ef96b3e.jpg",
      "price": 220,
      "menuName": "Main Course",
      "categoryName": "Paneer Main Course",
      "slugs": [
        "veg",
        "services",
        "sf-not-vegan",
        "delivery-enabled",
        "delivery-enabled",
        "veg",
        "services",
        "sf-not-vegan",
        "veg"
      ]
    },
    {
      "name": "Stuff Paratha",
      "description": "",
      "media": null,
      "price": 120,
      "menuName": "Breads",
      "categoryName": "",
      "slugs": [
        "veg",
        "reco-breads",
        "services",
        "delivery-enabled",
        "delivery-enabled",
        "veg",
        "reco-breads",
        "services",
        "veg"
      ]
    },
    {
      "name": "Aloo Paratha",
      "description": "",
      "media": null,
      "price": 80,
      "menuName": "Breads",
      "categoryName": "",
      "slugs": [
        "veg",
        "reco-breads",
        "home-style-meal",
        "services",
        "delivery-enabled",
        "delivery-enabled",
        "veg",
        "reco-breads",
        "home-style-meal",
        "services",
        "veg"
      ]
    },
    {
      "name": "Butter Cheese Naan",
      "description": "",
      "media": "https://b.zmtcdn.com/data/dish_photos/46a/afe898f48e7d79d273870b3e68e6c46a.jpg",
      "price": 80,
      "menuName": "Breads",
      "categoryName": "",
      "slugs": [
        "veg",
        "reco-breads",
        "bread",
        "services",
        "sf-not-vegan",
        "delivery-enabled",
        "delivery-enabled",
        "veg",
        "reco-breads",
        "bread",
        "services",
        "sf-not-vegan",
        "veg"
      ]
    },
    {
      "name": "Butter Methi Paratha",
      "description": "",
      "media": "https://b.zmtcdn.com/data/dish_photos/8fc/c11a645c19b749bf9aa0ae13b78728fc.jpg",
      "price": 55,
      "menuName": "Breads",
      "categoryName": "",
      "slugs": [
        "veg",
        "reco-breads",
        "services",
        "sf-not-vegan",
        "delivery-enabled",
        "delivery-enabled",
        "veg",
        "reco-breads",
        "services",
        "sf-not-vegan",
        "veg"
      ]
    },
    {
      "name": "Butter Khulcha",
      "description": "",
      "media": null,
      "price": 55,
      "menuName": "Breads",
      "categoryName": "",
      "slugs": [
        "veg",
        "reco-breads",
        "services",
        "sf-not-vegan",
        "delivery-enabled",
        "delivery-enabled",
        "veg",
        "reco-breads",
        "services",
        "sf-not-vegan",
        "veg"
      ]
    },
    {
      "name": "Butter Naan",
      "description": "",
      "media": "https://b.zmtcdn.com/data/dish_photos/d07/e720981db09e9e893058cd5daf622d07.jpg",
      "price": 40,
      "menuName": "Breads",
      "categoryName": "",
      "slugs": [
        "veg",
        "reco-breads",
        "bread",
        "services",
        "sf-not-vegan",
        "delivery-enabled",
        "delivery-enabled",
        "veg",
        "reco-breads",
        "bread",
        "services",
        "sf-not-vegan",
        "veg"
      ]
    },
    {
      "name": "Butter Chapati",
      "description": "",
      "media": "https://b.zmtcdn.com/data/dish_photos/2b9/62aabf89b135078b9ad83ece0998b2b9.jpg",
      "price": 25,
      "menuName": "Breads",
      "categoryName": "",
      "slugs": [
        "veg",
        "reco-breads",
        "bread",
        "home-style-meal",
        "services",
        "sf-not-vegan",
        "delivery-enabled",
        "delivery-enabled",
        "veg",
        "reco-breads",
        "bread",
        "home-style-meal",
        "services",
        "sf-not-vegan",
        "veg"
      ]
    },
    {
      "name": "Butter Tandoori Roti",
      "description": "",
      "media": "https://b.zmtcdn.com/data/dish_photos/e6d/f0386c7fc835fa77ccd1d3e8f59dce6d.jpg",
      "price": 25,
      "menuName": "Breads",
      "categoryName": "",
      "slugs": [
        "veg",
        "reco-breads",
        "bread",
        "services",
        "sf-not-vegan",
        "delivery-enabled",
        "delivery-enabled",
        "veg",
        "reco-breads",
        "bread",
        "services",
        "sf-not-vegan",
        "veg"
      ]
    },
    {
      "name": "Tandoori Roti",
      "description": "",
      "media": "https://b.zmtcdn.com/data/dish_photos/b2d/1ef5e2922facd0c93d5f46c9402cab2d.jpg",
      "price": 20,
      "menuName": "Breads",
      "categoryName": "",
      "slugs": [
        "veg",
        "reco-breads",
        "bread",
        "services",
        "delivery-enabled",
        "delivery-enabled",
        "veg",
        "reco-breads",
        "bread",
        "services",
        "veg"
      ]
    },
    {
      "name": "Chapati",
      "description": "",
      "media": "https://b.zmtcdn.com/data/dish_photos/97f/599579bff3c638bc9c3be31a0ceb797f.jpg",
      "price": 18,
      "menuName": "Breads",
      "categoryName": "",
      "slugs": [
        "veg",
        "reco-breads",
        "home-style-meal",
        "services",
        "delivery-enabled",
        "delivery-enabled",
        "veg",
        "reco-breads",
        "home-style-meal",
        "services",
        "veg"
      ]
    },
    {
      "name": "Kaju Pulao",
      "description": "",
      "media": "https://b.zmtcdn.com/data/dish_photos/8ee/9da28c2ad6388ef216c57b66350e78ee.jpg",
      "price": 220,
      "menuName": "Rice and Biryani",
      "categoryName": "Rice",
      "slugs": [
        "veg",
        "reco-rice",
        "services",
        "delivery-enabled",
        "delivery-enabled",
        "veg",
        "reco-rice",
        "services",
        "veg"
      ]
    },
    {
      "name": "Cheese Pulao",
      "description": "",
      "media": null,
      "price": 220,
      "menuName": "Rice and Biryani",
      "categoryName": "Rice",
      "slugs": [
        "veg",
        "reco-rice",
        "services",
        "sf-not-vegan",
        "delivery-enabled",
        "delivery-enabled",
        "veg",
        "reco-rice",
        "services",
        "sf-not-vegan",
        "veg"
      ]
    },
    {
      "name": "Veg Taj Pulao",
      "description": "",
      "media": null,
      "price": 220,
      "menuName": "Rice and Biryani",
      "categoryName": "Rice",
      "slugs": [
        "veg",
        "reco-rice",
        "services",
        "delivery-enabled",
        "delivery-enabled",
        "veg",
        "reco-rice",
        "services",
        "veg"
      ]
    },
    {
      "name": "Veg Pulao",
      "description": "",
      "media": "https://b.zmtcdn.com/data/dish_photos/411/8cf0c4f71d037200e6796577e62ba411.jpg",
      "price": 180,
      "menuName": "Rice and Biryani",
      "categoryName": "Rice",
      "slugs": [
        "veg",
        "reco-rice",
        "medium-spicy",
        "services",
        "delivery-enabled",
        "delivery-enabled",
        "veg",
        "reco-rice",
        "medium-spicy",
        "services",
        "veg"
      ]
    },
    {
      "name": "Plain Rice",
      "description": "",
      "media": "https://b.zmtcdn.com/data/dish_photos/563/b323eb10062f264d92893766a7c13563.jpg",
      "price": 90,
      "menuName": "Rice and Biryani",
      "categoryName": "Rice",
      "slugs": [
        "veg",
        "reco-rice",
        "home-style-meal",
        "services",
        "delivery-enabled",
        "delivery-enabled",
        "veg",
        "reco-rice",
        "home-style-meal",
        "services",
        "veg"
      ]
    },
    {
      "name": "Jeera Rice",
      "description": "Aromatic rice cooked in a tempering of cumin and whole spices.",
      "media": "https://b.zmtcdn.com/data/dish_photos/1be/6b3720e5ff3398edba62e6c87b6891be.jpg",
      "price": 130,
      "menuName": "Rice and Biryani",
      "categoryName": "Rice",
      "slugs": [
        "veg",
        "reco-rice",
        "home-style-meal",
        "services",
        "delivery-enabled",
        "delivery-enabled",
        "veg",
        "reco-rice",
        "home-style-meal",
        "services",
        "veg"
      ]
    },
    {
      "name": "Veg Biryani",
      "description": "Rice and veggies cooked in a fragrant and flavorful masala seasoned with Indian whole spices; served with salan and raita.",
      "media": "https://b.zmtcdn.com/data/dish_photos/851/3f969b37d740a6197eb4337d3e870851.jpg",
      "price": 190,
      "menuName": "Rice and Biryani",
      "categoryName": "Biryani",
      "slugs": [
        "veg",
        "medium-spicy",
        "services",
        "delivery-enabled",
        "delivery-enabled",
        "veg",
        "medium-spicy",
        "services",
        "veg"
      ]
    },
    {
      "name": "Hyderabad Biryani",
      "description": "",
      "media": "https://b.zmtcdn.com/data/dish_photos/62c/7a0ea5855611ac20a8de10a2f356662c.jpg",
      "price": 200,
      "menuName": "Rice and Biryani",
      "categoryName": "Biryani",
      "slugs": [
        "veg",
        "medium-spicy",
        "services",
        "delivery-enabled",
        "delivery-enabled",
        "veg",
        "medium-spicy",
        "services",
        "veg"
      ]
    },
    {
      "name": "Special Biryani",
      "description": "",
      "media": null,
      "price": 220,
      "menuName": "Rice and Biryani",
      "categoryName": "Biryani",
      "slugs": [
        "veg",
        "services",
        "delivery-enabled",
        "delivery-enabled",
        "veg",
        "services",
        "veg"
      ]
    },
    {
      "name": "Paneer Biryani",
      "description": "",
      "media": "https://b.zmtcdn.com/data/dish_photos/b15/0728cd092cdf5925a8f00576d8eb7b15.jpg",
      "price": 220,
      "menuName": "Rice and Biryani",
      "categoryName": "Biryani",
      "slugs": [
        "veg",
        "services",
        "sf-not-vegan",
        "delivery-enabled",
        "delivery-enabled",
        "veg",
        "services",
        "sf-not-vegan",
        "veg"
      ]
    },
    {
      "name": "Paneer Paratha",
      "description": "",
      "media": null,
      "price": 100,
      "menuName": "Rice and Biryani",
      "categoryName": "Biryani",
      "slugs": [
        "veg",
        "reco-breads",
        "services",
        "sf-not-vegan",
        "delivery-enabled",
        "delivery-enabled",
        "veg",
        "reco-breads",
        "services",
        "sf-not-vegan",
        "veg"
      ]
    },
    {
      "name": "Paneer Butter Masala Combo",
      "description": "Paneer Butter Masala + Butter Chapati - 2 + Salad + Buttermilk",
      "media": null,
      "price": 210,
      "menuName": "Taj Special Combos",
      "categoryName": "Special Combos For One Person",
      "slugs": [
        "veg",
        "combo-item",
        "zpl-combo",
        "home-style-meal",
        "services",
        "sf-not-vegan",
        "delivery-enabled",
        "delivery-enabled",
        "veg",
        "combo-item",
        "zpl-combo",
        "home-style-meal",
        "services",
        "sf-not-vegan",
        "veg"
      ]
    },
    {
      "name": "Kaju Curry Combo",
      "description": "Kaju Curry + Butter Chapati - 2 + Salad + Buttermilk",
      "media": null,
      "price": 210,
      "menuName": "Taj Special Combos",
      "categoryName": "Special Combos For One Person",
      "slugs": [
        "veg",
        "combo-item",
        "zpl-combo",
        "home-style-meal",
        "services",
        "sf-not-vegan",
        "delivery-enabled",
        "delivery-enabled",
        "veg",
        "combo-item",
        "zpl-combo",
        "home-style-meal",
        "services",
        "sf-not-vegan",
        "veg"
      ]
    },
    {
      "name": "Paneer Tikka Masala Combo",
      "description": "Paneer Tikka Masala + Butter Chapati - 2 + Salad + Buttermilk",
      "media": "https://b.zmtcdn.com/data/dish_photos/31f/64cca5b56e304d7d859b28b5fe92a31f.jpg",
      "price": 210,
      "menuName": "Taj Special Combos",
      "categoryName": "Special Combos For One Person",
      "slugs": [
        "veg",
        "medium-spicy",
        "combo-item",
        "zpl-combo",
        "home-style-meal",
        "services",
        "sf-not-vegan",
        "delivery-enabled",
        "delivery-enabled",
        "veg",
        "medium-spicy",
        "combo-item",
        "zpl-combo",
        "home-style-meal",
        "services",
        "sf-not-vegan",
        "veg"
      ]
    },
    {
      "name": "Dal Fry Jeera Rice Combo",
      "description": "Dal Fry + Jeera Rice + Salad + Buttermilk",
      "media": null,
      "price": 210,
      "menuName": "Taj Special Combos",
      "categoryName": "Special Combos For One Person",
      "slugs": [
        "veg",
        "medium-spicy",
        "combo-item",
        "zpl-combo",
        "home-style-meal",
        "services",
        "delivery-enabled",
        "delivery-enabled",
        "veg",
        "medium-spicy",
        "combo-item",
        "zpl-combo",
        "home-style-meal",
        "services",
        "veg"
      ]
    },
    {
      "name": "Paneer Toofani Combo",
      "description": "Paneer Toofani + Butter Chapati -2 + Salad + Buttermilk",
      "media": null,
      "price": 210,
      "menuName": "Taj Special Combos",
      "categoryName": "Special Combos For One Person",
      "slugs": [
        "veg",
        "combo-item",
        "zpl-combo",
        "home-style-meal",
        "services",
        "sf-not-vegan",
        "delivery-enabled",
        "delivery-enabled",
        "veg",
        "combo-item",
        "zpl-combo",
        "home-style-meal",
        "services",
        "sf-not-vegan",
        "veg"
      ]
    },
    {
      "name": "Gulab Jamun [2 Pieces]",
      "description": "",
      "media": null,
      "price": 0,
      "menuName": "Dessert",
      "categoryName": "",
      "slugs": [
        "veg",
        "services",
        "delivery-enabled",
        "delivery-enabled",
        "veg",
        "services",
        "veg"
      ]
    },
    {
      "name": "Buttermilk",
      "description": "",
      "media": null,
      "price": 35,
      "menuName": "Drinks (Beverages)",
      "categoryName": "",
      "slugs": [
        "veg",
        "services",
        "delivery-enabled",
        "delivery-enabled",
        "veg",
        "services",
        "veg"
      ]
    }
  ]
}