{
  "basicInfo": {
    "name": "The Good Stuff",
    "cuisine_string": "Fast Food, Desserts, Beverages",
    "canonicalUrl": "https://www.zomato.com/surat/the-good-stuff-city-light/order"
  },
  "ratings": {
    "DINING": {
      "rating_type": "DINING",
      "rating": "4.2",
      "reviewCount": "104",
      "reviewTextSmall": "104 Reviews",
      "subtext": "104 Dining Reviews",
      "color": "#1C1C1C",
      "ratingV2": "4.2",
      "subtitle": "DINING",
      "sideSubTitle": "Dining Ratings",
      "bgColorV2": {
        "type": "green",
        "tint": "700"
      },
      "newOnDining": false
    },
    "DELIVERY": {
      "rating_type": "DELIVERY",
      "rating": "4.3",
      "reviewCount": "215",
      "reviewTextSmall": "215 Reviews",
      "subtext": "215 Delivery Reviews",
      "color": "#E23744",
      "ratingV2": "4.3",
      "subtitle": "DELIVERY",
      "sideSubTitle": "Delivery Ratings",
      "bgColorV2": {
        "type": "green",
        "tint": "700"
      },
      "newOnDelivery": false
    }
  },
  "establishment": {
    "city_id": 38,
    "city_name": "Surat",
    "country_id": 1,
    "country_name": "India",
    "zipcode": "395007",
    "is_dark_kitchen": false,
    "locality_verbose": "City Light, Surat",
    "latitude": "21.1489205721",
    "longitude": "72.7982268110",
    "static_map_url": "https://maps.zomato.com/php/staticmap?center=21.1489205721,72.7982268110&maptype=zomato&markers=21.1489205721,72.7982268110,pin_res32&sensor=false&scale=2&zoom=16&language=en&size=240x150&size=400x240",
    "address": "G3, Samarth Acquisti Complex, City Light, Surat",
    "is_phone_available": 1,
    "phoneDetails": {
      "title": "Phone Numbers",
      "phoneStr": "+919574792753"
    },
    "res_chain_text": "",
    "res_group_text": "",
    "res_chain_url": "",
    "res_group_url": "",
    "show_res_map": true
  },
  "items": [
    {
      "name": "New York Style Slice",
      "description": "",
      "media": null,
      "price": 300,
      "menuName": "Cheesecakes",
      "categoryName": "",
      "slugs": [
        "egg",
        "services",
        "sf-kid-friendly",
        "delivery-enabled",
        "delivery-enabled",
        "egg",
        "services",
        "sf-kid-friendly",
        "egg"
      ]
    },
    {
      "name": "Biscoff Cheesecake Slice",
      "description": "Our best Seller! Classic Cheesecake topped with Biscoff (Caramel-Cinnamon Biscuit Spread)",
      "media": "https://b.zmtcdn.com/data/dish_photos/b43/d7e661311341eea5a2f7cfe09419fb43.jpg",
      "price": 400,
      "menuName": "Cheesecakes",
      "categoryName": "",
      "slugs": [
        "veg",
        "hero-item",
        "services",
        "rakhi-special",
        "sf-no-onion",
        "sf-no-garlic",
        "sf-kid-friendly",
        "delivery-enabled",
        "delivery-enabled",
        "veg",
        "hero-item",
        "services",
        "rakhi-special",
        "sf-no-onion",
        "sf-no-garlic",
        "sf-kid-friendly",
        "veg"
      ]
    },
    {
      "name": "Nutella Cheesecake",
      "description": "",
      "media": null,
      "price": 350,
      "menuName": "Cheesecakes",
      "categoryName": "",
      "slugs": [
        "egg",
        "restaurant-recommended",
        "hero-item",
        "services",
        "rakhi-special",
        "sf-kid-friendly",
        "special-fleet",
        "delivery-enabled",
        "delivery-enabled",
        "egg",
        "restaurant-recommended",
        "hero-item",
        "services",
        "rakhi-special",
        "sf-kid-friendly",
        "special-fleet",
        "egg"
      ]
    },
    {
      "name": "Blueberry Cheesecake Slice",
      "description": "",
      "media": null,
      "price": 300,
      "menuName": "Cheesecakes",
      "categoryName": "",
      "slugs": [
        "egg",
        "hero-item",
        "services",
        "sf-kid-friendly",
        "delivery-enabled",
        "delivery-enabled",
        "egg",
        "hero-item",
        "services",
        "sf-kid-friendly",
        "egg"
      ]
    },
    {
      "name": "Strawberry Cheesecake Slice",
      "description": "",
      "media": null,
      "price": 300,
      "menuName": "Cheesecakes",
      "categoryName": "",
      "slugs": [
        "egg",
        "services",
        "sf-kid-friendly",
        "delivery-enabled",
        "delivery-enabled",
        "egg",
        "services",
        "sf-kid-friendly",
        "egg"
      ]
    },
    {
      "name": "Iced Biscoff Latte, 300 ml",
      "description": "",
      "media": null,
      "price": 300,
      "menuName": "Coffee",
      "categoryName": "",
      "slugs": [
        "veg",
        "services",
        "delivery-enabled",
        "delivery-enabled",
        "veg",
        "services",
        "veg"
      ]
    },
    {
      "name": "Iced Bom Bon, 150ml",
      "description": "Espresso + Condensed mylk :",
      "media": null,
      "price": 200,
      "menuName": "Coffee",
      "categoryName": "",
      "slugs": [
        "veg",
        "services",
        "delivery-enabled",
        "delivery-enabled",
        "veg",
        "services",
        "veg"
      ]
    },
    {
      "name": "Iced Spanish Latte, 300 ml",
      "description": "Condensed Milk + Milk + Espresso |",
      "media": null,
      "price": 300,
      "menuName": "Coffee",
      "categoryName": "",
      "slugs": [
        "veg",
        "services",
        "delivery-enabled",
        "delivery-enabled",
        "veg",
        "services",
        "veg"
      ]
    },
    {
      "name": "Espresso Tonic",
      "description": "",
      "media": null,
      "price": 300,
      "menuName": "Coffee",
      "categoryName": "",
      "slugs": [
        "veg",
        "services",
        "delivery-enabled",
        "delivery-enabled",
        "veg",
        "services",
        "veg"
      ]
    },
    {
      "name": "Iced Latte 300ml",
      "description": "",
      "media": null,
      "price": 250,
      "menuName": "Coffee",
      "categoryName": "",
      "slugs": [
        "veg",
        "services",
        "delivery-enabled",
        "delivery-enabled",
        "veg",
        "services",
        "veg"
      ]
    },
    {
      "name": "Iced Vanilla Latte, 300ml",
      "description": "Vanilla Syrup + Espresso + Milk |",
      "media": null,
      "price": 300,
      "menuName": "Coffee",
      "categoryName": "",
      "slugs": [
        "veg",
        "services",
        "delivery-enabled",
        "delivery-enabled",
        "veg",
        "services",
        "veg"
      ]
    },
    {
      "name": "Iced Mocha Latte, 300ml",
      "description": "| Chocolate Based Espresso Drink with Milk",
      "media": null,
      "price": 300,
      "menuName": "Coffee",
      "categoryName": "",
      "slugs": [
        "veg",
        "services",
        "delivery-enabled",
        "delivery-enabled",
        "veg",
        "services",
        "veg"
      ]
    },
    {
      "name": "Iced Salted Caramel Latte, 300ml",
      "description": "",
      "media": null,
      "price": 300,
      "menuName": "Coffee",
      "categoryName": "",
      "slugs": [
        "veg",
        "services",
        "delivery-enabled",
        "delivery-enabled",
        "veg",
        "services",
        "veg"
      ]
    },
    {
      "name": "Iced Hazelnut Latte, 300ml",
      "description": "Hazelnut Syrup + Espresso + Milk",
      "media": null,
      "price": 300,
      "menuName": "Coffee",
      "categoryName": "",
      "slugs": [
        "veg",
        "services",
        "delivery-enabled",
        "delivery-enabled",
        "veg",
        "services",
        "veg"
      ]
    },
    {
      "name": "Iced Americano, 300ml",
      "description": "",
      "media": null,
      "price": 200,
      "menuName": "Coffee",
      "categoryName": "",
      "slugs": [
        "veg",
        "restaurant-recommended",
        "services",
        "delivery-enabled",
        "delivery-enabled",
        "veg",
        "restaurant-recommended",
        "services",
        "veg"
      ]
    },
    {
      "name": "Iced Matcha Espresso Latte, 300ml",
      "description": "Matcha Powder + Espresso + Milk",
      "media": null,
      "price": 400,
      "menuName": "Coffee",
      "categoryName": "",
      "slugs": [
        "veg",
        "restaurant-recommended",
        "services",
        "delivery-enabled",
        "delivery-enabled",
        "veg",
        "restaurant-recommended",
        "services",
        "veg"
      ]
    },
    {
      "name": "Iced Brownie Frappe, 300ml",
      "description": "Brownie + Espresso + Milk",
      "media": null,
      "price": 400,
      "menuName": "Coffee",
      "categoryName": "",
      "slugs": [
        "veg",
        "services",
        "rakhi-special",
        "delivery-enabled",
        "delivery-enabled",
        "veg",
        "services",
        "rakhi-special",
        "veg"
      ]
    },
    {
      "name": "Biscoff Shake 300 ML,",
      "description": "",
      "media": null,
      "price": 400,
      "menuName": "Drinks (Beverages)",
      "categoryName": "",
      "slugs": [
        "veg",
        "restaurant-recommended",
        "services",
        "delivery-enabled",
        "delivery-enabled",
        "veg",
        "restaurant-recommended",
        "services",
        "veg"
      ]
    },
    {
      "name": "Schweppes Tonic Water",
      "description": "",
      "media": null,
      "price": 200,
      "menuName": "Drinks (Beverages)",
      "categoryName": "",
      "slugs": [
        "veg",
        "services",
        "delivery-enabled",
        "delivery-enabled",
        "veg",
        "services",
        "veg"
      ]
    },
    {
      "name": "Blueberry Biscoff Shake",
      "description": "",
      "media": null,
      "price": 400,
      "menuName": "Drinks (Beverages)",
      "categoryName": "",
      "slugs": [
        "veg",
        "restaurant-recommended",
        "services",
        "delivery-enabled",
        "delivery-enabled",
        "veg",
        "restaurant-recommended",
        "services",
        "veg"
      ]
    },
    {
      "name": "Strawberry Cheesecake Shake",
      "description": "Strawberry Cheesecake Shake",
      "media": null,
      "price": 420,
      "menuName": "Drinks (Beverages)",
      "categoryName": "",
      "slugs": [
        "veg",
        "restaurant-recommended",
        "services",
        "delivery-enabled",
        "delivery-enabled",
        "veg",
        "restaurant-recommended",
        "services",
        "veg"
      ]
    },
    {
      "name": "Brownie",
      "description": "",
      "media": null,
      "price": 150,
      "menuName": "Desserts",
      "categoryName": "",
      "slugs": [
        "egg",
        "dessert",
        "services",
        "rakhi-special",
        "delivery-enabled",
        "delivery-enabled",
        "egg",
        "dessert",
        "services",
        "rakhi-special",
        "egg"
      ]
    },
    {
      "name": "Nutella Brownie",
      "description": "",
      "media": null,
      "price": 200,
      "menuName": "Desserts",
      "categoryName": "",
      "slugs": [
        "veg",
        "dessert",
        "services",
        "rakhi-special",
        "delivery-enabled",
        "delivery-enabled",
        "veg",
        "dessert",
        "services",
        "rakhi-special",
        "veg"
      ]
    },
    {
      "name": "Biscoff Brownie",
      "description": "",
      "media": null,
      "price": 200,
      "menuName": "Desserts",
      "categoryName": "",
      "slugs": [
        "egg",
        "dessert",
        "services",
        "rakhi-special",
        "delivery-enabled",
        "delivery-enabled",
        "egg",
        "dessert",
        "services",
        "rakhi-special",
        "egg"
      ]
    },
    {
      "name": "Cream Cheese Bagel",
      "description": "Bagel with Cream Cheese, Microgreens and tomatoes. If you do not want the extras please mention kn comments",
      "media": null,
      "price": 250,
      "menuName": "Sandwiches / Breads",
      "categoryName": "",
      "slugs": [
        "veg",
        "services",
        "delivery-enabled",
        "delivery-enabled",
        "veg",
        "services",
        "veg"
      ]
    },
    {
      "name": "Cheese Toastie",
      "description": "Filled with Mustard, Honey Mustard, Cheddar Cheese, Oman Chips (or flaming hot Cheetos) and a good secret ingredient",
      "media": null,
      "price": 350,
      "menuName": "Sandwiches / Breads",
      "categoryName": "",
      "slugs": [
        "veg",
        "restaurant-recommended",
        "hero-item",
        "services",
        "sf-spicy",
        "delivery-enabled",
        "delivery-enabled",
        "veg",
        "restaurant-recommended",
        "hero-item",
        "services",
        "sf-spicy",
        "veg"
      ]
    },
    {
      "name": "Butter Croissants",
      "description": "",
      "media": null,
      "price": 200,
      "menuName": "Sandwiches / Breads",
      "categoryName": "",
      "slugs": [
        "veg",
        "services",
        "delivery-enabled",
        "delivery-enabled",
        "veg",
        "services",
        "veg"
      ]
    },
    {
      "name": "Cream Cheese Croissant",
      "description": "",
      "media": null,
      "price": 300,
      "menuName": "Sandwiches / Breads",
      "categoryName": "",
      "slugs": [
        "egg",
        "services",
        "delivery-enabled",
        "delivery-enabled",
        "egg",
        "services",
        "egg"
      ]
    },
    {
      "name": "Chocolate Croissant",
      "description": "",
      "media": null,
      "price": 300,
      "menuName": "Sandwiches / Breads",
      "categoryName": "",
      "slugs": [
        "egg",
        "services",
        "delivery-enabled",
        "delivery-enabled",
        "egg",
        "services",
        "egg"
      ]
    },
    {
      "name": "Biscoff Croissant",
      "description": "",
      "media": null,
      "price": 220,
      "menuName": "Sandwiches / Breads",
      "categoryName": "",
      "slugs": [
        "egg",
        "services",
        "delivery-enabled",
        "delivery-enabled",
        "egg",
        "services",
        "egg"
      ]
    },
    {
      "name": "Hot Cheetos Cheese Bagel",
      "description": "",
      "media": null,
      "price": 300,
      "menuName": "Sandwiches / Breads",
      "categoryName": "",
      "slugs": [
        "veg",
        "services",
        "delivery-enabled",
        "delivery-enabled",
        "veg",
        "services",
        "veg"
      ]
    },
    {
      "name": "Croissant with Double Chocolate",
      "description": "",
      "media": null,
      "price": 350,
      "menuName": "Sandwiches / Breads",
      "categoryName": "",
      "slugs": [
        "veg",
        "restaurant-recommended",
        "services",
        "delivery-enabled",
        "delivery-enabled",
        "veg",
        "restaurant-recommended",
        "services",
        "veg"
      ]
    },
    {
      "name": "Croissant with Cheddar Cheese and Flaming hot Cheetos",
      "description": "",
      "media": null,
      "price": 350,
      "menuName": "Sandwiches / Breads",
      "categoryName": "",
      "slugs": [
        "veg",
        "services",
        "sf-spicy",
        "delivery-enabled",
        "delivery-enabled",
        "veg",
        "services",
        "sf-spicy",
        "veg"
      ]
    }
  ]
}