{
  "basicInfo": {
    "name": "Tit Bit Culture - Multi Cuisine Restaurant",
    "cuisine_string": "North Indian, Continental, Chinese, Asian, Fast Food, Shake, Beverages",
    "canonicalUrl": "https://www.zomato.com/surat/tit-bit-culture-multi-cuisine-restaurant-pal-gam/order"
  },
  "ratings": {
    "DINING": {
      "rating_type": "DINING",
      "rating": "3.8",
      "reviewCount": "23",
      "reviewTextSmall": "23 Reviews",
      "subtext": "23 Dining Reviews",
      "color": "#1C1C1C",
      "ratingV2": "3.8",
      "subtitle": "DINING",
      "sideSubTitle": "Dining Ratings",
      "bgColorV2": {
        "type": "green",
        "tint": "600"
      },
      "newOnDining": false
    },
    "DELIVERY": {
      "rating_type": "DELIVERY",
      "rating": "3.5",
      "reviewCount": "660",
      "reviewTextSmall": "660 Reviews",
      "subtext": "660 Delivery Reviews",
      "color": "#E23744",
      "ratingV2": "3.5",
      "subtitle": "DELIVERY",
      "sideSubTitle": "Delivery Ratings",
      "bgColorV2": {
        "type": "green",
        "tint": "600"
      },
      "newOnDelivery": false
    }
  },
  "establishment": {
    "city_id": 38,
    "city_name": "Surat",
    "country_id": 1,
    "country_name": "India",
    "zipcode": "395009",
    "is_dark_kitchen": false,
    "locality_verbose": "Pal Gam, Surat",
    "latitude": "21.1908254925",
    "longitude": "72.7794879069",
    "static_map_url": "https://maps.zomato.com/php/staticmap?center=21.1908254925,72.7794879069&maptype=zomato&markers=21.1908254925,72.7794879069,pin_res32&sensor=false&scale=2&zoom=16&language=en&size=240x150&size=400x240",
    "address": "Shop 115, Silver Point, Siddhashila Residency, Near Galaxy Circle, Pal Gam, Surat",
    "is_phone_available": 1,
    "phoneDetails": {
      "title": "Phone Numbers",
      "phoneStr": "+919327552525"
    },
    "res_chain_text": "",
    "res_group_text": "",
    "res_chain_url": "",
    "res_group_url": "",
    "show_res_map": true
  },
  "items": [
    {
      "name": "Crispy Crunchy Vegetable",
      "description": "Diced cut crispy fried veg toss with spicy schezwan hot garlic sauce.",
      "media": "https://b.zmtcdn.com/data/dish_photos/0c8/a2563f02b75133f77a512e8bdfc230c8.png",
      "price": 270,
      "menuName": "Starters",
      "categoryName": "",
      "slugs": [
        "veg",
        "services",
        "sf-spicy",
        "delivery-enabled",
        "delivery-enabled",
        "veg",
        "services",
        "sf-spicy",
        "veg"
      ]
    },
    {
      "name": "Crispy Malaysian Aubergine [15 Pieces]",
      "description": "",
      "media": null,
      "price": 275,
      "menuName": "Starters",
      "categoryName": "",
      "slugs": [
        "veg",
        "services",
        "delivery-enabled",
        "delivery-enabled",
        "veg",
        "services",
        "veg"
      ]
    },
    {
      "name": "Dragon Humpty Dumpty",
      "description": "Coating fry baby potato and veg balls toss with sichuan garlic sauce serve on sizzling.",
      "media": "https://b.zmtcdn.com/data/dish_photos/f16/9420991d55c9ec7f66554f5b3e71ff16.png",
      "price": 281,
      "menuName": "Starters",
      "categoryName": "",
      "slugs": [
        "veg",
        "services",
        "sf-spicy",
        "delivery-enabled",
        "delivery-enabled",
        "veg",
        "services",
        "sf-spicy",
        "veg"
      ]
    },
    {
      "name": "Honey Chili Potato",
      "description": "Honey flavored finger cut of potato toss with red chilli paste and honey topped with sesame seed.",
      "media": "https://b.zmtcdn.com/data/dish_photos/ed8/bb14ca30673cc618615230bf70264ed8.png",
      "price": 220,
      "menuName": "Starters",
      "categoryName": "",
      "slugs": [
        "veg",
        "services",
        "sf-spicy",
        "delivery-enabled",
        "delivery-enabled",
        "veg",
        "services",
        "sf-spicy",
        "veg"
      ]
    },
    {
      "name": "Mapo Doufu [15 Pieces]",
      "description": "",
      "media": null,
      "price": 289,
      "menuName": "Starters",
      "categoryName": "",
      "slugs": [
        "veg",
        "services",
        "delivery-enabled",
        "delivery-enabled",
        "veg",
        "services",
        "veg"
      ]
    },
    {
      "name": "Mushroom Oyster Fungi Chili Dry",
      "description": "",
      "media": null,
      "price": 295,
      "menuName": "Starters",
      "categoryName": "",
      "slugs": [
        "veg",
        "services",
        "sf-spicy",
        "delivery-enabled",
        "delivery-enabled",
        "veg",
        "services",
        "sf-spicy",
        "veg"
      ]
    },
    {
      "name": "Paneer Capri Chili [16 Pieces]",
      "description": "",
      "media": "https://b.zmtcdn.com/data/dish_photos/703/3c354d7a0b9c78c5cc1940702742b703.png",
      "price": 295,
      "menuName": "Starters",
      "categoryName": "",
      "slugs": [
        "veg",
        "services",
        "sf-spicy",
        "delivery-enabled",
        "delivery-enabled",
        "veg",
        "services",
        "sf-spicy",
        "veg"
      ]
    },
    {
      "name": "Paneer Schezwan Chilli",
      "description": "",
      "media": "https://b.zmtcdn.com/data/dish_photos/067/7fd97576715a82c094c0b4e67ab70067.png",
      "price": 275,
      "menuName": "Starters",
      "categoryName": "",
      "slugs": [
        "veg",
        "services",
        "sf-spicy",
        "delivery-enabled",
        "delivery-enabled",
        "veg",
        "services",
        "sf-spicy",
        "veg"
      ]
    },
    {
      "name": "Thai Spice Cottage Cheese",
      "description": "Cube of fried cottage cheese toss with thai spice sauce.",
      "media": "https://b.zmtcdn.com/data/dish_photos/40b/7169bac34ee4481249d08147870c240b.png",
      "price": 285,
      "menuName": "Starters",
      "categoryName": "",
      "slugs": [
        "veg",
        "spicy",
        "services",
        "delivery-enabled",
        "delivery-enabled",
        "veg",
        "spicy",
        "services",
        "veg"
      ]
    },
    {
      "name": "Veg Cheesy Hot Pot Golder [8 Pieces]",
      "description": "",
      "media": "https://b.zmtcdn.com/data/dish_photos/644/95ef24821e3b89c4b8a8fad641682644.png",
      "price": 290,
      "menuName": "Starters",
      "categoryName": "",
      "slugs": [
        "veg",
        "services",
        "delivery-enabled",
        "delivery-enabled",
        "veg",
        "services",
        "veg"
      ]
    },
    {
      "name": "Veg Tawa 65",
      "description": "Chopped veg mashing with oriental spice finger type roll toss with yummy curd and Indian style.",
      "media": "https://b.zmtcdn.com/data/dish_photos/28f/055e68273ba2f02cfbd4fac1206db28f.png",
      "price": 270,
      "menuName": "Starters",
      "categoryName": "",
      "slugs": [
        "veg",
        "services",
        "delivery-enabled",
        "delivery-enabled",
        "veg",
        "services",
        "veg"
      ]
    },
    {
      "name": "Vegetable Manchurian Dry",
      "description": "Chopped veg and make ball toss with soya chilli sauce.",
      "media": "https://b.zmtcdn.com/data/dish_photos/6ac/954cf52c9ea256622337fa6a7e16c6ac.png",
      "price": 220,
      "menuName": "Starters",
      "categoryName": "",
      "slugs": [
        "veg",
        "restaurant-recommended",
        "services",
        "sf-spicy",
        "delivery-enabled",
        "delivery-enabled",
        "veg",
        "restaurant-recommended",
        "services",
        "sf-spicy",
        "veg"
      ]
    },
    {
      "name": "Paneer Chilly Dry",
      "description": "",
      "media": "https://b.zmtcdn.com/data/dish_photos/943/07201e47d4653c4351be4fa0c555f943.png",
      "price": 280,
      "menuName": "Starters",
      "categoryName": "",
      "slugs": [
        "veg",
        "services",
        "sf-spicy",
        "delivery-enabled",
        "delivery-enabled",
        "veg",
        "services",
        "sf-spicy",
        "veg"
      ]
    },
    {
      "name": "Creamy Paneer Garlic",
      "description": "So yummy soft paneer toss on pan with bell pepper garlic and cheesy flavored awesome taste.",
      "media": "https://b.zmtcdn.com/data/dish_photos/4ff/647f69481c9190d3cdbb778ebb9ce4ff.png",
      "price": 270,
      "menuName": "Starters",
      "categoryName": "",
      "slugs": [
        "veg",
        "services",
        "delivery-enabled",
        "delivery-enabled",
        "veg",
        "services",
        "veg"
      ]
    },
    {
      "name": "Afghani Malai Chaap [8 Pieces]",
      "description": "",
      "media": "https://b.zmtcdn.com/data/dish_photos/186/f96562849cf842b55540649938bdb186.png",
      "price": 289,
      "menuName": "Starters",
      "categoryName": "",
      "slugs": [
        "veg",
        "services",
        "delivery-enabled",
        "delivery-enabled",
        "veg",
        "services",
        "veg"
      ]
    },
    {
      "name": "Hara Bhara Kebab [8 Pieces]",
      "description": "",
      "media": "https://b.zmtcdn.com/data/dish_photos/fcb/5441c8e6fcaa91a3e38f01c6f96e3fcb.png",
      "price": 270,
      "menuName": "Starters",
      "categoryName": "",
      "slugs": [
        "veg",
        "services",
        "delivery-enabled",
        "delivery-enabled",
        "veg",
        "services",
        "veg"
      ]
    },
    {
      "name": "Malai Paneer Tikka [8 Pieces]",
      "description": "",
      "media": null,
      "price": 280,
      "menuName": "Starters",
      "categoryName": "",
      "slugs": [
        "veg",
        "services",
        "delivery-enabled",
        "delivery-enabled",
        "veg",
        "services",
        "veg"
      ]
    },
    {
      "name": "Mint Coal Roasted Paneer Tikka [8 Pieces]",
      "description": "",
      "media": "https://b.zmtcdn.com/data/dish_photos/d47/47621e7cc460b4eade19f1ed058e0d47.png",
      "price": 290,
      "menuName": "Starters",
      "categoryName": "",
      "slugs": [
        "veg",
        "services",
        "delivery-enabled",
        "delivery-enabled",
        "veg",
        "services",
        "veg"
      ]
    },
    {
      "name": "Peri Peri Paneer Tikka [8 Pieces]",
      "description": "",
      "media": null,
      "price": 290,
      "menuName": "Starters",
      "categoryName": "",
      "slugs": [
        "veg",
        "services",
        "sf-spicy",
        "delivery-enabled",
        "delivery-enabled",
        "veg",
        "services",
        "sf-spicy",
        "veg"
      ]
    },
    {
      "name": "Peri Peri Tandoori Chaap [8 Pieces]",
      "description": "",
      "media": null,
      "price": 275,
      "menuName": "Starters",
      "categoryName": "",
      "slugs": [
        "veg",
        "services",
        "sf-spicy",
        "delivery-enabled",
        "delivery-enabled",
        "veg",
        "services",
        "sf-spicy",
        "veg"
      ]
    },
    {
      "name": "Vegetable Seek Kebab",
      "description": "Cooked green veggies chop and masing with Indian spice make seek and roast in tandoor served with green chutney.",
      "media": null,
      "price": 265,
      "menuName": "Starters",
      "categoryName": "",
      "slugs": [
        "veg",
        "services",
        "delivery-enabled",
        "delivery-enabled",
        "veg",
        "services",
        "veg"
      ]
    },
    {
      "name": "Desi Videsi Ka Sangam [500 ml]",
      "description": "",
      "media": null,
      "price": 265,
      "menuName": "Main Course",
      "categoryName": "",
      "slugs": [
        "veg",
        "services",
        "delivery-enabled",
        "delivery-enabled",
        "veg",
        "services",
        "veg"
      ]
    },
    {
      "name": "Kadhai Veg [500 ml]",
      "description": "",
      "media": null,
      "price": 230,
      "menuName": "Main Course",
      "categoryName": "",
      "slugs": [
        "veg",
        "services",
        "delivery-enabled",
        "delivery-enabled",
        "veg",
        "services",
        "veg"
      ]
    },
    {
      "name": "Kaju Curry [500 ml]",
      "description": "",
      "media": "https://b.zmtcdn.com/data/dish_photos/25b/180e1635e77c9f75900fa63a0fcb425b.png",
      "price": 320,
      "menuName": "Main Course",
      "categoryName": "",
      "slugs": [
        "veg",
        "services",
        "delivery-enabled",
        "delivery-enabled",
        "veg",
        "services",
        "veg"
      ]
    },
    {
      "name": "Masoori Jeera Aloo",
      "description": "Famous of hill station dish granule mustard seed with cumin seed toss on pan with freshly chop coriander.",
      "media": null,
      "price": 160,
      "menuName": "Main Course",
      "categoryName": "",
      "slugs": [
        "veg",
        "services",
        "delivery-enabled",
        "delivery-enabled",
        "veg",
        "services",
        "veg"
      ]
    },
    {
      "name": "Mushroom Butter Masala [500 ml]",
      "description": "",
      "media": null,
      "price": 285,
      "menuName": "Main Course",
      "categoryName": "",
      "slugs": [
        "veg",
        "services",
        "delivery-enabled",
        "delivery-enabled",
        "veg",
        "services",
        "veg"
      ]
    },
    {
      "name": "Navratan Korma [500 ml]",
      "description": "",
      "media": null,
      "price": 255,
      "menuName": "Main Course",
      "categoryName": "",
      "slugs": [
        "veg",
        "services",
        "delivery-enabled",
        "delivery-enabled",
        "veg",
        "services",
        "veg"
      ]
    },
    {
      "name": "Sabzi Chaap Masala [500 ml]",
      "description": "",
      "media": null,
      "price": 220,
      "menuName": "Main Course",
      "categoryName": "",
      "slugs": [
        "veg",
        "services",
        "delivery-enabled",
        "delivery-enabled",
        "veg",
        "services",
        "veg"
      ]
    },
    {
      "name": "Sabzi Desi Videsi [500 ml]",
      "description": "",
      "media": null,
      "price": 260,
      "menuName": "Main Course",
      "categoryName": "",
      "slugs": [
        "veg",
        "services",
        "delivery-enabled",
        "delivery-enabled",
        "veg",
        "services",
        "veg"
      ]
    },
    {
      "name": "Sabzi Lajawab [500 ml]",
      "description": "",
      "media": null,
      "price": 220,
      "menuName": "Main Course",
      "categoryName": "",
      "slugs": [
        "veg",
        "services",
        "delivery-enabled",
        "delivery-enabled",
        "veg",
        "services",
        "veg"
      ]
    },
    {
      "name": "Soya Chap Lababdar [500 ml]",
      "description": "",
      "media": null,
      "price": 265,
      "menuName": "Main Course",
      "categoryName": "",
      "slugs": [
        "veg",
        "services",
        "delivery-enabled",
        "delivery-enabled",
        "veg",
        "services",
        "veg"
      ]
    },
    {
      "name": "Ralli Malli Subzi [500 ml]",
      "description": "",
      "media": null,
      "price": 230,
      "menuName": "Main Course",
      "categoryName": "",
      "slugs": [
        "veg",
        "services",
        "delivery-enabled",
        "delivery-enabled",
        "veg",
        "services",
        "veg"
      ]
    },
    {
      "name": "Tit Bit Special [500 ml]",
      "description": "",
      "media": null,
      "price": 275,
      "menuName": "Main Course",
      "categoryName": "",
      "slugs": [
        "veg",
        "chef-special",
        "services",
        "delivery-enabled",
        "delivery-enabled",
        "veg",
        "chef-special",
        "services",
        "veg"
      ]
    },
    {
      "name": "Dum Aloo Punjabi [500 ml]",
      "description": "",
      "media": null,
      "price": 245,
      "menuName": "Main Course",
      "categoryName": "",
      "slugs": [
        "veg",
        "services",
        "delivery-enabled",
        "delivery-enabled",
        "veg",
        "services",
        "veg"
      ]
    },
    {
      "name": "Jamaican Paneer Tikka Mirchi [500 ml]",
      "description": "",
      "media": null,
      "price": 299,
      "menuName": "Main Course",
      "categoryName": "",
      "slugs": [
        "veg",
        "services",
        "sf-spicy",
        "delivery-enabled",
        "delivery-enabled",
        "veg",
        "services",
        "sf-spicy",
        "veg"
      ]
    },
    {
      "name": "Paneer Amritsari [500 ml]",
      "description": "",
      "media": "https://b.zmtcdn.com/data/dish_photos/38a/82540e5456425eb38e02d93539d1a38a.png",
      "price": 270,
      "menuName": "Main Course",
      "categoryName": "",
      "slugs": [
        "veg",
        "services",
        "delivery-enabled",
        "delivery-enabled",
        "veg",
        "services",
        "veg"
      ]
    },
    {
      "name": "Paneer Butter Masala [500 ml]",
      "description": "",
      "media": "https://b.zmtcdn.com/data/dish_photos/afa/6652ad3dc76228c791b64c98922e8afa.png",
      "price": 280,
      "menuName": "Main Course",
      "categoryName": "",
      "slugs": [
        "veg",
        "services",
        "delivery-enabled",
        "delivery-enabled",
        "veg",
        "services",
        "veg"
      ]
    },
    {
      "name": "Paneer Chagezi [500 ml]",
      "description": "",
      "media": "https://b.zmtcdn.com/data/dish_photos/26e/03f33ddbb732f726cf27cd8cf8ecf26e.png",
      "price": 285,
      "menuName": "Main Course",
      "categoryName": "",
      "slugs": [
        "veg",
        "services",
        "delivery-enabled",
        "delivery-enabled",
        "veg",
        "services",
        "veg"
      ]
    },
    {
      "name": "Paneer Chettinad [500 ml]",
      "description": "",
      "media": null,
      "price": 275,
      "menuName": "Main Course",
      "categoryName": "",
      "slugs": [
        "veg",
        "services",
        "delivery-enabled",
        "delivery-enabled",
        "veg",
        "services",
        "veg"
      ]
    },
    {
      "name": "Paneer Dum Kali Mirch [500 ml]",
      "description": "",
      "media": "https://b.zmtcdn.com/data/dish_photos/6e7/978a26833e8c84afd9d35edc5e5386e7.png",
      "price": 270,
      "menuName": "Main Course",
      "categoryName": "",
      "slugs": [
        "veg",
        "services",
        "sf-spicy",
        "delivery-enabled",
        "delivery-enabled",
        "veg",
        "services",
        "sf-spicy",
        "veg"
      ]
    },
    {
      "name": "Paneer Gotala [500 ml]",
      "description": "",
      "media": null,
      "price": 280,
      "menuName": "Main Course",
      "categoryName": "",
      "slugs": [
        "veg",
        "services",
        "delivery-enabled",
        "delivery-enabled",
        "veg",
        "services",
        "veg"
      ]
    },
    {
      "name": "Paneer Khurchan [500 ml]",
      "description": "",
      "media": "https://b.zmtcdn.com/data/dish_photos/988/ecf78d17209b9c5314c5fde3f7305988.png",
      "price": 270,
      "menuName": "Main Course",
      "categoryName": "",
      "slugs": [
        "veg",
        "services",
        "delivery-enabled",
        "delivery-enabled",
        "veg",
        "services",
        "veg"
      ]
    },
    {
      "name": "Paneer Lababdar [500 ml]",
      "description": "",
      "media": null,
      "price": 265,
      "menuName": "Main Course",
      "categoryName": "",
      "slugs": [
        "veg",
        "services",
        "delivery-enabled",
        "delivery-enabled",
        "veg",
        "services",
        "veg"
      ]
    },
    {
      "name": "Paneer Lucknowi Tawa [500 ml]",
      "description": "",
      "media": "https://b.zmtcdn.com/data/dish_photos/c89/4d981744eb690f69884b39675d9e3c89.png",
      "price": 260,
      "menuName": "Main Course",
      "categoryName": "",
      "slugs": [
        "veg",
        "services",
        "delivery-enabled",
        "delivery-enabled",
        "veg",
        "services",
        "veg"
      ]
    },
    {
      "name": "Paneer Makhani [500 ml]",
      "description": "",
      "media": null,
      "price": 270,
      "menuName": "Main Course",
      "categoryName": "",
      "slugs": [
        "veg",
        "services",
        "delivery-enabled",
        "delivery-enabled",
        "veg",
        "services",
        "veg"
      ]
    },
    {
      "name": "Paneer Tikka Lajawab [500 ml]",
      "description": "",
      "media": "https://b.zmtcdn.com/data/dish_photos/7b9/5ca28fd2503ddaf63f82291048f2e7b9.png",
      "price": 279,
      "menuName": "Main Course",
      "categoryName": "",
      "slugs": [
        "veg",
        "services",
        "delivery-enabled",
        "delivery-enabled",
        "veg",
        "services",
        "veg"
      ]
    },
    {
      "name": "Paneer Tikka Masala [500 ml]",
      "description": "",
      "media": "https://b.zmtcdn.com/data/dish_photos/2f0/4eed45857a8693424cbaa7e9a75472f0.png",
      "price": 275,
      "menuName": "Main Course",
      "categoryName": "",
      "slugs": [
        "veg",
        "services",
        "delivery-enabled",
        "delivery-enabled",
        "veg",
        "services",
        "veg"
      ]
    },
    {
      "name": "Three Pepper Paneer Bhurji [500 ml]",
      "description": "",
      "media": "https://b.zmtcdn.com/data/dish_photos/379/2f7c874599cab06503abf9d5fad14379.png",
      "price": 270,
      "menuName": "Main Course",
      "categoryName": "",
      "slugs": [
        "veg",
        "services",
        "delivery-enabled",
        "delivery-enabled",
        "veg",
        "services",
        "veg"
      ]
    },
    {
      "name": "Turkey Paneer Saag Wala [500 ml]",
      "description": "",
      "media": null,
      "price": 250,
      "menuName": "Main Course",
      "categoryName": "",
      "slugs": [
        "veg",
        "services",
        "delivery-enabled",
        "delivery-enabled",
        "veg",
        "services",
        "veg"
      ]
    },
    {
      "name": "Exotic Red Pepper Sauce [500 ml]",
      "description": "",
      "media": null,
      "price": 265,
      "menuName": "Main Course",
      "categoryName": "",
      "slugs": [
        "veg",
        "services",
        "delivery-enabled",
        "delivery-enabled",
        "veg",
        "services",
        "veg"
      ]
    },
    {
      "name": "Paneer Beijing Sauce [500 ml]",
      "description": "",
      "media": null,
      "price": 260,
      "menuName": "Main Course",
      "categoryName": "",
      "slugs": [
        "veg",
        "services",
        "delivery-enabled",
        "delivery-enabled",
        "veg",
        "services",
        "veg"
      ]
    },
    {
      "name": "Paneer Chilli Gravy [500 ml]",
      "description": "",
      "media": null,
      "price": 280,
      "menuName": "Main Course",
      "categoryName": "",
      "slugs": [
        "veg",
        "services",
        "sf-spicy",
        "delivery-enabled",
        "delivery-enabled",
        "veg",
        "services",
        "sf-spicy",
        "veg"
      ]
    },
    {
      "name": "Green Thai Curry [500 ml]",
      "description": "",
      "media": null,
      "price": 280,
      "menuName": "Main Course",
      "categoryName": "",
      "slugs": [
        "veg",
        "services",
        "delivery-enabled",
        "delivery-enabled",
        "veg",
        "services",
        "veg"
      ]
    },
    {
      "name": "Red Thai Curry [500 ml]",
      "description": "",
      "media": null,
      "price": 320,
      "menuName": "Main Course",
      "categoryName": "",
      "slugs": [
        "veg",
        "services",
        "delivery-enabled",
        "delivery-enabled",
        "veg",
        "services",
        "veg"
      ]
    },
    {
      "name": "Shamble Thai Curry [300 ml]",
      "description": "",
      "media": null,
      "price": 300,
      "menuName": "Main Course",
      "categoryName": "",
      "slugs": [
        "veg",
        "services",
        "delivery-enabled",
        "delivery-enabled",
        "veg",
        "services",
        "veg"
      ]
    },
    {
      "name": "Veg Ball In Hot Garlic Sauce [500 ml]",
      "description": "",
      "media": null,
      "price": 260,
      "menuName": "Main Course",
      "categoryName": "",
      "slugs": [
        "veg",
        "services",
        "delivery-enabled",
        "delivery-enabled",
        "veg",
        "services",
        "veg"
      ]
    },
    {
      "name": "Veg Manchurian Gravy",
      "description": "Make manchurian ball make gravy with dark soya and chilli sauce.",
      "media": null,
      "price": 220,
      "menuName": "Main Course",
      "categoryName": "",
      "slugs": [
        "veg",
        "services",
        "sf-spicy",
        "delivery-enabled",
        "delivery-enabled",
        "veg",
        "services",
        "sf-spicy",
        "veg"
      ]
    },
    {
      "name": "Angoori Cheese Kofta",
      "description": "",
      "media": null,
      "price": 290,
      "menuName": "Main Course",
      "categoryName": "",
      "slugs": [
        "veg",
        "services",
        "delivery-enabled",
        "delivery-enabled",
        "veg",
        "services",
        "veg"
      ]
    },
    {
      "name": "Malai Kofta",
      "description": "Images used are for representation purposes only, and do not indicate size, portion, quantity or color of the actual dish.",
      "media": null,
      "price": 280,
      "menuName": "Main Course",
      "categoryName": "",
      "slugs": [
        "veg",
        "services",
        "delivery-enabled",
        "delivery-enabled",
        "veg",
        "services",
        "veg"
      ]
    },
    {
      "name": "Veg Kofta",
      "description": "|| Images used are for representation purposes only, and do not indicate size, portion, quantity or color of the actual dish.||",
      "media": null,
      "price": 260,
      "menuName": "Main Course",
      "categoryName": "",
      "slugs": [
        "veg",
        "services",
        "delivery-enabled",
        "delivery-enabled",
        "veg",
        "services",
        "veg"
      ]
    },
    {
      "name": "Dal Fry",
      "description": "A comforting and delicious preparation made with mixed daal cooked and tempered with onions, chillies and more in pure ghee.",
      "media": "https://b.zmtcdn.com/data/dish_photos/950/c4444f6258af2d8d064ed5e255aad950.png",
      "price": 195,
      "menuName": "Main Course",
      "categoryName": "",
      "slugs": [
        "veg",
        "services",
        "delivery-enabled",
        "delivery-enabled",
        "veg",
        "services",
        "veg"
      ]
    },
    {
      "name": "Dal Palak",
      "description": "|| Images used are for representation purposes only, and do not indicate size, portion, quantity or color of the actual dish.||",
      "media": "https://b.zmtcdn.com/data/dish_photos/934/eb34fb1bd401cd0e6947fcb368b1a934.png",
      "price": 210,
      "menuName": "Main Course",
      "categoryName": "",
      "slugs": [
        "veg",
        "services",
        "delivery-enabled",
        "delivery-enabled",
        "veg",
        "services",
        "veg"
      ]
    },
    {
      "name": "Dal Tadka",
      "description": "Arhar dal tempered twice, to enhance the flavors, aroma and taste.",
      "media": null,
      "price": 200,
      "menuName": "Main Course",
      "categoryName": "",
      "slugs": [
        "veg",
        "services",
        "delivery-enabled",
        "delivery-enabled",
        "veg",
        "services",
        "veg"
      ]
    },
    {
      "name": "Butter Lachha Paratha",
      "description": "",
      "media": null,
      "price": 60,
      "menuName": "Breads",
      "categoryName": "",
      "slugs": [
        "veg",
        "services",
        "delivery-enabled",
        "delivery-enabled",
        "veg",
        "services",
        "veg"
      ]
    },
    {
      "name": "Butter Missi Roti",
      "description": "",
      "media": null,
      "price": 50,
      "menuName": "Breads",
      "categoryName": "",
      "slugs": [
        "veg",
        "services",
        "delivery-enabled",
        "delivery-enabled",
        "veg",
        "services",
        "veg"
      ]
    },
    {
      "name": "Butter Naan",
      "description": "",
      "media": "https://b.zmtcdn.com/data/dish_photos/f8a/cbd53297f899aabe0399f6d6001dcf8a.png",
      "price": 50,
      "menuName": "Breads",
      "categoryName": "",
      "slugs": [
        "veg",
        "services",
        "delivery-enabled",
        "delivery-enabled",
        "veg",
        "services",
        "veg"
      ]
    },
    {
      "name": "Butter Roti",
      "description": "Prepared with wheat atta.",
      "media": "https://b.zmtcdn.com/data/dish_photos/9be/6c6ca2bfd6aac3c14915b57c74bcd9be.png",
      "price": 30,
      "menuName": "Breads",
      "categoryName": "",
      "slugs": [
        "veg",
        "services",
        "delivery-enabled",
        "delivery-enabled",
        "veg",
        "services",
        "veg"
      ]
    },
    {
      "name": "Cheese Chilli Naan",
      "description": "",
      "media": null,
      "price": 80,
      "menuName": "Breads",
      "categoryName": "",
      "slugs": [
        "veg",
        "services",
        "sf-spicy",
        "delivery-enabled",
        "delivery-enabled",
        "veg",
        "services",
        "sf-spicy",
        "veg"
      ]
    },
    {
      "name": "Cheese Garlic Naan",
      "description": "|| Images used are for representation purposes only, and do not indicate size, portion, quantity or color of the actual dish.||",
      "media": null,
      "price": 80,
      "menuName": "Breads",
      "categoryName": "",
      "slugs": [
        "veg",
        "services",
        "delivery-enabled",
        "delivery-enabled",
        "veg",
        "services",
        "veg"
      ]
    },
    {
      "name": "Cheese Naan",
      "description": "North Indian bread with a generous serving of cheese that tastes brilliant when paired with a gravy.",
      "media": null,
      "price": 60,
      "menuName": "Breads",
      "categoryName": "",
      "slugs": [
        "veg",
        "services",
        "delivery-enabled",
        "delivery-enabled",
        "veg",
        "services",
        "veg"
      ]
    },
    {
      "name": "Chilli Garlic Naan",
      "description": "",
      "media": null,
      "price": 50,
      "menuName": "Breads",
      "categoryName": "",
      "slugs": [
        "veg",
        "services",
        "sf-spicy",
        "delivery-enabled",
        "delivery-enabled",
        "veg",
        "services",
        "sf-spicy",
        "veg"
      ]
    },
    {
      "name": "Chur Chur Naan",
      "description": "",
      "media": null,
      "price": 50,
      "menuName": "Breads",
      "categoryName": "",
      "slugs": [
        "veg",
        "services",
        "delivery-enabled",
        "delivery-enabled",
        "veg",
        "services",
        "veg"
      ]
    },
    {
      "name": "Plain Lachha Paratha",
      "description": "",
      "media": null,
      "price": 40,
      "menuName": "Breads",
      "categoryName": "",
      "slugs": [
        "veg",
        "services",
        "delivery-enabled",
        "delivery-enabled",
        "veg",
        "services",
        "veg"
      ]
    },
    {
      "name": "Plain Missi Roti",
      "description": "",
      "media": null,
      "price": 20,
      "menuName": "Breads",
      "categoryName": "",
      "slugs": [
        "veg",
        "services",
        "delivery-enabled",
        "delivery-enabled",
        "veg",
        "services",
        "veg"
      ]
    },
    {
      "name": "Plain Roti",
      "description": "",
      "media": null,
      "price": 20,
      "menuName": "Breads",
      "categoryName": "",
      "slugs": [
        "veg",
        "services",
        "delivery-enabled",
        "delivery-enabled",
        "veg",
        "services",
        "veg"
      ]
    },
    {
      "name": "Pudina Chilli Roti",
      "description": "",
      "media": null,
      "price": 40,
      "menuName": "Breads",
      "categoryName": "",
      "slugs": [
        "veg",
        "services",
        "sf-spicy",
        "delivery-enabled",
        "delivery-enabled",
        "veg",
        "services",
        "sf-spicy",
        "veg"
      ]
    },
    {
      "name": "Stuffed Aloo Paratha",
      "description": "",
      "media": null,
      "price": 60,
      "menuName": "Breads",
      "categoryName": "",
      "slugs": [
        "veg",
        "restaurant-recommended",
        "services",
        "delivery-enabled",
        "delivery-enabled",
        "veg",
        "restaurant-recommended",
        "services",
        "veg"
      ]
    },
    {
      "name": "Stuffed Veg Paratha",
      "description": "",
      "media": null,
      "price": 60,
      "menuName": "Breads",
      "categoryName": "",
      "slugs": [
        "veg",
        "services",
        "delivery-enabled",
        "delivery-enabled",
        "veg",
        "services",
        "veg"
      ]
    },
    {
      "name": "Plain Naan",
      "description": "",
      "media": null,
      "price": 40,
      "menuName": "Breads",
      "categoryName": "",
      "slugs": [
        "veg",
        "services",
        "delivery-enabled",
        "delivery-enabled",
        "veg",
        "services",
        "veg"
      ]
    },
    {
      "name": "Dal Khichdi [500 ml]",
      "description": "",
      "media": null,
      "price": 178,
      "menuName": "Rice and Biryani",
      "categoryName": "Rice",
      "slugs": [
        "veg",
        "services",
        "delivery-enabled",
        "delivery-enabled",
        "veg",
        "services",
        "veg"
      ]
    },
    {
      "name": "Dal Palak Garlic Khichdi [500 ml]",
      "description": "",
      "media": null,
      "price": 190,
      "menuName": "Rice and Biryani",
      "categoryName": "Rice",
      "slugs": [
        "veg",
        "services",
        "delivery-enabled",
        "delivery-enabled",
        "veg",
        "services",
        "veg"
      ]
    },
    {
      "name": "Dal Palak Khichdi [500 ml]",
      "description": "",
      "media": null,
      "price": 220,
      "menuName": "Rice and Biryani",
      "categoryName": "Rice",
      "slugs": [
        "veg",
        "services",
        "delivery-enabled",
        "delivery-enabled",
        "veg",
        "services",
        "veg"
      ]
    },
    {
      "name": "Exotic Veg Risotto Rice",
      "description": "Cook exotic veggies with Italian rice creamy cheese and milky flavor.",
      "media": "https://b.zmtcdn.com/data/dish_photos/b16/0d9e476926d97627071bc80d73f52b16.png",
      "price": 280,
      "menuName": "Rice and Biryani",
      "categoryName": "Rice",
      "slugs": [
        "veg",
        "services",
        "delivery-enabled",
        "delivery-enabled",
        "veg",
        "services",
        "veg"
      ]
    },
    {
      "name": "Garlic Basil Risotto Rice",
      "description": "Smoothies cook risotto rice with chop garlic basil milky and cheesy garlic flavored.",
      "media": null,
      "price": 280,
      "menuName": "Rice and Biryani",
      "categoryName": "Rice",
      "slugs": [
        "veg",
        "services",
        "delivery-enabled",
        "delivery-enabled",
        "veg",
        "services",
        "veg"
      ]
    },
    {
      "name": "Mushroom Cheese Risotto Rice",
      "description": "Smoothies cook Italian risotto rice with milky and cheesy mushroom flavored.",
      "media": null,
      "price": 280,
      "menuName": "Rice and Biryani",
      "categoryName": "Rice",
      "slugs": [
        "veg",
        "services",
        "delivery-enabled",
        "delivery-enabled",
        "veg",
        "services",
        "veg"
      ]
    },
    {
      "name": "Matar Paneer Pulao",
      "description": "",
      "media": null,
      "price": 170,
      "menuName": "Rice and Biryani",
      "categoryName": "Rice",
      "slugs": [
        "veg",
        "services",
        "delivery-enabled",
        "delivery-enabled",
        "veg",
        "services",
        "veg"
      ]
    },
    {
      "name": "Peri Peri Pulao",
      "description": "",
      "media": "https://b.zmtcdn.com/data/dish_photos/cdf/3455959ba97ab5eca7d4b71795bdacdf.jpg",
      "price": 220,
      "menuName": "Rice and Biryani",
      "categoryName": "Rice",
      "slugs": [
        "veg",
        "services",
        "sf-spicy",
        "delivery-enabled",
        "delivery-enabled",
        "veg",
        "services",
        "sf-spicy",
        "veg"
      ]
    },
    {
      "name": "Risotto Dal Khichdi",
      "description": "This is same like to dal khichdi but here but presenting different type smooth and Italian rice will make with our stander toor dal desi ghee Indian spice flavored.",
      "media": null,
      "price": 280,
      "menuName": "Rice and Biryani",
      "categoryName": "Rice",
      "slugs": [
        "veg",
        "services",
        "delivery-enabled",
        "delivery-enabled",
        "veg",
        "services",
        "veg"
      ]
    },
    {
      "name": "Steamed Rice",
      "description": "",
      "media": null,
      "price": 100,
      "menuName": "Rice and Biryani",
      "categoryName": "Rice",
      "slugs": [
        "veg",
        "services",
        "delivery-enabled",
        "delivery-enabled",
        "veg",
        "services",
        "veg"
      ]
    },
    {
      "name": "Jeera Rice",
      "description": "",
      "media": "https://b.zmtcdn.com/data/dish_photos/406/895f5b196851d8f5c3dd0d8711c31406.png",
      "price": 150,
      "menuName": "Rice and Biryani",
      "categoryName": "Rice",
      "slugs": [
        "veg",
        "services",
        "delivery-enabled",
        "delivery-enabled",
        "veg",
        "services",
        "veg"
      ]
    },
    {
      "name": "Awadhi Dum Biryani [750 ml]",
      "description": "",
      "media": null,
      "price": 280,
      "menuName": "Rice and Biryani",
      "categoryName": "Biryani",
      "slugs": [
        "veg",
        "services",
        "delivery-enabled",
        "delivery-enabled",
        "veg",
        "services",
        "veg"
      ]
    },
    {
      "name": "Jambalaya Tikka Biryani [750 ml]",
      "description": "",
      "media": null,
      "price": 280,
      "menuName": "Rice and Biryani",
      "categoryName": "Biryani",
      "slugs": [
        "veg",
        "services",
        "delivery-enabled",
        "delivery-enabled",
        "veg",
        "services",
        "veg"
      ]
    },
    {
      "name": "Paneer Jamacian Dum Biryani",
      "description": "",
      "media": "https://b.zmtcdn.com/data/dish_photos/caf/160bbec9a518e3a70d0e88f4588e0caf.png",
      "price": 280,
      "menuName": "Rice and Biryani",
      "categoryName": "Biryani",
      "slugs": [
        "veg",
        "services",
        "delivery-enabled",
        "delivery-enabled",
        "veg",
        "services",
        "veg"
      ]
    },
    {
      "name": "Subzi Dum Biryani",
      "description": "",
      "media": "https://b.zmtcdn.com/data/dish_photos/da4/c3b34f95c6b9b316fa655a2068a93da4.png",
      "price": 260,
      "menuName": "Rice and Biryani",
      "categoryName": "Biryani",
      "slugs": [
        "veg",
        "services",
        "delivery-enabled",
        "delivery-enabled",
        "veg",
        "services",
        "veg"
      ]
    },
    {
      "name": "Burnt Garlic Fried Rice",
      "description": "Just burnt garlic with blanched veggies stir on wok with light chilli spice sauce.",
      "media": null,
      "price": 230,
      "menuName": "Fried Rice and Noodles",
      "categoryName": "Fried Rice",
      "slugs": [
        "veg",
        "services",
        "sf-spicy",
        "delivery-enabled",
        "delivery-enabled",
        "veg",
        "services",
        "sf-spicy",
        "veg"
      ]
    },
    {
      "name": "Cilantro Bean Fried Rice",
      "description": "Chopped exotic veggies toss on pan kidney bean and corn combination cilantro flavored.",
      "media": null,
      "price": 260,
      "menuName": "Fried Rice and Noodles",
      "categoryName": "Fried Rice",
      "slugs": [
        "veg",
        "services",
        "delivery-enabled",
        "delivery-enabled",
        "veg",
        "services",
        "veg"
      ]
    },
    {
      "name": "Cottage Cheese Beijing Fried Rice",
      "description": "Simply cut cube cottage cheese with veggies bell pepper stir on wok rice with spicy Beijing sauce.",
      "media": null,
      "price": 220,
      "menuName": "Fried Rice and Noodles",
      "categoryName": "Fried Rice",
      "slugs": [
        "veg",
        "services",
        "sf-spicy",
        "delivery-enabled",
        "delivery-enabled",
        "veg",
        "services",
        "sf-spicy",
        "veg"
      ]
    },
    {
      "name": "Cottage Cheese Ginger Fried Rice",
      "description": "Thinly cut slice ginger veggies and cottage cheese with cheese stir on wok with spice yummy sauce.",
      "media": "https://b.zmtcdn.com/data/dish_photos/914/a55e10d4dc7f28a5d55d1cad57987914.jpg",
      "price": 245,
      "menuName": "Fried Rice and Noodles",
      "categoryName": "Fried Rice",
      "slugs": [
        "veg",
        "services",
        "delivery-enabled",
        "delivery-enabled",
        "veg",
        "services",
        "veg"
      ]
    },
    {
      "name": "Italian Pasta Fried Rice",
      "description": "Cook cut pasta exotic veggies rice toss on pan with Italian herb.",
      "media": null,
      "price": 240,
      "menuName": "Fried Rice and Noodles",
      "categoryName": "Fried Rice",
      "slugs": [
        "veg",
        "services",
        "delivery-enabled",
        "delivery-enabled",
        "veg",
        "services",
        "veg"
      ]
    },
    {
      "name": "Mexican Chilli Bean Fried Rice",
      "description": "Cooked corn kidney bean with chopped veggies toss on pan with pomodoro sauce.",
      "media": "https://b.zmtcdn.com/data/dish_photos/4f4/a34431c656235ab490b58b75f3b204f4.png",
      "price": 260,
      "menuName": "Fried Rice and Noodles",
      "categoryName": "Fried Rice",
      "slugs": [
        "veg",
        "restaurant-recommended",
        "services",
        "sf-spicy",
        "delivery-enabled",
        "delivery-enabled",
        "veg",
        "restaurant-recommended",
        "services",
        "sf-spicy",
        "veg"
      ]
    },
    {
      "name": "Peri Peri Pepper Fried Rice",
      "description": "Chunk cut of cook veggies with spice peri peri.",
      "media": null,
      "price": 230,
      "menuName": "Fried Rice and Noodles",
      "categoryName": "Fried Rice",
      "slugs": [
        "veg",
        "services",
        "sf-spicy",
        "delivery-enabled",
        "delivery-enabled",
        "veg",
        "services",
        "sf-spicy",
        "veg"
      ]
    },
    {
      "name": "Schezwan Fried Rice",
      "description": "",
      "media": null,
      "price": 180,
      "menuName": "Fried Rice and Noodles",
      "categoryName": "Fried Rice",
      "slugs": [
        "veg",
        "services",
        "sf-spicy",
        "delivery-enabled",
        "delivery-enabled",
        "veg",
        "services",
        "sf-spicy",
        "veg"
      ]
    },
    {
      "name": "Special Triple Fried Rice",
      "description": "Simply blanched veggies make Sichuan rice serve with deep and to up grade cheese.",
      "media": null,
      "price": 230,
      "menuName": "Fried Rice and Noodles",
      "categoryName": "Fried Rice",
      "slugs": [
        "veg",
        "services",
        "sf-spicy",
        "delivery-enabled",
        "delivery-enabled",
        "veg",
        "services",
        "sf-spicy",
        "veg"
      ]
    },
    {
      "name": "Veg Fried Rice",
      "description": "Chop cut chunky veggies stir on wok with rice.",
      "media": null,
      "price": 180,
      "menuName": "Fried Rice and Noodles",
      "categoryName": "Fried Rice",
      "slugs": [
        "veg",
        "services",
        "delivery-enabled",
        "delivery-enabled",
        "veg",
        "services",
        "veg"
      ]
    },
    {
      "name": "Hakka Burnt Garlic Noodles",
      "description": "Sliced thinly cut veggies steamed noodles stir on wok with burnt garlic.",
      "media": "https://b.zmtcdn.com/data/dish_photos/ad4/e0187fc6f09f53de9dab553d30e39ad4.jpg",
      "price": 245,
      "menuName": "Fried Rice and Noodles",
      "categoryName": "Noodles",
      "slugs": [
        "veg",
        "services",
        "delivery-enabled",
        "delivery-enabled",
        "veg",
        "services",
        "veg"
      ]
    },
    {
      "name": "Hong Kong Style Noodles",
      "description": "Steamed noodles exotic veggies with spicy hot hong kong style sauce.",
      "media": null,
      "price": 245,
      "menuName": "Fried Rice and Noodles",
      "categoryName": "Noodles",
      "slugs": [
        "veg",
        "services",
        "sf-spicy",
        "delivery-enabled",
        "delivery-enabled",
        "veg",
        "services",
        "sf-spicy",
        "veg"
      ]
    },
    {
      "name": "Mushroom and Baby Corn Scallion Noodles",
      "description": "Sliced thinly mushroom with baby corn stir on wok with hot an spicy sauce.",
      "media": null,
      "price": 230,
      "menuName": "Fried Rice and Noodles",
      "categoryName": "Noodles",
      "slugs": [
        "veg",
        "services",
        "sf-spicy",
        "delivery-enabled",
        "delivery-enabled",
        "veg",
        "services",
        "sf-spicy",
        "veg"
      ]
    },
    {
      "name": "Veg Hakka Noodles",
      "description": "Sheered cutting veggies toss on wok with soya chilli sauce.",
      "media": null,
      "price": 180,
      "menuName": "Fried Rice and Noodles",
      "categoryName": "Noodles",
      "slugs": [
        "veg",
        "services",
        "sf-spicy",
        "delivery-enabled",
        "delivery-enabled",
        "veg",
        "services",
        "sf-spicy",
        "veg"
      ]
    },
    {
      "name": "Veg Schezwan Noodles",
      "description": "Steam noodles stir on wok veggies with schezwan sauce.",
      "media": null,
      "price": 220,
      "menuName": "Fried Rice and Noodles",
      "categoryName": "Noodles",
      "slugs": [
        "veg",
        "services",
        "sf-spicy",
        "delivery-enabled",
        "delivery-enabled",
        "veg",
        "services",
        "sf-spicy",
        "veg"
      ]
    },
    {
      "name": "Barbecue Paneer Pizza [9 inches]",
      "description": "",
      "media": null,
      "price": 399,
      "menuName": "Pizza and Pasta",
      "categoryName": "Pizza",
      "slugs": [
        "veg",
        "services",
        "sf-kid-friendly",
        "delivery-enabled",
        "delivery-enabled",
        "veg",
        "services",
        "sf-kid-friendly",
        "veg"
      ]
    },
    {
      "name": "Corn and Cheese Pizza [9 inches]",
      "description": "Spicy pizza sauce and mozzarella cheese fresh corn only.",
      "media": null,
      "price": 390,
      "menuName": "Pizza and Pasta",
      "categoryName": "Pizza",
      "slugs": [
        "veg",
        "services",
        "sf-spicy",
        "delivery-enabled",
        "delivery-enabled",
        "veg",
        "services",
        "sf-spicy",
        "veg"
      ]
    },
    {
      "name": "Margherita Pizza [9 inches]",
      "description": "Spicy pizza sauce slice tomato blasting mozzarella cheese than backed.",
      "media": null,
      "price": 320,
      "menuName": "Pizza and Pasta",
      "categoryName": "Pizza",
      "slugs": [
        "veg",
        "services",
        "sf-spicy",
        "delivery-enabled",
        "delivery-enabled",
        "veg",
        "services",
        "sf-spicy",
        "veg"
      ]
    },
    {
      "name": "Paneer Chilli Pizza [9 inches]",
      "description": "Stir paneer chilli with spicy pizza sauce and bell pepper onion blasting mozzarella cheese.",
      "media": null,
      "price": 380,
      "menuName": "Pizza and Pasta",
      "categoryName": "Pizza",
      "slugs": [
        "veg",
        "services",
        "sf-spicy",
        "delivery-enabled",
        "delivery-enabled",
        "veg",
        "services",
        "sf-spicy",
        "veg"
      ]
    },
    {
      "name": "Paneer Makhani Pizza [9 inches]",
      "description": "Spice pizza sauce bell pepper onion broccoli cube makhani paneer mozzarella cheese olive jalapeno.",
      "media": null,
      "price": 350,
      "menuName": "Pizza and Pasta",
      "categoryName": "Pizza",
      "slugs": [
        "veg",
        "services",
        "sf-spicy",
        "delivery-enabled",
        "delivery-enabled",
        "veg",
        "services",
        "sf-spicy",
        "veg"
      ]
    },
    {
      "name": "Paprika Farmhouse Pizza [9 inches]",
      "description": "Spicy pizza sauce julian cut veggies zucchini bell pepper baby corn mushroom paneer olive stir with paprika spice blasting mozzarella cheese.",
      "media": null,
      "price": 390,
      "menuName": "Pizza and Pasta",
      "categoryName": "Pizza",
      "slugs": [
        "veg",
        "services",
        "sf-spicy",
        "delivery-enabled",
        "delivery-enabled",
        "veg",
        "services",
        "sf-spicy",
        "veg"
      ]
    },
    {
      "name": "Veggies Deluxe Pizza [9 inches]",
      "description": "Cube paneer veggies bell pepper olive jalapeno spicy pizza sauce and mozzarella cheese.",
      "media": "https://b.zmtcdn.com/data/dish_photos/8c5/2d9ad8f4b7cba6f74dd33d2b90b218c5.jpg",
      "price": 370,
      "menuName": "Pizza and Pasta",
      "categoryName": "Pizza",
      "slugs": [
        "veg",
        "restaurant-recommended",
        "services",
        "sf-spicy",
        "delivery-enabled",
        "delivery-enabled",
        "veg",
        "restaurant-recommended",
        "services",
        "sf-spicy",
        "veg"
      ]
    },
    {
      "name": "Baked Macaroni",
      "description": "",
      "media": null,
      "price": 290,
      "menuName": "Pizza and Pasta",
      "categoryName": "Pasta",
      "slugs": [
        "veg",
        "services",
        "sf-kid-friendly",
        "delivery-enabled",
        "delivery-enabled",
        "veg",
        "services",
        "sf-kid-friendly",
        "veg"
      ]
    },
    {
      "name": "Baked Parmesan Cheese Spaghetti",
      "description": "",
      "media": null,
      "price": 299,
      "menuName": "Pizza and Pasta",
      "categoryName": "Pasta",
      "slugs": [
        "veg",
        "services",
        "sf-kid-friendly",
        "delivery-enabled",
        "delivery-enabled",
        "veg",
        "services",
        "sf-kid-friendly",
        "veg"
      ]
    },
    {
      "name": "Exotic Veg Lasagna Pasta",
      "description": "",
      "media": "https://b.zmtcdn.com/data/dish_photos/c62/2ce7c50e52d43ba9875368509b42dc62.png",
      "price": 430,
      "menuName": "Pizza and Pasta",
      "categoryName": "Pasta",
      "slugs": [
        "veg",
        "services",
        "sf-kid-friendly",
        "delivery-enabled",
        "delivery-enabled",
        "veg",
        "services",
        "sf-kid-friendly",
        "veg"
      ]
    },
    {
      "name": "Baked Au Gratin Pasta",
      "description": "",
      "media": null,
      "price": 300,
      "menuName": "Pizza and Pasta",
      "categoryName": "Pasta",
      "slugs": [
        "veg",
        "services",
        "sf-kid-friendly",
        "delivery-enabled",
        "delivery-enabled",
        "veg",
        "services",
        "sf-kid-friendly",
        "veg"
      ]
    },
    {
      "name": "Ala Arrabiata Pasta",
      "description": "",
      "media": null,
      "price": 290,
      "menuName": "Pizza and Pasta",
      "categoryName": "Pasta",
      "slugs": [
        "veg",
        "services",
        "sf-kid-friendly",
        "delivery-enabled",
        "delivery-enabled",
        "veg",
        "services",
        "sf-kid-friendly",
        "veg"
      ]
    },
    {
      "name": "Ala Pink Sauce Pasta",
      "description": "",
      "media": "https://b.zmtcdn.com/data/dish_photos/500/25543455650902e4be99bfc980331500.png",
      "price": 290,
      "menuName": "Pizza and Pasta",
      "categoryName": "Pasta",
      "slugs": [
        "veg",
        "services",
        "sf-kid-friendly",
        "delivery-enabled",
        "delivery-enabled",
        "veg",
        "services",
        "sf-kid-friendly",
        "veg"
      ]
    },
    {
      "name": "Ala Alfredo Pasta",
      "description": "",
      "media": null,
      "price": 290,
      "menuName": "Pizza and Pasta",
      "categoryName": "Pasta",
      "slugs": [
        "veg",
        "services",
        "sf-kid-friendly",
        "delivery-enabled",
        "delivery-enabled",
        "veg",
        "services",
        "sf-kid-friendly",
        "veg"
      ]
    },
    {
      "name": "Spaghetti Pomodoro Sauce Pasta",
      "description": "",
      "media": null,
      "price": 290,
      "menuName": "Pizza and Pasta",
      "categoryName": "Pasta",
      "slugs": [
        "veg",
        "services",
        "sf-kid-friendly",
        "delivery-enabled",
        "delivery-enabled",
        "veg",
        "services",
        "sf-kid-friendly",
        "veg"
      ]
    },
    {
      "name": "Began Chiptole Paneer Grilled Sandwich",
      "description": "Slice bread spared mint sauce its also healthy sandwich paneer stir in pan with olive oil lattice and grill with blasting cheese.",
      "media": null,
      "price": 230,
      "menuName": "Sandwiches",
      "categoryName": "",
      "slugs": [
        "veg",
        "services",
        "delivery-enabled",
        "delivery-enabled",
        "veg",
        "services",
        "veg"
      ]
    },
    {
      "name": "Guppy Suppy Grilled Sandwich",
      "description": "Its healthy sandwich [2 Slices] bread spared mint mayo sauce and lattice cube paneer stir in pan great cheese and grill.",
      "media": null,
      "price": 230,
      "menuName": "Sandwiches",
      "categoryName": "",
      "slugs": [
        "veg",
        "services",
        "delivery-enabled",
        "delivery-enabled",
        "veg",
        "services",
        "veg"
      ]
    },
    {
      "name": "Paneer Tikka Grilled Sandwich",
      "description": "Its a gym healthy sandwich curd marinated paneer with stir in pan with lattice great cheese and grill.",
      "media": null,
      "price": 230,
      "menuName": "Sandwiches",
      "categoryName": "",
      "slugs": [
        "veg",
        "services",
        "delivery-enabled",
        "delivery-enabled",
        "veg",
        "services",
        "veg"
      ]
    },
    {
      "name": "Peri Peri Paneer Grilled Sandwich [2 Slices]",
      "description": "Bread spared butter chutney and onion bell pepper mashing with peri sauce and grill.",
      "media": null,
      "price": 230,
      "menuName": "Sandwiches",
      "categoryName": "",
      "slugs": [
        "veg",
        "services",
        "sf-spicy",
        "delivery-enabled",
        "delivery-enabled",
        "veg",
        "services",
        "sf-spicy",
        "veg"
      ]
    },
    {
      "name": "Veg Cheese Grilled Sandwich",
      "description": "3 Layered jumbo bread slice spared butter green chutney mashing potato pepper cheese and grilled.",
      "media": null,
      "price": 190,
      "menuName": "Sandwiches",
      "categoryName": "",
      "slugs": [
        "veg",
        "services",
        "delivery-enabled",
        "delivery-enabled",
        "veg",
        "services",
        "veg"
      ]
    },
    {
      "name": "Veg Cheese Sandwich",
      "description": "",
      "media": null,
      "price": 145,
      "menuName": "Sandwiches",
      "categoryName": "",
      "slugs": [
        "veg",
        "services",
        "delivery-enabled",
        "delivery-enabled",
        "veg",
        "services",
        "veg"
      ]
    },
    {
      "name": "Veg Sandwich",
      "description": "",
      "media": null,
      "price": 90,
      "menuName": "Sandwiches",
      "categoryName": "",
      "slugs": [
        "veg",
        "services",
        "delivery-enabled",
        "delivery-enabled",
        "veg",
        "services",
        "veg"
      ]
    },
    {
      "name": "Mexican Cheese Nachos",
      "description": "This is yummy corn tortilla topped with cheese and bell pepper.",
      "media": null,
      "price": 275,
      "menuName": "Snacks",
      "categoryName": "",
      "slugs": [
        "veg",
        "services",
        "delivery-enabled",
        "delivery-enabled",
        "veg",
        "services",
        "veg"
      ]
    },
    {
      "name": "Spicy Mexican Tacos [6 Pieces]",
      "description": "",
      "media": null,
      "price": 280,
      "menuName": "Snacks",
      "categoryName": "",
      "slugs": [
        "veg",
        "spicy",
        "services",
        "sf-spicy",
        "delivery-enabled",
        "delivery-enabled",
        "veg",
        "spicy",
        "services",
        "sf-spicy",
        "veg"
      ]
    },
    {
      "name": "Corn Cheese Popers [8 Pieces]",
      "description": "",
      "media": null,
      "price": 260,
      "menuName": "Snacks",
      "categoryName": "",
      "slugs": [
        "veg",
        "services",
        "delivery-enabled",
        "delivery-enabled",
        "veg",
        "services",
        "veg"
      ]
    },
    {
      "name": "Broccoli Cheese Popers [8 Pieces]",
      "description": "",
      "media": "https://b.zmtcdn.com/data/dish_photos/60a/2e66a156615a539238ef72017a15a60a.png",
      "price": 260,
      "menuName": "Snacks",
      "categoryName": "",
      "slugs": [
        "veg",
        "services",
        "delivery-enabled",
        "delivery-enabled",
        "veg",
        "services",
        "veg"
      ]
    },
    {
      "name": "Mix Veg Cheese Popers [8 Pieces]",
      "description": "",
      "media": null,
      "price": 260,
      "menuName": "Snacks",
      "categoryName": "",
      "slugs": [
        "veg",
        "services",
        "delivery-enabled",
        "delivery-enabled",
        "veg",
        "services",
        "veg"
      ]
    },
    {
      "name": "Tomato Basil Olive Bruschetta [6 Pieces]",
      "description": "",
      "media": "https://b.zmtcdn.com/data/dish_photos/5fa/f9ddae4b244d5f0c1635b1bccff9c5fa.png",
      "price": 290,
      "menuName": "Snacks",
      "categoryName": "",
      "slugs": [
        "veg",
        "services",
        "delivery-enabled",
        "delivery-enabled",
        "veg",
        "services",
        "veg"
      ]
    },
    {
      "name": "Cheese Cigar Roll",
      "description": "",
      "media": "https://b.zmtcdn.com/data/dish_photos/41e/501228040eec3676dee29c7ee054f41e.png",
      "price": 255,
      "menuName": "Rolls",
      "categoryName": "",
      "slugs": [
        "veg",
        "services",
        "delivery-enabled",
        "delivery-enabled",
        "veg",
        "services",
        "veg"
      ]
    },
    {
      "name": "Exotic Veg Cheese Cigar Roll",
      "description": "Chopped exotic veg toss with spice great cheese mashing together than wrapped and fried serve with tartar sauce.",
      "media": "https://b.zmtcdn.com/data/dish_photos/a41/96713142d9c058857db94ebeb93eba41.png",
      "price": 255,
      "menuName": "Rolls",
      "categoryName": "",
      "slugs": [
        "veg",
        "services",
        "delivery-enabled",
        "delivery-enabled",
        "veg",
        "services",
        "veg"
      ]
    },
    {
      "name": "Mexican Cheese Wrap",
      "description": "Thinly cut of exotic veg stuffed in pan with Mexican spice wrapped with corn tortilla and cheese shot of rice.",
      "media": null,
      "price": 270,
      "menuName": "Wraps",
      "categoryName": "",
      "slugs": [
        "veg",
        "services",
        "delivery-enabled",
        "delivery-enabled",
        "veg",
        "services",
        "veg"
      ]
    },
    {
      "name": "Tit Bit Tax Max Wrap",
      "description": "Cut of exotic veg and pure of tomato sauce titbit masala cottage cheese amul melting cheese wraps with corn tortilla.",
      "media": null,
      "price": 280,
      "menuName": "Wraps",
      "categoryName": "",
      "slugs": [
        "veg",
        "chef-special",
        "services",
        "delivery-enabled",
        "delivery-enabled",
        "veg",
        "chef-special",
        "services",
        "veg"
      ]
    },
    {
      "name": "Mexican Cheese Garlic Bread [6 Pieces]",
      "description": "",
      "media": null,
      "price": 255,
      "menuName": "Garlic Bread",
      "categoryName": "",
      "slugs": [
        "veg",
        "services",
        "delivery-enabled",
        "delivery-enabled",
        "veg",
        "services",
        "veg"
      ]
    },
    {
      "name": "Cucumber Raita",
      "description": "",
      "media": null,
      "price": 110,
      "menuName": "Accompaniments",
      "categoryName": "",
      "slugs": [
        "veg",
        "services",
        "delivery-enabled",
        "delivery-enabled",
        "veg",
        "services",
        "veg"
      ]
    },
    {
      "name": "Fried Papad",
      "description": "|| Images used are for representation purposes only, and do not indicate size, portion, quantity or color of the actual dish.||",
      "media": null,
      "price": 30,
      "menuName": "Accompaniments",
      "categoryName": "",
      "slugs": [
        "veg",
        "services",
        "delivery-enabled",
        "delivery-enabled",
        "veg",
        "services",
        "veg"
      ]
    },
    {
      "name": "Mint Raita",
      "description": "",
      "media": null,
      "price": 130,
      "menuName": "Accompaniments",
      "categoryName": "",
      "slugs": [
        "veg",
        "services",
        "delivery-enabled",
        "delivery-enabled",
        "veg",
        "services",
        "veg"
      ]
    },
    {
      "name": "Pineapple Raita",
      "description": "|| Images used are for representation purposes only, and do not indicate size, portion, quantity or color of the actual dish.||",
      "media": null,
      "price": 120,
      "menuName": "Accompaniments",
      "categoryName": "",
      "slugs": [
        "veg",
        "services",
        "delivery-enabled",
        "delivery-enabled",
        "veg",
        "services",
        "veg"
      ]
    },
    {
      "name": "Roasted Papad",
      "description": "|| Images used are for representation purposes only, and do not indicate size, portion, quantity or color of the actual dish.||",
      "media": null,
      "price": 30,
      "menuName": "Accompaniments",
      "categoryName": "",
      "slugs": [
        "veg",
        "services",
        "delivery-enabled",
        "delivery-enabled",
        "veg",
        "services",
        "veg"
      ]
    },
    {
      "name": "Veg Raita",
      "description": "|| Images used are for representation purposes only, and do not indicate size, portion, quantity or color of the actual dish.||",
      "media": null,
      "price": 110,
      "menuName": "Accompaniments",
      "categoryName": "",
      "slugs": [
        "veg",
        "services",
        "delivery-enabled",
        "delivery-enabled",
        "veg",
        "services",
        "veg"
      ]
    },
    {
      "name": "Dal Tadka Combo",
      "description": "Dal Tadka+Jeera Rice+2 Butter Roti+Chaas [250 ml]",
      "media": "https://b.zmtcdn.com/data/dish_photos/bcb/b30c69dcc475ab17622eb43c81cbfbcb.png",
      "price": 310,
      "menuName": "Comobs",
      "categoryName": "Combos",
      "slugs": [
        "veg",
        "services",
        "delivery-enabled",
        "delivery-enabled",
        "veg",
        "services",
        "veg"
      ]
    },
    {
      "name": "Paneer Achari Combo",
      "description": "Paneer Achari+4 Garlic Roti+Chaas+Achar+Salad [Salad-Subject to Availability]",
      "media": "https://b.zmtcdn.com/data/dish_photos/fae/3745b4d647a758efd97bca9edc3c2fae.png",
      "price": 430,
      "menuName": "Comobs",
      "categoryName": "Combos",
      "slugs": [
        "veg",
        "combo-item",
        "services",
        "delivery-enabled",
        "delivery-enabled",
        "veg",
        "combo-item",
        "services",
        "veg"
      ]
    },
    {
      "name": "Paneer Butter Masala Combo",
      "description": "Paneer Butter Masala+Veg Pulao+4 Butter Roti+2 Chaas+Salad+Achar [Salad-Subject to Availability]",
      "media": "https://b.zmtcdn.com/data/dish_photos/91a/cb4d81a009735cced251b1fb9be2e91a.png",
      "price": 430,
      "menuName": "Comobs",
      "categoryName": "Combos",
      "slugs": [
        "veg",
        "restaurant-recommended",
        "combo-item",
        "services",
        "delivery-enabled",
        "delivery-enabled",
        "veg",
        "restaurant-recommended",
        "combo-item",
        "services",
        "veg"
      ]
    },
    {
      "name": "Paneer Kadai Combo",
      "description": "Paneer Kadai+4 Butter Naan+2 Chaas+Salad+Achar [Salad-Subject to Availability]",
      "media": "https://b.zmtcdn.com/data/dish_photos/b98/4707e3cd62c039e62332d53cf4020b98.png",
      "price": 385,
      "menuName": "Comobs",
      "categoryName": "Combos",
      "slugs": [
        "veg",
        "combo-item",
        "services",
        "delivery-enabled",
        "delivery-enabled",
        "veg",
        "combo-item",
        "services",
        "veg"
      ]
    },
    {
      "name": "Veg Thai Curry Combo",
      "description": "Exotic red Thai Curry+Butter Steamed Rice+Salad+Coke [250 ml] [Salad-Subject ti Availability]",
      "media": "https://b.zmtcdn.com/data/dish_photos/378/fbde4bcb0329af07e039800f8dfb8378.png",
      "price": 370,
      "menuName": "Comobs",
      "categoryName": "Combos",
      "slugs": [
        "veg",
        "combo-item",
        "services",
        "delivery-enabled",
        "delivery-enabled",
        "veg",
        "combo-item",
        "services",
        "veg"
      ]
    },
    {
      "name": "Manchurian Combo",
      "description": "",
      "media": null,
      "price": 320,
      "menuName": "Comobs",
      "categoryName": "Combos",
      "slugs": [
        "veg",
        "combo-item",
        "services",
        "delivery-enabled",
        "delivery-enabled",
        "veg",
        "combo-item",
        "services",
        "veg"
      ]
    },
    {
      "name": "Cottage Cheese Chilli Combo",
      "description": "",
      "media": null,
      "price": 325,
      "menuName": "Comobs",
      "categoryName": "Combos",
      "slugs": [
        "veg",
        "combo-item",
        "services",
        "sf-spicy",
        "delivery-enabled",
        "delivery-enabled",
        "veg",
        "combo-item",
        "services",
        "sf-spicy",
        "veg"
      ]
    },
    {
      "name": "Schezwan Chili Combo",
      "description": "",
      "media": null,
      "price": 320,
      "menuName": "Comobs",
      "categoryName": "Combos",
      "slugs": [
        "veg",
        "combo-item",
        "services",
        "sf-spicy",
        "delivery-enabled",
        "delivery-enabled",
        "veg",
        "combo-item",
        "services",
        "sf-spicy",
        "veg"
      ]
    },
    {
      "name": "Honey Chili Combo",
      "description": "Honey Chili Potato+Chinese Bhel+Salad+Coke [250 ml] [Salad-Subject to Availability]",
      "media": "https://b.zmtcdn.com/data/dish_photos/556/87e228476357ce96a83ab022438d5556.png",
      "price": 340,
      "menuName": "Comobs",
      "categoryName": "Combos",
      "slugs": [
        "veg",
        "combo-item",
        "services",
        "sf-spicy",
        "delivery-enabled",
        "delivery-enabled",
        "veg",
        "combo-item",
        "services",
        "sf-spicy",
        "veg"
      ]
    },
    {
      "name": "Broccoli Soya Protein Salad",
      "description": "Blanched broccoli shocked rich soya bell pepper lime with BBQ dressing.",
      "media": "https://b.zmtcdn.com/data/dish_photos/04f/61ddd763d125bf387a2d1a412405104f.png",
      "price": 230,
      "menuName": "Soups and Salads",
      "categoryName": "Salads",
      "slugs": [
        "veg",
        "services",
        "delivery-enabled",
        "delivery-enabled",
        "veg",
        "services",
        "veg"
      ]
    },
    {
      "name": "Ceaser Salad",
      "description": "Cooled crunchy leafy roman lattice with creamy dressing with cottage cheese bell pepper and bread bottom.",
      "media": "https://b.zmtcdn.com/data/dish_photos/8b9/fc3e7dc4e300d1c91cee117dd12458b9.png",
      "price": 145,
      "menuName": "Soups and Salads",
      "categoryName": "Salads",
      "slugs": [
        "veg",
        "services",
        "delivery-enabled",
        "delivery-enabled",
        "veg",
        "services",
        "veg"
      ]
    },
    {
      "name": "Helly Crunchy Salad",
      "description": "This is special child crunchy roman lattice with light sweet creamy dressing.",
      "media": null,
      "price": 220,
      "menuName": "Soups and Salads",
      "categoryName": "Salads",
      "slugs": [
        "veg",
        "services",
        "sf-kid-friendly",
        "delivery-enabled",
        "delivery-enabled",
        "veg",
        "services",
        "sf-kid-friendly",
        "veg"
      ]
    },
    {
      "name": "Lime Pasta Pesto Dressing Salad",
      "description": "Cooked pasta and cube of bell pepper onion cucumber coriander and pesto sauce together cube of Italian herbs.",
      "media": null,
      "price": 230,
      "menuName": "Soups and Salads",
      "categoryName": "Salads",
      "slugs": [
        "veg",
        "services",
        "delivery-enabled",
        "delivery-enabled",
        "veg",
        "services",
        "veg"
      ]
    },
    {
      "name": "Toast Salad with Lime Dressing",
      "description": "Cube cut of indo exotic veg and bread bottom lime and soya dressing.",
      "media": "https://b.zmtcdn.com/data/dish_photos/81a/44aab9d67e8181ad0a82be3014f8781a.jpg",
      "price": 220,
      "menuName": "Soups and Salads",
      "categoryName": "Salads",
      "slugs": [
        "veg",
        "services",
        "delivery-enabled",
        "delivery-enabled",
        "veg",
        "services",
        "veg"
      ]
    },
    {
      "name": "Basil Tomato Soup",
      "description": "",
      "media": null,
      "price": 130,
      "menuName": "Soups and Salads",
      "categoryName": "Soups",
      "slugs": [
        "veg",
        "services",
        "delivery-enabled",
        "delivery-enabled",
        "veg",
        "services",
        "veg"
      ]
    },
    {
      "name": "Cream of Broccoli Almond Soup",
      "description": "Mashing almond and broccoli with creamy based soup.",
      "media": "https://b.zmtcdn.com/data/dish_photos/879/61f23eac737cdf82d33f701dbb626879.png",
      "price": 160,
      "menuName": "Soups and Salads",
      "categoryName": "Soups",
      "slugs": [
        "veg",
        "restaurant-recommended",
        "services",
        "delivery-enabled",
        "delivery-enabled",
        "veg",
        "restaurant-recommended",
        "services",
        "veg"
      ]
    },
    {
      "name": "Cream of Garlic Onion Soup",
      "description": "Deep fried garlic and onion passing mix with creamy milk top up great cheese soup.",
      "media": null,
      "price": 160,
      "menuName": "Soups and Salads",
      "categoryName": "Soups",
      "slugs": [
        "veg",
        "services",
        "delivery-enabled",
        "delivery-enabled",
        "veg",
        "services",
        "veg"
      ]
    },
    {
      "name": "Cream of Veggies Soup",
      "description": "Cuts cube veggies with creamy and cheesy.",
      "media": null,
      "price": 155,
      "menuName": "Soups and Salads",
      "categoryName": "Soups",
      "slugs": [
        "veg",
        "services",
        "delivery-enabled",
        "delivery-enabled",
        "veg",
        "services",
        "veg"
      ]
    },
    {
      "name": "Mexican Chilli Bean Soup",
      "description": "Cubes of exotic veg kidney bean American corn light thick.",
      "media": "https://b.zmtcdn.com/data/dish_photos/fa1/7c22e39c5ca4abaa97b3fcafa47f6fa1.png",
      "price": 150,
      "menuName": "Soups and Salads",
      "categoryName": "Soups",
      "slugs": [
        "veg",
        "services",
        "sf-spicy",
        "delivery-enabled",
        "delivery-enabled",
        "veg",
        "services",
        "sf-spicy",
        "veg"
      ]
    },
    {
      "name": "Mushroom Cheese Soup",
      "description": "Mashing greeted mushroom with milk and cheese.",
      "media": null,
      "price": 140,
      "menuName": "Soups and Salads",
      "categoryName": "Soups",
      "slugs": [
        "veg",
        "services",
        "delivery-enabled",
        "delivery-enabled",
        "veg",
        "services",
        "veg"
      ]
    },
    {
      "name": "Spinach Green Peas Soup",
      "description": "Must be have make from cooked spinach and peas pure Italian style.",
      "media": null,
      "price": 130,
      "menuName": "Soups and Salads",
      "categoryName": "Soups",
      "slugs": [
        "veg",
        "services",
        "delivery-enabled",
        "delivery-enabled",
        "veg",
        "services",
        "veg"
      ]
    },
    {
      "name": "Classic Sweet Corn Soup",
      "description": "Chopped broth veggies sweet corn cream and yummy lipping water feel.",
      "media": null,
      "price": 110,
      "menuName": "Soups and Salads",
      "categoryName": "Soups",
      "slugs": [
        "veg",
        "services",
        "delivery-enabled",
        "delivery-enabled",
        "veg",
        "services",
        "veg"
      ]
    },
    {
      "name": "Classic Tom Yum Soup",
      "description": "Basically, this soup is thai cusine soup serve with boiled noodles.",
      "media": "https://b.zmtcdn.com/data/dish_photos/941/16cd6328218c7e6913bdc937277c8941.jpg",
      "price": 130,
      "menuName": "Soups and Salads",
      "categoryName": "Soups",
      "slugs": [
        "veg",
        "services",
        "delivery-enabled",
        "delivery-enabled",
        "veg",
        "services",
        "veg"
      ]
    },
    {
      "name": "Exotic Veg Burmese Soup",
      "description": "This is specially burma cusine soup exotic veggies with coconut flavored soup.",
      "media": "https://b.zmtcdn.com/data/dish_photos/585/0df6a23765801236ee9e9963e9187585.jpg",
      "price": 170,
      "menuName": "Soups and Salads",
      "categoryName": "Soups",
      "slugs": [
        "veg",
        "services",
        "delivery-enabled",
        "delivery-enabled",
        "veg",
        "services",
        "veg"
      ]
    },
    {
      "name": "Lemon Corriander Soup",
      "description": "Simple sour type indo veggies and lime flavored.",
      "media": null,
      "price": 145,
      "menuName": "Soups and Salads",
      "categoryName": "Soups",
      "slugs": [
        "veg",
        "services",
        "delivery-enabled",
        "delivery-enabled",
        "veg",
        "services",
        "veg"
      ]
    },
    {
      "name": "Veg Hot and Sour Soup",
      "description": "This soup is spice and sour.",
      "media": null,
      "price": 150,
      "menuName": "Soups and Salads",
      "categoryName": "Soups",
      "slugs": [
        "veg",
        "services",
        "delivery-enabled",
        "delivery-enabled",
        "veg",
        "services",
        "veg"
      ]
    },
    {
      "name": "Veg Manchow Soup",
      "description": "This is all time favorite soup serves with crispy stick noodle.",
      "media": null,
      "price": 150,
      "menuName": "Soups and Salads",
      "categoryName": "Soups",
      "slugs": [
        "veg",
        "services",
        "delivery-enabled",
        "delivery-enabled",
        "veg",
        "services",
        "veg"
      ]
    }
  ]
}