{
  "basicInfo": {
    "name": "Twisted Cake",
    "cuisine_string": "Bakery, Desserts",
    "canonicalUrl": "https://www.zomato.com/surat/twisted-cake-pal-gam/order"
  },
  "ratings": {
    "DINING": {
      "rating_type": "DINING",
      "rating": "",
      "reviewCount": "0",
      "reviewTextSmall": "0 Reviews",
      "subtext": "Does not offer Dining",
      "color": "",
      "ratingV2": "-",
      "subtitle": "DINING",
      "sideSubTitle": "Dining Ratings",
      "bgColorV2": {
        "type": "grey",
        "tint": "500"
      },
      "newOnDining": false
    },
    "DELIVERY": {
      "rating_type": "DELIVERY",
      "rating": "3.2",
      "reviewCount": "308",
      "reviewTextSmall": "308 Reviews",
      "subtext": "308 Delivery Reviews",
      "color": "#E23744",
      "ratingV2": "3.2",
      "subtitle": "DELIVERY",
      "sideSubTitle": "Delivery Ratings",
      "bgColorV2": {
        "type": "green",
        "tint": "500"
      },
      "newOnDelivery": false
    }
  },
  "establishment": {
    "city_id": 38,
    "city_name": "Surat",
    "country_id": 1,
    "country_name": "India",
    "zipcode": "",
    "is_dark_kitchen": false,
    "locality_verbose": "Pal Gam, Surat",
    "latitude": "21.1894600000",
    "longitude": "72.7794640000",
    "static_map_url": "https://maps.zomato.com/php/staticmap?center=21.1894600000,72.7794640000&maptype=zomato&markers=21.1894600000,72.7794640000,pin_res32&sensor=false&scale=2&zoom=16&language=en&size=240x150&size=400x240",
    "address": "Ground Floor - 44, La Victoria, Near Galaxy Circle, Pal Gam, Surat",
    "is_phone_available": 1,
    "phoneDetails": {
      "title": "Phone Numbers",
      "phoneStr": "+919327772950"
    },
    "res_chain_text": "",
    "res_group_text": "",
    "res_chain_url": "",
    "res_group_url": "",
    "show_res_map": true
  },
  "items": [
    {
      "name": "Pineapple Cake",
      "description": "Whipped cream smothered between soft layers of sponge cake, soaked in pineapple syrup.",
      "media": "https://b.zmtcdn.com/data/dish_photos/775/c71c8f355b899d5b5b017e53ba41f775.jpg",
      "price": 0,
      "menuName": "Cake [500 g]",
      "categoryName": "",
      "slugs": [
        "veg",
        "restaurant-recommended",
        "cake-flavor-pineapple",
        "services",
        "rakhi-special",
        "special-fleet",
        "delivery-enabled",
        "delivery-enabled",
        "veg",
        "restaurant-recommended",
        "cake-flavor-pineapple",
        "services",
        "rakhi-special",
        "special-fleet",
        "veg"
      ]
    },
    {
      "name": "Chocolate Chips Cake",
      "description": "A delicate chocolate cake studded with chocolate, covered in a creamy frosting and topped with chocolate chips.",
      "media": "https://b.zmtcdn.com/data/dish_photos/4cc/bb136f615e9fc52f87c5f780894a04cc.jpg",
      "price": 0,
      "menuName": "Cake [500 g]",
      "categoryName": "",
      "slugs": [
        "veg",
        "cake-flavor-chocolate",
        "services",
        "rakhi-special",
        "special-fleet",
        "delivery-enabled",
        "delivery-enabled",
        "veg",
        "cake-flavor-chocolate",
        "services",
        "rakhi-special",
        "special-fleet",
        "veg"
      ]
    },
    {
      "name": "Strawberry Cake",
      "description": "Deliciously moist and flavorful, this strawberry pound cake is a one bowl treat that has a fruity and sweet glaze and satisfies that sweet tooth.",
      "media": "https://b.zmtcdn.com/data/dish_photos/a77/6309fc1c1380b537749d0ed454122a77.jpg",
      "price": 0,
      "menuName": "Cake [500 g]",
      "categoryName": "",
      "slugs": [
        "veg",
        "cake-flavor-strawberry",
        "services",
        "special-fleet",
        "delivery-enabled",
        "delivery-enabled",
        "veg",
        "cake-flavor-strawberry",
        "services",
        "special-fleet",
        "veg"
      ]
    },
    {
      "name": "Black Forest Cake",
      "description": "Deliciously moist black forest cake is a cut above the rest with homemade whipped cream and rich chocolate ganache.",
      "media": "https://b.zmtcdn.com/data/dish_photos/c40/84bd83261f87bada02064839d1cc6c40.jpg",
      "price": 0,
      "menuName": "Cake [500 g]",
      "categoryName": "",
      "slugs": [
        "veg",
        "cake-flavor-black-forest",
        "services",
        "rakhi-special",
        "special-fleet",
        "delivery-enabled",
        "delivery-enabled",
        "veg",
        "cake-flavor-black-forest",
        "services",
        "rakhi-special",
        "special-fleet",
        "veg"
      ]
    },
    {
      "name": "Butterscotch Cake",
      "description": "",
      "media": "https://b.zmtcdn.com/data/dish_photos/fda/0214a18d090b566abfc2a72f90bcbfda.jpg",
      "price": 0,
      "menuName": "Cake [500 g]",
      "categoryName": "",
      "slugs": [
        "veg",
        "restaurant-recommended",
        "cake-flavor-butterscotch",
        "services",
        "rakhi-special",
        "special-fleet",
        "delivery-enabled",
        "delivery-enabled",
        "veg",
        "restaurant-recommended",
        "cake-flavor-butterscotch",
        "services",
        "rakhi-special",
        "special-fleet",
        "veg"
      ]
    },
    {
      "name": "Chocolate Vanilla Cake",
      "description": "It is made with melted, unsweetened baking chocolate along with evaporated milk and cake flour.",
      "media": "https://b.zmtcdn.com/data/dish_photos/3cf/b46f102dfaa4598bd56b4a2794c563cf.jpg",
      "price": 0,
      "menuName": "Cake [500 g]",
      "categoryName": "",
      "slugs": [
        "veg",
        "cake-flavor-vanilla",
        "services",
        "delivery-enabled",
        "delivery-enabled",
        "veg",
        "cake-flavor-vanilla",
        "services",
        "veg"
      ]
    },
    {
      "name": "Swiss Chocolate Cake",
      "description": "It is made with melted, unsweetened baking chocolate along with evaporated milk and cake flour.",
      "media": "https://b.zmtcdn.com/data/dish_photos/036/c807251b3fee55cab6611f7da28b1036.jpg",
      "price": 0,
      "menuName": "Cake [500 g]",
      "categoryName": "",
      "slugs": [
        "veg",
        "cake-flavor-chocolate",
        "services",
        "rakhi-special",
        "special-fleet",
        "delivery-enabled",
        "delivery-enabled",
        "veg",
        "cake-flavor-chocolate",
        "services",
        "rakhi-special",
        "special-fleet",
        "veg"
      ]
    },
    {
      "name": "Chocolate KitKat Cake",
      "description": "It is a chocolate layer cake built for breaks with plenty of KitKat bars to go around.",
      "media": "https://b.zmtcdn.com/data/dish_photos/27c/9f6f456bf7e2c5986d5e87e0320e127c.jpg",
      "price": 0,
      "menuName": "Cake [500 g]",
      "categoryName": "",
      "slugs": [
        "veg",
        "cake-flavor-chocolate",
        "services",
        "rakhi-special",
        "special-fleet",
        "delivery-enabled",
        "delivery-enabled",
        "veg",
        "cake-flavor-chocolate",
        "services",
        "rakhi-special",
        "special-fleet",
        "veg"
      ]
    },
    {
      "name": "Chocolate Mud Cake",
      "description": "Deliciously moist and rich chocolate cake with a desirable mud like consistency. Contains candle & knife.",
      "media": "https://b.zmtcdn.com/data/dish_photos/321/7e5340e7d0bf75c6b5ba4b0c6d8dd321.jpg",
      "price": 0,
      "menuName": "Cake [500 g]",
      "categoryName": "",
      "slugs": [
        "veg",
        "cake-flavor-chocolate",
        "services",
        "rakhi-special",
        "delivery-enabled",
        "delivery-enabled",
        "veg",
        "cake-flavor-chocolate",
        "services",
        "rakhi-special",
        "veg"
      ]
    },
    {
      "name": "Chocolate Pineapple Cake",
      "description": "Whipped cream smothered between soft layers of sponge cake, soaked in pineapple syrup.",
      "media": "https://b.zmtcdn.com/data/dish_photos/3bc/e49e8afb5bf4e610959b563e4658f3bc.jpg",
      "price": 0,
      "menuName": "Cake [500 g]",
      "categoryName": "",
      "slugs": [
        "veg",
        "cake-flavor-chocolate",
        "services",
        "special-fleet",
        "delivery-enabled",
        "delivery-enabled",
        "veg",
        "cake-flavor-chocolate",
        "services",
        "special-fleet",
        "veg"
      ]
    },
    {
      "name": "Chocolate Stick Cake",
      "description": "",
      "media": "https://b.zmtcdn.com/data/dish_photos/dee/710c0665cf9c8f2e575deaf44d44ddee.png",
      "price": 0,
      "menuName": "Cake [500 g]",
      "categoryName": "",
      "slugs": [
        "veg",
        "services",
        "special-fleet",
        "delivery-enabled",
        "delivery-enabled",
        "veg",
        "services",
        "special-fleet",
        "veg"
      ]
    },
    {
      "name": "Chocolate Oreo Cake",
      "description": "Oreo cake is the perfect combo of moist chocolate cake from scratch layered with sweet buttercream frosting made with crushed Oreo cookie.",
      "media": "https://b.zmtcdn.com/data/dish_photos/84c/cb5bbd8f155ad329907dac019aef384c.jpg",
      "price": 0,
      "menuName": "Cake [500 g]",
      "categoryName": "",
      "slugs": [
        "veg",
        "cake-flavor-chocolate",
        "services",
        "rakhi-special",
        "delivery-enabled",
        "delivery-enabled",
        "veg",
        "cake-flavor-chocolate",
        "services",
        "rakhi-special",
        "veg"
      ]
    },
    {
      "name": "Chocolate Truffle Cake",
      "description": "A chocolate layer cake recipe with dense, moist chocolate cake. Silky chocolate truffle frosting and chocolate flakes. Contains candle & knife.",
      "media": "https://b.zmtcdn.com/data/dish_photos/f48/ac375efeecca3c7ce0ab9082b267cf48.jpg",
      "price": 0,
      "menuName": "Cake [500 g]",
      "categoryName": "",
      "slugs": [
        "veg",
        "cake-flavor-chocolate",
        "services",
        "rakhi-special",
        "delivery-enabled",
        "delivery-enabled",
        "veg",
        "cake-flavor-chocolate",
        "services",
        "rakhi-special",
        "veg"
      ]
    },
    {
      "name": "Chocolate Love Cake",
      "description": "Our special cake for celebrations, dark chocolate cake with chocolate sponge and chocolate ganache.",
      "media": "https://b.zmtcdn.com/data/dish_photos/b46/67d89f4929aa898d249c28b075579b46.png",
      "price": 0,
      "menuName": "Cake [500 g]",
      "categoryName": "",
      "slugs": [
        "veg",
        "restaurant-recommended",
        "cake-flavor-chocolate",
        "services",
        "rakhi-special",
        "special-fleet",
        "delivery-enabled",
        "delivery-enabled",
        "veg",
        "restaurant-recommended",
        "cake-flavor-chocolate",
        "services",
        "rakhi-special",
        "special-fleet",
        "veg"
      ]
    },
    {
      "name": "Full KitKat Chocolate Cake",
      "description": "It is a chocolate layer cake built for breaks with plenty of KitKat bars to go around.",
      "media": "https://b.zmtcdn.com/data/dish_photos/2cd/ed88c1f61acf21c328ab81ccaeda02cd.png",
      "price": 0,
      "menuName": "Cake [500 g]",
      "categoryName": "",
      "slugs": [
        "veg",
        "services",
        "special-fleet",
        "delivery-enabled",
        "delivery-enabled",
        "veg",
        "services",
        "special-fleet",
        "veg"
      ]
    },
    {
      "name": "Chocolate Strawberry Cake",
      "description": "",
      "media": "https://b.zmtcdn.com/data/dish_photos/36c/318e2bc6dfda565f4564efe84adbb36c.jpg",
      "price": 0,
      "menuName": "Cake [500 g]",
      "categoryName": "",
      "slugs": [
        "veg",
        "restaurant-recommended",
        "cake-flavor-strawberry",
        "services",
        "special-fleet",
        "delivery-enabled",
        "delivery-enabled",
        "veg",
        "restaurant-recommended",
        "cake-flavor-strawberry",
        "services",
        "special-fleet",
        "veg"
      ]
    },
    {
      "name": "Midnight Chocolate Cake",
      "description": "",
      "media": "https://b.zmtcdn.com/data/dish_photos/8ea/7c5848d842e5b51c8d8e3c78e572e8ea.jpg",
      "price": 0,
      "menuName": "Cake [500 g]",
      "categoryName": "",
      "slugs": [
        "veg",
        "services",
        "special-fleet",
        "delivery-enabled",
        "delivery-enabled",
        "veg",
        "services",
        "special-fleet",
        "veg"
      ]
    },
    {
      "name": "Chocolate Zebra Cake",
      "description": "Indulge in a decadent dessert with rich chocolate and distinct zebra stripes.",
      "media": "https://b.zmtcdn.com/data/dish_photos/c3a/27d4acbc06d6501eb6a445174f633c3a.jpg",
      "price": 0,
      "menuName": "Cake [500 g]",
      "categoryName": "",
      "slugs": [
        "veg",
        "services",
        "delivery-enabled",
        "delivery-enabled",
        "veg",
        "services",
        "veg"
      ]
    },
    {
      "name": "Cassata Cake",
      "description": "Cassata cake consists of sponge cake moistened with fruit juices layered with America jelly and vanilla cream.",
      "media": "https://b.zmtcdn.com/data/dish_photos/927/6c08d0d3666c43aa8147b1be3c634927.jpg",
      "price": 0,
      "menuName": "Cake [500 g]",
      "categoryName": "",
      "slugs": [
        "veg",
        "restaurant-recommended",
        "services",
        "rakhi-special",
        "special-fleet",
        "delivery-enabled",
        "delivery-enabled",
        "veg",
        "restaurant-recommended",
        "services",
        "rakhi-special",
        "special-fleet",
        "veg"
      ]
    },
    {
      "name": "Chocolate Flex Cake",
      "description": "",
      "media": "https://b.zmtcdn.com/data/dish_photos/0fa/ac64bfb19d58e414f8c3c741a1a350fa.jpg",
      "price": 0,
      "menuName": "Cake [500 g]",
      "categoryName": "",
      "slugs": [
        "veg",
        "cake-flavor-chocolate",
        "services",
        "special-fleet",
        "delivery-enabled",
        "delivery-enabled",
        "veg",
        "cake-flavor-chocolate",
        "services",
        "special-fleet",
        "veg"
      ]
    },
    {
      "name": "Chocolate Marble Cake",
      "description": "",
      "media": "https://b.zmtcdn.com/data/dish_photos/302/cd65cb1f1a6333513466bd073ebc4302.jpg",
      "price": 0,
      "menuName": "Cake [500 g]",
      "categoryName": "",
      "slugs": [
        "veg",
        "services",
        "delivery-enabled",
        "delivery-enabled",
        "veg",
        "services",
        "veg"
      ]
    },
    {
      "name": "Chocolate Delight Cake",
      "description": "It consists of chocolate sponge and melted chocolate and chocolate cream inside and all over the cake outside.",
      "media": "https://b.zmtcdn.com/data/dish_photos/53a/4ea57a619171efb9095e4cf62861253a.jpg",
      "price": 0,
      "menuName": "Cake [500 g]",
      "categoryName": "",
      "slugs": [
        "veg",
        "cake-flavor-chocolate",
        "services",
        "rakhi-special",
        "special-fleet",
        "delivery-enabled",
        "delivery-enabled",
        "veg",
        "cake-flavor-chocolate",
        "services",
        "rakhi-special",
        "special-fleet",
        "veg"
      ]
    },
    {
      "name": "Chocolate Butterscotch Cake",
      "description": "",
      "media": "https://b.zmtcdn.com/data/dish_photos/fda/0214a18d090b566abfc2a72f90bcbfda.jpg",
      "price": 0,
      "menuName": "Cake [500 g]",
      "categoryName": "",
      "slugs": [
        "veg",
        "cake-flavor-butterscotch",
        "services",
        "rakhi-special",
        "special-fleet",
        "delivery-enabled",
        "delivery-enabled",
        "veg",
        "cake-flavor-butterscotch",
        "services",
        "rakhi-special",
        "special-fleet",
        "veg"
      ]
    },
    {
      "name": "Blueberry Cake",
      "description": "Moist, fluffy and soft. Loaded with fresh blueberries and topped with a delicious glaze.",
      "media": "https://b.zmtcdn.com/data/dish_photos/aab/4c3e96a4017a4391194a3e86fc768aab.jpg",
      "price": 0,
      "menuName": "Cake [500 g]",
      "categoryName": "",
      "slugs": [
        "veg",
        "restaurant-recommended",
        "services",
        "rakhi-special",
        "special-fleet",
        "delivery-enabled",
        "delivery-enabled",
        "veg",
        "restaurant-recommended",
        "services",
        "rakhi-special",
        "special-fleet",
        "veg"
      ]
    },
    {
      "name": "Ferrero Rocher Cake",
      "description": "",
      "media": "https://b.zmtcdn.com/data/dish_photos/360/bef89eccc8d85796bf6129c857b4b360.jpg",
      "price": 0,
      "menuName": "Cake [500 g]",
      "categoryName": "",
      "slugs": [
        "veg",
        "services",
        "special-fleet",
        "delivery-enabled",
        "delivery-enabled",
        "veg",
        "services",
        "special-fleet",
        "veg"
      ]
    },
    {
      "name": "Death by Chocolate Cake",
      "description": "",
      "media": "https://b.zmtcdn.com/data/dish_photos/ca2/cea5f1be0d09546485a7fb6734794ca2.jpg",
      "price": 0,
      "menuName": "Cake [500 g]",
      "categoryName": "",
      "slugs": [
        "veg",
        "restaurant-recommended",
        "services",
        "rakhi-special",
        "special-fleet",
        "delivery-enabled",
        "delivery-enabled",
        "veg",
        "restaurant-recommended",
        "services",
        "rakhi-special",
        "special-fleet",
        "veg"
      ]
    },
    {
      "name": "Full KitKat Full Gems Cake",
      "description": "It is a chocolate layer cake built for breaks with plenty of KitKat bars to go around and Gems over.",
      "media": "https://b.zmtcdn.com/data/dish_photos/129/8886859158aafd734b748bee6c37a129.jpg",
      "price": 0,
      "menuName": "Cake [500 g]",
      "categoryName": "",
      "slugs": [
        "veg",
        "services",
        "special-fleet",
        "delivery-enabled",
        "delivery-enabled",
        "veg",
        "services",
        "special-fleet",
        "veg"
      ]
    },
    {
      "name": "Chocolate Full KitKat Truffle Cake",
      "description": "A chocolate layer cake recipe with dense, moist chocolate cake, silky chocolate truffle frosting and chocolate flakes surrounded by KitKat candy bar.",
      "media": "https://b.zmtcdn.com/data/dish_photos/c8a/45193f585a36db814393cffcf1c30c8a.jpg",
      "price": 0,
      "menuName": "Cake [500 g]",
      "categoryName": "",
      "slugs": [
        "veg",
        "restaurant-recommended",
        "services",
        "rakhi-special",
        "special-fleet",
        "delivery-enabled",
        "delivery-enabled",
        "veg",
        "restaurant-recommended",
        "services",
        "rakhi-special",
        "special-fleet",
        "veg"
      ]
    },
    {
      "name": "Pinata Cake",
      "description": "",
      "media": "https://b.zmtcdn.com/data/dish_photos/b4e/f27592b4beb9def14c3b0b67675beb4e.jpg",
      "price": 0,
      "menuName": "Cake [500 g]",
      "categoryName": "",
      "slugs": [
        "veg",
        "services",
        "rakhi-special",
        "special-fleet",
        "delivery-enabled",
        "delivery-enabled",
        "veg",
        "services",
        "rakhi-special",
        "special-fleet",
        "veg"
      ]
    },
    {
      "name": "Almond Cake",
      "description": "",
      "media": "https://b.zmtcdn.com/data/dish_photos/1a1/4098c37c05cd6862d8590e976aaf71a1.jpg",
      "price": 0,
      "menuName": "Cake [500 g]",
      "categoryName": "",
      "slugs": [
        "veg",
        "services",
        "rakhi-special",
        "special-fleet",
        "delivery-enabled",
        "delivery-enabled",
        "veg",
        "services",
        "rakhi-special",
        "special-fleet",
        "veg"
      ]
    },
    {
      "name": "Special Oreo Chips Cake [500 grams]",
      "description": "",
      "media": "https://b.zmtcdn.com/data/dish_photos/a9f/077507bb2e438788ea8d1c8c871cea9f.jpg",
      "price": 0,
      "menuName": "Cake [500 g]",
      "categoryName": "",
      "slugs": [
        "veg",
        "dessert",
        "services",
        "sf-no-onion",
        "sf-no-garlic",
        "sf-kid-friendly",
        "special-fleet",
        "sf-cake",
        "delivery-enabled",
        "delivery-enabled",
        "veg",
        "dessert",
        "services",
        "sf-no-onion",
        "sf-no-garlic",
        "sf-kid-friendly",
        "special-fleet",
        "sf-cake",
        "veg"
      ]
    },
    {
      "name": "Chocolate Delight Flex [500 grams]",
      "description": "",
      "media": "https://b.zmtcdn.com/data/dish_photos/ad1/90344ee9dd912e4c778a7507519f1ad1.jpg",
      "price": 0,
      "menuName": "Cake [500 g]",
      "categoryName": "",
      "slugs": [
        "veg",
        "dessert",
        "services",
        "sf-no-onion",
        "sf-no-garlic",
        "sf-kid-friendly",
        "sf-cake",
        "delivery-enabled",
        "delivery-enabled",
        "veg",
        "dessert",
        "services",
        "sf-no-onion",
        "sf-no-garlic",
        "sf-kid-friendly",
        "sf-cake",
        "veg"
      ]
    },
    {
      "name": "Cookies and Cream Cake",
      "description": "",
      "media": "https://b.zmtcdn.com/data/dish_photos/1cb/661473254002af8d34f1d1532db4b1cb.png",
      "price": 0,
      "menuName": "Cake [500 g]",
      "categoryName": "",
      "slugs": [
        "veg",
        "dessert",
        "services",
        "sf-no-onion",
        "sf-no-garlic",
        "sf-kid-friendly",
        "sf-not-vegan",
        "delivery-enabled",
        "delivery-enabled",
        "veg",
        "dessert",
        "services",
        "sf-no-onion",
        "sf-no-garlic",
        "sf-kid-friendly",
        "sf-not-vegan",
        "veg"
      ]
    },
    {
      "name": "Chocolate Chips Pastry [2 Pieces]",
      "description": "",
      "media": "https://b.zmtcdn.com/data/dish_photos/13f/7ebda61563be8f899b3924806fe3013f.jpg",
      "price": 300,
      "menuName": "Pastries",
      "categoryName": "",
      "slugs": [
        "veg",
        "dessert",
        "pre-prepared",
        "non-refundable",
        "services",
        "sf-no-onion",
        "sf-no-garlic",
        "sf-kid-friendly",
        "delivery-enabled",
        "delivery-enabled",
        "veg",
        "dessert",
        "pre-prepared",
        "non-refundable",
        "services",
        "sf-no-onion",
        "sf-no-garlic",
        "sf-kid-friendly",
        "veg"
      ]
    },
    {
      "name": "Chocolate Mud Pastry [2 Pieces]",
      "description": "",
      "media": "https://b.zmtcdn.com/data/dish_photos/afa/409608ff15314aa85cc12c19522a6afa.jpg",
      "price": 300,
      "menuName": "Pastries",
      "categoryName": "",
      "slugs": [
        "veg",
        "dessert",
        "pre-prepared",
        "non-refundable",
        "services",
        "rakhi-special",
        "sf-no-onion",
        "sf-no-garlic",
        "sf-kid-friendly",
        "delivery-enabled",
        "delivery-enabled",
        "veg",
        "dessert",
        "pre-prepared",
        "non-refundable",
        "services",
        "rakhi-special",
        "sf-no-onion",
        "sf-no-garlic",
        "sf-kid-friendly",
        "veg"
      ]
    },
    {
      "name": "Cassata Pastry [2 Pieces]",
      "description": "",
      "media": null,
      "price": 280,
      "menuName": "Pastries",
      "categoryName": "",
      "slugs": [
        "veg",
        "dessert",
        "pre-prepared",
        "non-refundable",
        "services",
        "rakhi-special",
        "sf-no-onion",
        "sf-no-garlic",
        "sf-kid-friendly",
        "delivery-enabled",
        "delivery-enabled",
        "veg",
        "dessert",
        "pre-prepared",
        "non-refundable",
        "services",
        "rakhi-special",
        "sf-no-onion",
        "sf-no-garlic",
        "sf-kid-friendly",
        "veg"
      ]
    },
    {
      "name": "Chocolate KitKat Pastry [2 Pieces]",
      "description": "",
      "media": null,
      "price": 380,
      "menuName": "Pastries",
      "categoryName": "",
      "slugs": [
        "veg",
        "dessert",
        "pre-prepared",
        "non-refundable",
        "services",
        "rakhi-special",
        "sf-no-onion",
        "sf-no-garlic",
        "sf-kid-friendly",
        "delivery-enabled",
        "delivery-enabled",
        "veg",
        "dessert",
        "pre-prepared",
        "non-refundable",
        "services",
        "rakhi-special",
        "sf-no-onion",
        "sf-no-garlic",
        "sf-kid-friendly",
        "veg"
      ]
    },
    {
      "name": "Chocolate Truffle Pastry [2 Pieces]",
      "description": "",
      "media": "https://b.zmtcdn.com/data/dish_photos/f82/5e89256e226919c023b2a468e0f13f82.jpg",
      "price": 380,
      "menuName": "Pastries",
      "categoryName": "",
      "slugs": [
        "veg",
        "dessert",
        "pre-prepared",
        "non-refundable",
        "services",
        "sf-no-onion",
        "sf-no-garlic",
        "sf-kid-friendly",
        "delivery-enabled",
        "delivery-enabled",
        "veg",
        "dessert",
        "pre-prepared",
        "non-refundable",
        "services",
        "sf-no-onion",
        "sf-no-garlic",
        "sf-kid-friendly",
        "veg"
      ]
    },
    {
      "name": "Special Family Blow Cake [400 grams]",
      "description": "",
      "media": null,
      "price": 600,
      "menuName": "Pastries",
      "categoryName": "",
      "slugs": [
        "veg",
        "dessert",
        "services",
        "sf-no-onion",
        "sf-no-garlic",
        "sf-kid-friendly",
        "delivery-enabled",
        "delivery-enabled",
        "veg",
        "dessert",
        "services",
        "sf-no-onion",
        "sf-no-garlic",
        "sf-kid-friendly",
        "veg"
      ]
    },
    {
      "name": "Special Chocolate Taco Pastry",
      "description": "",
      "media": null,
      "price": 300,
      "menuName": "Pastries",
      "categoryName": "",
      "slugs": [
        "veg",
        "dessert",
        "pre-prepared",
        "non-refundable",
        "services",
        "sf-no-onion",
        "sf-no-garlic",
        "sf-kid-friendly",
        "delivery-enabled",
        "delivery-enabled",
        "veg",
        "dessert",
        "pre-prepared",
        "non-refundable",
        "services",
        "sf-no-onion",
        "sf-no-garlic",
        "sf-kid-friendly",
        "veg"
      ]
    },
    {
      "name": "Chocolate Chips Cake [300 grams]",
      "description": "",
      "media": "https://b.zmtcdn.com/data/dish_photos/bd6/cab938ad75fe63ba6408b5cf5379cbd6.jpg",
      "price": 500,
      "menuName": "Cakes",
      "categoryName": "",
      "slugs": [
        "veg",
        "dessert",
        "pre-prepared",
        "non-refundable",
        "services",
        "sf-no-onion",
        "sf-no-garlic",
        "sf-kid-friendly",
        "delivery-enabled",
        "delivery-enabled",
        "veg",
        "dessert",
        "pre-prepared",
        "non-refundable",
        "services",
        "sf-no-onion",
        "sf-no-garlic",
        "sf-kid-friendly",
        "veg"
      ]
    },
    {
      "name": "Chocolate Stick Cake [300 grams]",
      "description": "",
      "media": "https://b.zmtcdn.com/data/dish_photos/fa7/ffc0cd3cb9cd26fb8faf8fd90f9e0fa7.jpg",
      "price": 500,
      "menuName": "Cakes",
      "categoryName": "",
      "slugs": [
        "veg",
        "dessert",
        "pre-prepared",
        "non-refundable",
        "services",
        "sf-no-onion",
        "sf-no-garlic",
        "sf-kid-friendly",
        "sf-cake",
        "delivery-enabled",
        "delivery-enabled",
        "veg",
        "dessert",
        "pre-prepared",
        "non-refundable",
        "services",
        "sf-no-onion",
        "sf-no-garlic",
        "sf-kid-friendly",
        "sf-cake",
        "veg"
      ]
    },
    {
      "name": "Chocolate Oreo Cake [300 grams]",
      "description": "",
      "media": null,
      "price": 520,
      "menuName": "Cakes",
      "categoryName": "",
      "slugs": [
        "veg",
        "dessert",
        "pre-prepared",
        "non-refundable",
        "services",
        "sf-no-onion",
        "sf-no-garlic",
        "sf-kid-friendly",
        "sf-cake",
        "delivery-enabled",
        "delivery-enabled",
        "veg",
        "dessert",
        "pre-prepared",
        "non-refundable",
        "services",
        "sf-no-onion",
        "sf-no-garlic",
        "sf-kid-friendly",
        "sf-cake",
        "veg"
      ]
    },
    {
      "name": "Chocolate Mud Cake [300 grams]",
      "description": "",
      "media": "https://b.zmtcdn.com/data/dish_photos/0a5/f6b78fcb3f412cb01053001fbb1080a5.png",
      "price": 520,
      "menuName": "Cakes",
      "categoryName": "",
      "slugs": [
        "veg",
        "dessert",
        "pre-prepared",
        "non-refundable",
        "services",
        "sf-no-onion",
        "sf-no-garlic",
        "sf-kid-friendly",
        "sf-cake",
        "delivery-enabled",
        "delivery-enabled",
        "veg",
        "dessert",
        "pre-prepared",
        "non-refundable",
        "services",
        "sf-no-onion",
        "sf-no-garlic",
        "sf-kid-friendly",
        "sf-cake",
        "veg"
      ]
    },
    {
      "name": "Chocolate Pineapple Cake [300 grams]",
      "description": "",
      "media": null,
      "price": 500,
      "menuName": "Cakes",
      "categoryName": "",
      "slugs": [
        "veg",
        "dessert",
        "pre-prepared",
        "non-refundable",
        "services",
        "sf-no-onion",
        "sf-no-garlic",
        "sf-kid-friendly",
        "sf-cake",
        "delivery-enabled",
        "delivery-enabled",
        "veg",
        "dessert",
        "pre-prepared",
        "non-refundable",
        "services",
        "sf-no-onion",
        "sf-no-garlic",
        "sf-kid-friendly",
        "sf-cake",
        "veg"
      ]
    },
    {
      "name": "Pineapple Cake [300 grams]",
      "description": "",
      "media": null,
      "price": 500,
      "menuName": "Cakes",
      "categoryName": "",
      "slugs": [
        "veg",
        "dessert",
        "services",
        "sf-no-onion",
        "sf-no-garlic",
        "sf-kid-friendly",
        "sf-cake",
        "delivery-enabled",
        "delivery-enabled",
        "veg",
        "dessert",
        "services",
        "sf-no-onion",
        "sf-no-garlic",
        "sf-kid-friendly",
        "sf-cake",
        "veg"
      ]
    },
    {
      "name": "Cassata Cake [300 grams]",
      "description": "",
      "media": "https://b.zmtcdn.com/data/dish_photos/27c/8c6bd0c15e7d0f4a66facb82c3c2127c.jpg",
      "price": 500,
      "menuName": "Cakes",
      "categoryName": "",
      "slugs": [
        "veg",
        "dessert",
        "services",
        "sf-no-onion",
        "sf-no-garlic",
        "sf-kid-friendly",
        "sf-cake",
        "delivery-enabled",
        "delivery-enabled",
        "veg",
        "dessert",
        "services",
        "sf-no-onion",
        "sf-no-garlic",
        "sf-kid-friendly",
        "sf-cake",
        "veg"
      ]
    },
    {
      "name": "Chocolate Truffle Muffins [2 Pieces]",
      "description": "",
      "media": "https://b.zmtcdn.com/data/dish_photos/0cb/73d0dc3cb7e9d011866dd2da7b8220cb.jpg",
      "price": 200,
      "menuName": "Muffins",
      "categoryName": "Muffins",
      "slugs": [
        "veg",
        "services",
        "sf-no-onion",
        "sf-no-garlic",
        "sf-kid-friendly",
        "delivery-enabled",
        "delivery-enabled",
        "veg",
        "services",
        "sf-no-onion",
        "sf-no-garlic",
        "sf-kid-friendly",
        "veg"
      ]
    },
    {
      "name": "Chocolate Gems Muffins [2 Pieces]",
      "description": "",
      "media": "https://b.zmtcdn.com/data/dish_photos/c4d/82a4993e7e8be852cccf2327a8209c4d.png",
      "price": 200,
      "menuName": "Muffins",
      "categoryName": "Muffins",
      "slugs": [
        "veg",
        "pre-prepared",
        "non-refundable",
        "services",
        "sf-no-onion",
        "sf-no-garlic",
        "sf-kid-friendly",
        "delivery-enabled",
        "delivery-enabled",
        "veg",
        "pre-prepared",
        "non-refundable",
        "services",
        "sf-no-onion",
        "sf-no-garlic",
        "sf-kid-friendly",
        "veg"
      ]
    },
    {
      "name": "Chocolate KitKat Muffins [2 Pieces]",
      "description": "",
      "media": null,
      "price": 200,
      "menuName": "Muffins",
      "categoryName": "Muffins",
      "slugs": [
        "veg",
        "pre-prepared",
        "non-refundable",
        "services",
        "sf-no-onion",
        "sf-no-garlic",
        "sf-kid-friendly",
        "delivery-enabled",
        "delivery-enabled",
        "veg",
        "pre-prepared",
        "non-refundable",
        "services",
        "sf-no-onion",
        "sf-no-garlic",
        "sf-kid-friendly",
        "veg"
      ]
    },
    {
      "name": "Cookies and Cream Muffins [2 Pieces]",
      "description": "",
      "media": "https://b.zmtcdn.com/data/dish_photos/f51/10703165cf8fe55cb498849eb793df51.png",
      "price": 200,
      "menuName": "Muffins",
      "categoryName": "Muffins",
      "slugs": [
        "veg",
        "services",
        "sf-no-onion",
        "sf-no-garlic",
        "sf-kid-friendly",
        "sf-not-vegan",
        "delivery-enabled",
        "delivery-enabled",
        "veg",
        "services",
        "sf-no-onion",
        "sf-no-garlic",
        "sf-kid-friendly",
        "sf-not-vegan",
        "veg"
      ]
    },
    {
      "name": "Baby Boss Chocolate Cake [1 kg]",
      "description": "",
      "media": "https://b.zmtcdn.com/data/dish_photos/565/8ab397219c1f27089720b55e47518565.png",
      "price": 2200,
      "menuName": "Muffins",
      "categoryName": "Special Themes Cake",
      "slugs": [
        "veg",
        "dessert",
        "services",
        "sf-no-onion",
        "sf-no-garlic",
        "sf-kid-friendly",
        "sf-cake",
        "delivery-enabled",
        "delivery-enabled",
        "veg",
        "dessert",
        "services",
        "sf-no-onion",
        "sf-no-garlic",
        "sf-kid-friendly",
        "sf-cake",
        "veg"
      ]
    },
    {
      "name": "Baby Boss Chocolate Cake . [1 kg]",
      "description": "",
      "media": "https://b.zmtcdn.com/data/dish_photos/30d/e98e2fdc0e9bafbe5db5abebce21a30d.jpg",
      "price": 2200,
      "menuName": "Special Themes Cake",
      "categoryName": "Themes Cakes",
      "slugs": [
        "veg",
        "dessert",
        "services",
        "sf-no-onion",
        "sf-no-garlic",
        "sf-kid-friendly",
        "sf-cake",
        "delivery-enabled",
        "delivery-enabled",
        "veg",
        "dessert",
        "services",
        "sf-no-onion",
        "sf-no-garlic",
        "sf-kid-friendly",
        "sf-cake",
        "veg"
      ]
    },
    {
      "name": "Bon Voyage Chocolate Cake [1 kg]",
      "description": "",
      "media": null,
      "price": 2200,
      "menuName": "Special Themes Cake",
      "categoryName": "Themes Cakes",
      "slugs": [
        "veg",
        "dessert",
        "services",
        "sf-no-onion",
        "sf-no-garlic",
        "sf-kid-friendly",
        "sf-cake",
        "delivery-enabled",
        "delivery-enabled",
        "veg",
        "dessert",
        "services",
        "sf-no-onion",
        "sf-no-garlic",
        "sf-kid-friendly",
        "sf-cake",
        "veg"
      ]
    },
    {
      "name": "Unicorn Chocolate Cake [1 kg]",
      "description": "",
      "media": "https://b.zmtcdn.com/data/dish_photos/1b9/add8b6a04f736fb60fed8e9da436c1b9.jpg",
      "price": 2200,
      "menuName": "Special Themes Cake",
      "categoryName": "Themes Cakes",
      "slugs": [
        "veg",
        "dessert",
        "services",
        "sf-no-onion",
        "sf-no-garlic",
        "sf-kid-friendly",
        "sf-cake",
        "delivery-enabled",
        "delivery-enabled",
        "veg",
        "dessert",
        "services",
        "sf-no-onion",
        "sf-no-garlic",
        "sf-kid-friendly",
        "sf-cake",
        "veg"
      ]
    },
    {
      "name": "Spider Man Chocolate Cake [1 kg]",
      "description": "",
      "media": null,
      "price": 2200,
      "menuName": "Special Themes Cake",
      "categoryName": "Themes Cakes",
      "slugs": [
        "veg",
        "dessert",
        "services",
        "sf-no-onion",
        "sf-no-garlic",
        "sf-kid-friendly",
        "sf-cake",
        "delivery-enabled",
        "delivery-enabled",
        "veg",
        "dessert",
        "services",
        "sf-no-onion",
        "sf-no-garlic",
        "sf-kid-friendly",
        "sf-cake",
        "veg"
      ]
    },
    {
      "name": "Cocomelon Chocolate Cake [1 kg]",
      "description": "",
      "media": null,
      "price": 2200,
      "menuName": "Special Themes Cake",
      "categoryName": "Themes Cakes",
      "slugs": [
        "veg",
        "dessert",
        "services",
        "sf-no-onion",
        "sf-no-garlic",
        "sf-kid-friendly",
        "sf-cake",
        "delivery-enabled",
        "delivery-enabled",
        "veg",
        "dessert",
        "services",
        "sf-no-onion",
        "sf-no-garlic",
        "sf-kid-friendly",
        "sf-cake",
        "veg"
      ]
    },
    {
      "name": "Car Chocolate Cake [1 kg]",
      "description": "",
      "media": "https://b.zmtcdn.com/data/dish_photos/bf2/004f33e9eb358b04fd4b3aa505aabbf2.jpg",
      "price": 2200,
      "menuName": "Special Themes Cake",
      "categoryName": "Themes Cakes",
      "slugs": [
        "veg",
        "dessert",
        "services",
        "sf-no-onion",
        "sf-no-garlic",
        "sf-kid-friendly",
        "sf-cake",
        "delivery-enabled",
        "delivery-enabled",
        "veg",
        "dessert",
        "services",
        "sf-no-onion",
        "sf-no-garlic",
        "sf-kid-friendly",
        "sf-cake",
        "veg"
      ]
    },
    {
      "name": "Mom Special Chocolate Cake",
      "description": "",
      "media": null,
      "price": 0,
      "menuName": "Mom Special Chocolate Cake",
      "categoryName": "",
      "slugs": [
        "veg",
        "services",
        "sf-no-onion",
        "sf-no-garlic",
        "sf-kid-friendly",
        "delivery-enabled",
        "delivery-enabled",
        "veg",
        "services",
        "sf-no-onion",
        "sf-no-garlic",
        "sf-kid-friendly",
        "veg"
      ]
    },
    {
      "name": "World Best Mom Cake",
      "description": "",
      "media": "https://b.zmtcdn.com/data/dish_photos/a0b/96b7eac0192e879f36579ee83273fa0b.jpg",
      "price": 0,
      "menuName": "Mom Special Chocolate Cake",
      "categoryName": "",
      "slugs": [
        "veg",
        "services",
        "sf-no-onion",
        "sf-no-garlic",
        "sf-kid-friendly",
        "delivery-enabled",
        "delivery-enabled",
        "veg",
        "services",
        "sf-no-onion",
        "sf-no-garlic",
        "sf-kid-friendly",
        "veg"
      ]
    },
    {
      "name": "Heart Shape Mother'S Special Chocolate Cake",
      "description": "",
      "media": "https://b.zmtcdn.com/data/dish_photos/899/9546bfa27803b216b447c9636f0aa899.jpg",
      "price": 0,
      "menuName": "Mom Special Chocolate Cake",
      "categoryName": "",
      "slugs": [
        "veg",
        "services",
        "sf-no-onion",
        "sf-no-garlic",
        "sf-kid-friendly",
        "delivery-enabled",
        "delivery-enabled",
        "veg",
        "services",
        "sf-no-onion",
        "sf-no-garlic",
        "sf-kid-friendly",
        "veg"
      ]
    },
    {
      "name": "Dad Special Chocolate Cake",
      "description": "",
      "media": "https://b.zmtcdn.com/data/dish_photos/a99/8673c571303b14b099d487ae00b65a99.jpg",
      "price": 0,
      "menuName": "Fathers Day Special Cakes",
      "categoryName": "",
      "slugs": [
        "veg",
        "services",
        "sf-no-onion",
        "sf-no-garlic",
        "sf-kid-friendly",
        "delivery-enabled",
        "delivery-enabled",
        "veg",
        "services",
        "sf-no-onion",
        "sf-no-garlic",
        "sf-kid-friendly",
        "veg"
      ]
    },
    {
      "name": "Wolrd Best Dad Chocolate cake",
      "description": "",
      "media": "https://b.zmtcdn.com/data/dish_photos/703/53df0b6cbeb9a94c0fde26244defd703.jpg",
      "price": 0,
      "menuName": "Fathers Day Special Cakes",
      "categoryName": "",
      "slugs": [
        "veg",
        "services",
        "sf-no-onion",
        "sf-no-garlic",
        "sf-kid-friendly",
        "delivery-enabled",
        "delivery-enabled",
        "veg",
        "services",
        "sf-no-onion",
        "sf-no-garlic",
        "sf-kid-friendly",
        "veg"
      ]
    },
    {
      "name": "Fathers Day Special Cake",
      "description": "",
      "media": "https://b.zmtcdn.com/data/dish_photos/f58/e8e55e0b5de13c9162e8cd25ee5c4f58.jpg",
      "price": 0,
      "menuName": "Fathers Day Special Cakes",
      "categoryName": "",
      "slugs": [
        "veg",
        "services",
        "sf-no-onion",
        "sf-no-garlic",
        "sf-kid-friendly",
        "sf-cake",
        "delivery-enabled",
        "delivery-enabled",
        "veg",
        "services",
        "sf-no-onion",
        "sf-no-garlic",
        "sf-kid-friendly",
        "sf-cake",
        "veg"
      ]
    },
    {
      "name": "I Love Dad Chocolate Cake",
      "description": "",
      "media": "https://b.zmtcdn.com/data/dish_photos/841/58a24ff7202ac57076b89bb2be039841.jpg",
      "price": 0,
      "menuName": "Fathers Day Special Cakes",
      "categoryName": "",
      "slugs": [
        "veg",
        "dessert",
        "services",
        "sf-no-onion",
        "sf-no-garlic",
        "sf-kid-friendly",
        "delivery-enabled",
        "delivery-enabled",
        "veg",
        "dessert",
        "services",
        "sf-no-onion",
        "sf-no-garlic",
        "sf-kid-friendly",
        "veg"
      ]
    }
  ]
}