{
  "basicInfo": {
    "name": "Unlimited Pizza Parlor",
    "cuisine_string": "Pizza, Fast Food, Sichuan, Salad",
    "canonicalUrl": "https://www.zomato.com/surat/unlimited-pizza-parlor-rander/order"
  },
  "ratings": {
    "DINING": {
      "rating_type": "DINING",
      "rating": "2.9",
      "reviewCount": "4",
      "reviewTextSmall": "4 Reviews",
      "subtext": "4 Dining Reviews",
      "color": "#1C1C1C",
      "ratingV2": "2.9",
      "subtitle": "DINING",
      "sideSubTitle": "Dining Ratings",
      "bgColorV2": {
        "type": "yellow",
        "tint": "600"
      },
      "newOnDining": false
    },
    "DELIVERY": {
      "rating_type": "DELIVERY",
      "rating": "3.5",
      "reviewCount": "45",
      "reviewTextSmall": "45 Reviews",
      "subtext": "45 Delivery Reviews",
      "color": "#E23744",
      "ratingV2": "3.5",
      "subtitle": "DELIVERY",
      "sideSubTitle": "Delivery Ratings",
      "bgColorV2": {
        "type": "green",
        "tint": "600"
      },
      "newOnDelivery": false
    }
  },
  "establishment": {
    "city_id": 38,
    "city_name": "Surat",
    "country_id": 1,
    "country_name": "India",
    "zipcode": "",
    "is_dark_kitchen": false,
    "locality_verbose": "Rander, Surat",
    "latitude": "21.2251050407",
    "longitude": "72.8074387240",
    "static_map_url": "https://maps.zomato.com/php/staticmap?center=21.2251050407,72.8074387240&maptype=zomato&markers=21.2251050407,72.8074387240,pin_res32&sensor=false&scale=2&zoom=16&language=en&size=240x150&size=400x240",
    "address": "101, Silver Stone Arcade, Causeway Road, Near D Mart, Rander, Surat",
    "is_phone_available": 1,
    "phoneDetails": {
      "title": "Phone Numbers",
      "phoneStr": "+919824998545"
    },
    "res_chain_text": "See all 2 Unlimited Pizza Parlor outlets in Surat",
    "res_group_text": "",
    "res_chain_url": "https://www.zomato.com/surat/restaurants/unlimited-pizza-parlor",
    "res_group_url": "",
    "show_res_map": true
  },
  "items": [
    {
      "name": "Veg Cruch",
      "description": "Pizza sauce, sweet corn, onion, capsicum and liquied cheese,mozzrella.",
      "media": null,
      "price": 0,
      "menuName": "Today's Exclusive Dishes",
      "categoryName": "",
      "slugs": [
        "veg",
        "chef-special",
        "exclusive-offer",
        "restaurant-recommended",
        "medium-spicy",
        "services",
        "category-pizza",
        "sf-kid-friendly",
        "delivery-enabled",
        "delivery-enabled",
        "veg",
        "chef-special",
        "exclusive-offer",
        "restaurant-recommended",
        "medium-spicy",
        "services",
        "category-pizza",
        "sf-kid-friendly",
        "veg"
      ]
    },
    {
      "name": "Veg Cruch",
      "description": "Pizza sauce, sweet corn, onion, capsicum and liquied cheese,mozzrella.",
      "media": null,
      "price": 0,
      "menuName": "Pizza",
      "categoryName": "Classic Pizza",
      "slugs": [
        "veg",
        "chef-special",
        "exclusive-offer",
        "restaurant-recommended",
        "medium-spicy",
        "services",
        "category-pizza",
        "sf-kid-friendly",
        "delivery-enabled",
        "delivery-enabled",
        "veg",
        "chef-special",
        "exclusive-offer",
        "restaurant-recommended",
        "medium-spicy",
        "services",
        "category-pizza",
        "sf-kid-friendly",
        "veg"
      ]
    },
    {
      "name": "Double Cheese Margherita",
      "description": "Margherita sauce, tomato and mozzrella cheese.",
      "media": "https://b.zmtcdn.com/data/dish_photos/4a9/536a6cef0cd445e3af91d04d6054b4a9.jpg",
      "price": 0,
      "menuName": "Pizza",
      "categoryName": "Classic Pizza",
      "slugs": [
        "veg",
        "services",
        "sf-kid-friendly",
        "delivery-enabled",
        "delivery-enabled",
        "veg",
        "services",
        "sf-kid-friendly",
        "veg"
      ]
    },
    {
      "name": "Veggie Lover Pizza",
      "description": "Cheese pizza sauce, onion, tomato and capsicum.",
      "media": null,
      "price": 0,
      "menuName": "Pizza",
      "categoryName": "Classic Pizza",
      "slugs": [
        "veg",
        "services",
        "sf-kid-friendly",
        "delivery-enabled",
        "delivery-enabled",
        "veg",
        "services",
        "sf-kid-friendly",
        "veg"
      ]
    },
    {
      "name": "Capsicum Pizza",
      "description": "Mix pizza sauce, capsicum and tomtato.",
      "media": "https://b.zmtcdn.com/data/dish_photos/1cc/20199bd16e8c7b7d8f330609e98571cc.jpg",
      "price": 0,
      "menuName": "Pizza",
      "categoryName": "Classic Pizza",
      "slugs": [
        "veg",
        "services",
        "sf-kid-friendly",
        "delivery-enabled",
        "delivery-enabled",
        "veg",
        "services",
        "sf-kid-friendly",
        "veg"
      ]
    },
    {
      "name": "Veg Delight Pizza",
      "description": "Pizza sauce, capsicum, tomato and sweet corn.",
      "media": null,
      "price": 0,
      "menuName": "Pizza",
      "categoryName": "Classic Pizza",
      "slugs": [
        "veg",
        "services",
        "sf-kid-friendly",
        "delivery-enabled",
        "delivery-enabled",
        "veg",
        "services",
        "sf-kid-friendly",
        "veg"
      ]
    },
    {
      "name": "Golden Corn Pizza",
      "description": "Cheese pizza sauce and sweet corn.",
      "media": null,
      "price": 0,
      "menuName": "Pizza",
      "categoryName": "Classic Pizza",
      "slugs": [
        "veg",
        "services",
        "sf-kid-friendly",
        "delivery-enabled",
        "delivery-enabled",
        "veg",
        "services",
        "sf-kid-friendly",
        "veg"
      ]
    },
    {
      "name": "Pizza Italino",
      "description": "Pizza sauce, sweet corn, tomato, capsicum, olive and red paprika.",
      "media": null,
      "price": 0,
      "menuName": "Pizza",
      "categoryName": "Classic Pizza",
      "slugs": [
        "veg",
        "services",
        "sf-spicy",
        "delivery-enabled",
        "delivery-enabled",
        "veg",
        "services",
        "sf-spicy",
        "veg"
      ]
    },
    {
      "name": "Onion Paneer Pizza",
      "description": "Smokey pizza sauce, onion and paneer.",
      "media": null,
      "price": 0,
      "menuName": "Pizza",
      "categoryName": "Classic Pizza",
      "slugs": [
        "veg",
        "services",
        "sf-kid-friendly",
        "delivery-enabled",
        "delivery-enabled",
        "veg",
        "services",
        "sf-kid-friendly",
        "veg"
      ]
    },
    {
      "name": "Veggie Load Pizza",
      "description": "Smokey pizza sauce, onion, capsicum, tomato, olive and jalapeno.",
      "media": null,
      "price": 0,
      "menuName": "Pizza",
      "categoryName": "Classic Pizza",
      "slugs": [
        "veg",
        "services",
        "sf-spicy",
        "delivery-enabled",
        "delivery-enabled",
        "veg",
        "services",
        "sf-spicy",
        "veg"
      ]
    },
    {
      "name": "Farm Special Pizza",
      "description": "Mix sauce, onion, capsicum, tomato, baby corn, mushroom and coriander.",
      "media": null,
      "price": 0,
      "menuName": "Pizza",
      "categoryName": "Premium Pizza",
      "slugs": [
        "veg",
        "services",
        "sf-kid-friendly",
        "delivery-enabled",
        "delivery-enabled",
        "veg",
        "services",
        "sf-kid-friendly",
        "veg"
      ]
    },
    {
      "name": "Yummy Dummy Pizza",
      "description": "Makhani sauce, paneer, capsicum, onion, chilli and spinach.",
      "media": null,
      "price": 0,
      "menuName": "Pizza",
      "categoryName": "Premium Pizza",
      "slugs": [
        "veg",
        "services",
        "sf-spicy",
        "delivery-enabled",
        "delivery-enabled",
        "veg",
        "services",
        "sf-spicy",
        "veg"
      ]
    },
    {
      "name": "Gujju Paneer Treat",
      "description": "Makhani sauce, paneer, onion, chilli, tomato, green peas and coriander.",
      "media": null,
      "price": 0,
      "menuName": "Pizza",
      "categoryName": "Premium Pizza",
      "slugs": [
        "veg",
        "services",
        "sf-spicy",
        "delivery-enabled",
        "delivery-enabled",
        "veg",
        "services",
        "sf-spicy",
        "veg"
      ]
    },
    {
      "name": "Tandoori Tadka Pizza",
      "description": "Tandoori sauce, paneer, onion, capsicum, tomato and red paprika.",
      "media": null,
      "price": 0,
      "menuName": "Pizza",
      "categoryName": "Premium Pizza",
      "slugs": [
        "veg",
        "services",
        "sf-spicy",
        "delivery-enabled",
        "delivery-enabled",
        "veg",
        "services",
        "sf-spicy",
        "veg"
      ]
    },
    {
      "name": "Patiyala Paneer",
      "description": "Makhani sauce, paneer, onion, tomato, capsicum, baby corn and mustard oil.",
      "media": null,
      "price": 0,
      "menuName": "Pizza",
      "categoryName": "Premium Pizza",
      "slugs": [
        "veg",
        "services",
        "sf-kid-friendly",
        "delivery-enabled",
        "delivery-enabled",
        "veg",
        "services",
        "sf-kid-friendly",
        "veg"
      ]
    },
    {
      "name": "Punjabi Tadka Pizza",
      "description": "Tandoori sauce, paneer, onion, capsicum, tomato, green peas and mustard oil.",
      "media": null,
      "price": 0,
      "menuName": "Pizza",
      "categoryName": "Premium Pizza",
      "slugs": [
        "veg",
        "services",
        "sf-kid-friendly",
        "delivery-enabled",
        "delivery-enabled",
        "veg",
        "services",
        "sf-kid-friendly",
        "veg"
      ]
    },
    {
      "name": "Premium Veggie Pizza",
      "description": "Pizza sauce, baby corn, capsicum, tomato, olive and mushroom.",
      "media": null,
      "price": 0,
      "menuName": "Pizza",
      "categoryName": "Premium Pizza",
      "slugs": [
        "veg",
        "services",
        "sf-kid-friendly",
        "delivery-enabled",
        "delivery-enabled",
        "veg",
        "services",
        "sf-kid-friendly",
        "veg"
      ]
    },
    {
      "name": "Spicy and Fire Pizza",
      "description": "Spicy pizza sauce, onion, capsicum, chilli, red paprika, jalapeno, oregano, chilli flakes.",
      "media": "https://b.zmtcdn.com/data/dish_photos/87d/8d423166238d3984770cff7e9534e87d.jpg",
      "price": 0,
      "menuName": "Pizza",
      "categoryName": "Premium Pizza",
      "slugs": [
        "veg",
        "services",
        "sf-spicy",
        "delivery-enabled",
        "delivery-enabled",
        "veg",
        "services",
        "sf-spicy",
        "veg"
      ]
    },
    {
      "name": "Spicy Paeer Treat Pizza",
      "description": "Spicy pizza sauce, paneer, capsicum, onion, chilli, red paprika and jalapeno.",
      "media": null,
      "price": 0,
      "menuName": "Pizza",
      "categoryName": "Premium Pizza",
      "slugs": [
        "veg",
        "services",
        "sf-spicy",
        "delivery-enabled",
        "delivery-enabled",
        "veg",
        "services",
        "sf-spicy",
        "veg"
      ]
    },
    {
      "name": "Spicy Veg Treat Pizza",
      "description": "Spicy pizza sauce, capsicum, onion, chilli and red paprika.",
      "media": null,
      "price": 0,
      "menuName": "Pizza",
      "categoryName": "Premium Pizza",
      "slugs": [
        "veg",
        "services",
        "sf-spicy",
        "delivery-enabled",
        "delivery-enabled",
        "veg",
        "services",
        "sf-spicy",
        "veg"
      ]
    },
    {
      "name": "Fresh Veg Special Pizza",
      "description": "Olives, red capsicum, onion, spicy paneer baby corn, capsicum and sweet corn.",
      "media": null,
      "price": 0,
      "menuName": "Pizza",
      "categoryName": "Premium Pizza",
      "slugs": [
        "veg",
        "services",
        "sf-spicy",
        "delivery-enabled",
        "delivery-enabled",
        "veg",
        "services",
        "sf-spicy",
        "veg"
      ]
    },
    {
      "name": "Tomato Soup",
      "description": "",
      "media": "https://b.zmtcdn.com/data/dish_photos/697/374eac057442f186d500fbb6f38e0697.png",
      "price": 99,
      "menuName": "Hot Soups",
      "categoryName": "Soups",
      "slugs": [
        "veg",
        "chef-special",
        "mild",
        "services",
        "delivery-enabled",
        "delivery-enabled",
        "veg",
        "chef-special",
        "mild",
        "services",
        "veg"
      ]
    },
    {
      "name": "Manchow Soup",
      "description": "",
      "media": "https://b.zmtcdn.com/data/dish_photos/18c/c3452d14acabe64b24a3dfa32fb8418c.png",
      "price": 99,
      "menuName": "Hot Soups",
      "categoryName": "Soups",
      "slugs": [
        "veg",
        "chef-special",
        "medium-spicy",
        "services",
        "delivery-enabled",
        "delivery-enabled",
        "veg",
        "chef-special",
        "medium-spicy",
        "services",
        "veg"
      ]
    },
    {
      "name": "Hot N Sour Soup",
      "description": "",
      "media": "https://b.zmtcdn.com/data/dish_photos/916/2ed1821565693d5206a30594fd14d916.jpg",
      "price": 99,
      "menuName": "Hot Soups",
      "categoryName": "Soups",
      "slugs": [
        "veg",
        "chef-special",
        "medium-spicy",
        "services",
        "delivery-enabled",
        "delivery-enabled",
        "veg",
        "chef-special",
        "medium-spicy",
        "services",
        "veg"
      ]
    },
    {
      "name": "Veg Noodles Soup",
      "description": "",
      "media": null,
      "price": 99,
      "menuName": "Hot Soups",
      "categoryName": "Soups",
      "slugs": [
        "veg",
        "services",
        "delivery-enabled",
        "delivery-enabled",
        "veg",
        "services",
        "veg"
      ]
    },
    {
      "name": "Fried Rice",
      "description": "",
      "media": null,
      "price": 149,
      "menuName": "Hot Soups",
      "categoryName": "Fried Rice",
      "slugs": [
        "veg",
        "chef-special",
        "services",
        "delivery-enabled",
        "delivery-enabled",
        "veg",
        "chef-special",
        "services",
        "veg"
      ]
    },
    {
      "name": "Singapore Fried Rice",
      "description": "",
      "media": null,
      "price": 149,
      "menuName": "Hot Soups",
      "categoryName": "Fried Rice",
      "slugs": [
        "veg",
        "seasonal",
        "medium-spicy",
        "services",
        "delivery-enabled",
        "delivery-enabled",
        "veg",
        "seasonal",
        "medium-spicy",
        "services",
        "veg"
      ]
    },
    {
      "name": "Schezwan Fried Rice",
      "description": "",
      "media": null,
      "price": 149,
      "menuName": "Hot Soups",
      "categoryName": "Fried Rice",
      "slugs": [
        "veg",
        "medium-spicy",
        "services",
        "sf-spicy",
        "sf-extra-spicy",
        "delivery-enabled",
        "delivery-enabled",
        "veg",
        "medium-spicy",
        "services",
        "sf-spicy",
        "sf-extra-spicy",
        "veg"
      ]
    },
    {
      "name": "Manchurian Fried Rice",
      "description": "",
      "media": null,
      "price": 149,
      "menuName": "Hot Soups",
      "categoryName": "Fried Rice",
      "slugs": [
        "veg",
        "services",
        "delivery-enabled",
        "delivery-enabled",
        "veg",
        "services",
        "veg"
      ]
    },
    {
      "name": "Classic Salted Fries",
      "description": "Blood may be thicker than water, but it is still sticky, unpleasant and generally nauseating. Surround yourself with people who are the ketchup to your French fries, they make you a better version of yourself. Show me a person who doesn't like French fries and we'll swap lies. I love French stuffed.",
      "media": "https://b.zmtcdn.com/data/dish_photos/8cb/ec71808a91fb1d60bc2555e4eeef18cb.png",
      "price": 99,
      "menuName": "Fries",
      "categoryName": "",
      "slugs": [
        "veg",
        "services",
        "sf-kid-friendly",
        "delivery-enabled",
        "delivery-enabled",
        "veg",
        "services",
        "sf-kid-friendly",
        "veg"
      ]
    },
    {
      "name": "Peri Peri Fries",
      "description": "",
      "media": "https://b.zmtcdn.com/data/dish_photos/152/7d452758f0abdb3651fa0ee153c3b152.png",
      "price": 119,
      "menuName": "Fries",
      "categoryName": "",
      "slugs": [
        "veg",
        "services",
        "sf-spicy",
        "delivery-enabled",
        "delivery-enabled",
        "veg",
        "services",
        "sf-spicy",
        "veg"
      ]
    },
    {
      "name": "Russian Salad",
      "description": "",
      "media": null,
      "price": 169,
      "menuName": "Healthy Salads",
      "categoryName": "",
      "slugs": [
        "veg",
        "chef-special",
        "restaurant-recommended",
        "services",
        "delivery-enabled",
        "delivery-enabled",
        "veg",
        "chef-special",
        "restaurant-recommended",
        "services",
        "veg"
      ]
    },
    {
      "name": "Alfredo White Sauce Pasta",
      "description": "",
      "media": null,
      "price": 229,
      "menuName": "Delicious Pasta",
      "categoryName": "",
      "slugs": [
        "veg",
        "chef-special",
        "mild",
        "services",
        "delivery-enabled",
        "delivery-enabled",
        "veg",
        "chef-special",
        "mild",
        "services",
        "veg"
      ]
    },
    {
      "name": "Veg Arrabiata Red Sauce Pasta",
      "description": "",
      "media": "https://b.zmtcdn.com/data/dish_photos/fbe/57845aef2d9f6486359a815188c6cfbe.png",
      "price": 229,
      "menuName": "Delicious Pasta",
      "categoryName": "",
      "slugs": [
        "veg",
        "chef-special",
        "medium-spicy",
        "services",
        "delivery-enabled",
        "delivery-enabled",
        "veg",
        "chef-special",
        "medium-spicy",
        "services",
        "veg"
      ]
    },
    {
      "name": "Classic Cheese Garlic Bread",
      "description": "",
      "media": "https://b.zmtcdn.com/data/dish_photos/77c/261525d7137b9acfa947a254afda177c.jpg",
      "price": 99,
      "menuName": "Garlic Breads",
      "categoryName": "",
      "slugs": [
        "veg",
        "seasonal",
        "services",
        "five-minutes-delivery",
        "delivery-enabled",
        "delivery-enabled",
        "veg",
        "seasonal",
        "services",
        "five-minutes-delivery",
        "veg"
      ]
    },
    {
      "name": "Sweet Corn Cheese Garlic Bread",
      "description": "",
      "media": null,
      "price": 99,
      "menuName": "Garlic Breads",
      "categoryName": "",
      "slugs": [
        "veg",
        "services",
        "delivery-enabled",
        "delivery-enabled",
        "veg",
        "services",
        "veg"
      ]
    },
    {
      "name": "Chilli Cheese Garlic Bread",
      "description": "",
      "media": null,
      "price": 109,
      "menuName": "Garlic Breads",
      "categoryName": "",
      "slugs": [
        "veg",
        "chef-special",
        "restaurant-recommended",
        "medium-spicy",
        "services",
        "sf-spicy",
        "delivery-enabled",
        "delivery-enabled",
        "veg",
        "chef-special",
        "restaurant-recommended",
        "medium-spicy",
        "services",
        "sf-spicy",
        "veg"
      ]
    },
    {
      "name": "Supreme Garlic Bread",
      "description": "",
      "media": "https://b.zmtcdn.com/data/dish_photos/73f/a0c88a49a656bde8a65e7256ed0f673f.png",
      "price": 129,
      "menuName": "Garlic Breads",
      "categoryName": "",
      "slugs": [
        "veg",
        "seasonal",
        "chef-special",
        "new",
        "restaurant-recommended",
        "services",
        "delivery-enabled",
        "delivery-enabled",
        "veg",
        "seasonal",
        "chef-special",
        "new",
        "restaurant-recommended",
        "services",
        "veg"
      ]
    },
    {
      "name": "Manchurian Dry",
      "description": "",
      "media": "https://b.zmtcdn.com/data/dish_photos/984/0678f664f83a96ba0fe868409e127984.png",
      "price": 159,
      "menuName": "Chinese",
      "categoryName": "",
      "slugs": [
        "veg",
        "chef-special",
        "restaurant-recommended",
        "medium-spicy",
        "services",
        "delivery-enabled",
        "delivery-enabled",
        "veg",
        "chef-special",
        "restaurant-recommended",
        "medium-spicy",
        "services",
        "veg"
      ]
    },
    {
      "name": "Paneer Chilli Dry",
      "description": "",
      "media": null,
      "price": 220,
      "menuName": "Chinese",
      "categoryName": "",
      "slugs": [
        "veg",
        "chef-special",
        "restaurant-recommended",
        "medium-spicy",
        "services",
        "sf-spicy",
        "delivery-enabled",
        "delivery-enabled",
        "veg",
        "chef-special",
        "restaurant-recommended",
        "medium-spicy",
        "services",
        "sf-spicy",
        "veg"
      ]
    },
    {
      "name": "Hakka Noodles",
      "description": "",
      "media": null,
      "price": 159,
      "menuName": "Chinese",
      "categoryName": "",
      "slugs": [
        "veg",
        "services",
        "delivery-enabled",
        "delivery-enabled",
        "veg",
        "services",
        "veg"
      ]
    },
    {
      "name": "Manchurian Noodles",
      "description": "",
      "media": null,
      "price": 169,
      "menuName": "Chinese",
      "categoryName": "",
      "slugs": [
        "veg",
        "chef-special",
        "medium-spicy",
        "services",
        "delivery-enabled",
        "delivery-enabled",
        "veg",
        "chef-special",
        "medium-spicy",
        "services",
        "veg"
      ]
    },
    {
      "name": "Chinese Bhel",
      "description": "",
      "media": null,
      "price": 189,
      "menuName": "Chinese",
      "categoryName": "",
      "slugs": [
        "veg",
        "restaurant-recommended",
        "medium-spicy",
        "services",
        "delivery-enabled",
        "delivery-enabled",
        "veg",
        "restaurant-recommended",
        "medium-spicy",
        "services",
        "veg"
      ]
    },
    {
      "name": "Bombay Bhel",
      "description": "",
      "media": null,
      "price": 189,
      "menuName": "Chinese",
      "categoryName": "",
      "slugs": [
        "veg",
        "restaurant-recommended",
        "mild",
        "services",
        "delivery-enabled",
        "delivery-enabled",
        "veg",
        "restaurant-recommended",
        "mild",
        "services",
        "veg"
      ]
    },
    {
      "name": "Club Grilled Sandwich",
      "description": "Butter, tandoori sauce, fresh vegetables and sandwich masala.",
      "media": null,
      "price": 129,
      "menuName": "Grilled Sandwiches",
      "categoryName": "",
      "slugs": [
        "veg",
        "services",
        "delivery-enabled",
        "delivery-enabled",
        "veg",
        "services",
        "veg"
      ]
    },
    {
      "name": "Veg Cheese Sandwich",
      "description": "Butter, cheese, fresh vegetables and sandwich masala.",
      "media": null,
      "price": 169,
      "menuName": "Grilled Sandwiches",
      "categoryName": "",
      "slugs": [
        "veg",
        "services",
        "delivery-enabled",
        "delivery-enabled",
        "veg",
        "services",
        "veg"
      ]
    },
    {
      "name": "Veg Mayo Grilled Sandwich",
      "description": "Mayo, cheese, fresh vegetables and sandwich masala.",
      "media": null,
      "price": 169,
      "menuName": "Grilled Sandwiches",
      "categoryName": "",
      "slugs": [
        "veg",
        "services",
        "delivery-enabled",
        "delivery-enabled",
        "veg",
        "services",
        "veg"
      ]
    }
  ]
}