{
  "basicInfo": {
    "name": "Urban China",
    "cuisine_string": "Chinese, Sichuan, North Indian, Beverages",
    "canonicalUrl": "https://www.zomato.com/surat/urban-china-athwa/order"
  },
  "ratings": {
    "DINING": {
      "rating_type": "DINING",
      "rating": "",
      "reviewCount": "2",
      "reviewTextSmall": "2 Reviews",
      "subtext": "Does not offer Dining",
      "color": "",
      "ratingV2": "-",
      "subtitle": "DINING",
      "sideSubTitle": "Dining Ratings",
      "bgColorV2": {
        "type": "grey",
        "tint": "500"
      },
      "newOnDining": false
    },
    "DELIVERY": {
      "rating_type": "DELIVERY",
      "rating": "4.0",
      "reviewCount": "731",
      "reviewTextSmall": "731 Reviews",
      "subtext": "731 Delivery Reviews",
      "color": "#E23744",
      "ratingV2": "4.0",
      "subtitle": "DELIVERY",
      "sideSubTitle": "Delivery Ratings",
      "bgColorV2": {
        "type": "green",
        "tint": "700"
      },
      "newOnDelivery": false
    }
  },
  "establishment": {
    "city_id": 38,
    "city_name": "Surat",
    "country_id": 1,
    "country_name": "India",
    "zipcode": "395001",
    "is_dark_kitchen": false,
    "locality_verbose": "Athwa, Surat",
    "latitude": "21.1755327346",
    "longitude": "72.8057185239",
    "static_map_url": "https://maps.zomato.com/php/staticmap?center=21.1755327346,72.8057185239&maptype=zomato&markers=21.1755327346,72.8057185239,pin_res32&sensor=false&scale=2&zoom=16&language=en&size=240x150&size=400x240",
    "address": "Shop 3, Ghod Dod Road, Opposite Jade Blue, Athwa, Surat",
    "is_phone_available": 1,
    "phoneDetails": {
      "title": "Phone Numbers",
      "phoneStr": "+919099922626"
    },
    "res_chain_text": "",
    "res_group_text": "",
    "res_chain_url": "",
    "res_group_url": "",
    "show_res_map": true
  },
  "items": [
    {
      "name": "Butter Chicken Bolless",
      "description": "",
      "media": null,
      "price": 420,
      "menuName": "Main Course",
      "categoryName": "",
      "slugs": [
        "non-veg",
        "services",
        "delivery-enabled",
        "delivery-enabled",
        "non-veg",
        "services",
        "non-veg"
      ]
    },
    {
      "name": "Butter Chicken [Boneless]",
      "description": "",
      "media": "https://b.zmtcdn.com/data/dish_photos/a1f/f0f116e318acc44640bbe90e4d09ea1f.jpeg",
      "price": 440,
      "menuName": "Main Course",
      "categoryName": "",
      "slugs": [
        "non-veg",
        "services",
        "delivery-enabled",
        "delivery-enabled",
        "non-veg",
        "services",
        "non-veg"
      ]
    },
    {
      "name": "Butter Chicken [Bone]",
      "description": "",
      "media": null,
      "price": 420,
      "menuName": "Main Course",
      "categoryName": "",
      "slugs": [
        "non-veg",
        "services",
        "delivery-enabled",
        "delivery-enabled",
        "non-veg",
        "services",
        "non-veg"
      ]
    },
    {
      "name": "Cheese Angoori",
      "description": "",
      "media": null,
      "price": 380,
      "menuName": "Main Course",
      "categoryName": "",
      "slugs": [
        "veg",
        "services",
        "sf-not-vegan",
        "delivery-enabled",
        "delivery-enabled",
        "veg",
        "services",
        "sf-not-vegan",
        "veg"
      ]
    },
    {
      "name": "Cheese Butter Masala",
      "description": "",
      "media": null,
      "price": 370,
      "menuName": "Main Course",
      "categoryName": "",
      "slugs": [
        "veg",
        "services",
        "sf-not-vegan",
        "delivery-enabled",
        "delivery-enabled",
        "veg",
        "services",
        "sf-not-vegan",
        "veg"
      ]
    },
    {
      "name": "Chicken Angara",
      "description": "",
      "media": null,
      "price": 420,
      "menuName": "Main Course",
      "categoryName": "",
      "slugs": [
        "non-veg",
        "services",
        "delivery-enabled",
        "delivery-enabled",
        "non-veg",
        "services",
        "non-veg"
      ]
    },
    {
      "name": "Chicken Gauty",
      "description": "",
      "media": null,
      "price": 420,
      "menuName": "Main Course",
      "categoryName": "",
      "slugs": [
        "non-veg",
        "services",
        "delivery-enabled",
        "delivery-enabled",
        "non-veg",
        "services",
        "non-veg"
      ]
    },
    {
      "name": "Chicken Hariyali Masala",
      "description": "",
      "media": "https://b.zmtcdn.com/data/dish_photos/090/62abaa8653504a3e1266dc6900c5f090.jpeg",
      "price": 420,
      "menuName": "Main Course",
      "categoryName": "",
      "slugs": [
        "non-veg",
        "services",
        "delivery-enabled",
        "delivery-enabled",
        "non-veg",
        "services",
        "non-veg"
      ]
    },
    {
      "name": "Chicken Hydrabadi",
      "description": "",
      "media": null,
      "price": 420,
      "menuName": "Main Course",
      "categoryName": "",
      "slugs": [
        "non-veg",
        "services",
        "delivery-enabled",
        "delivery-enabled",
        "non-veg",
        "services",
        "non-veg"
      ]
    },
    {
      "name": "Chicken Kadhai Masala",
      "description": "",
      "media": null,
      "price": 420,
      "menuName": "Main Course",
      "categoryName": "",
      "slugs": [
        "non-veg",
        "services",
        "delivery-enabled",
        "delivery-enabled",
        "non-veg",
        "services",
        "non-veg"
      ]
    },
    {
      "name": "Chicken Keema",
      "description": "",
      "media": null,
      "price": 420,
      "menuName": "Main Course",
      "categoryName": "",
      "slugs": [
        "non-veg",
        "services",
        "delivery-enabled",
        "delivery-enabled",
        "non-veg",
        "services",
        "non-veg"
      ]
    },
    {
      "name": "Chicken Kolhapuri",
      "description": "",
      "media": null,
      "price": 420,
      "menuName": "Main Course",
      "categoryName": "",
      "slugs": [
        "non-veg",
        "services",
        "sf-spicy",
        "delivery-enabled",
        "delivery-enabled",
        "non-veg",
        "services",
        "sf-spicy",
        "non-veg"
      ]
    },
    {
      "name": "Chicken Rogan Josh",
      "description": "",
      "media": null,
      "price": 420,
      "menuName": "Main Course",
      "categoryName": "",
      "slugs": [
        "non-veg",
        "services",
        "delivery-enabled",
        "delivery-enabled",
        "non-veg",
        "services",
        "non-veg"
      ]
    },
    {
      "name": "Chicken Tawa Masala",
      "description": "",
      "media": null,
      "price": 420,
      "menuName": "Main Course",
      "categoryName": "",
      "slugs": [
        "non-veg",
        "services",
        "delivery-enabled",
        "delivery-enabled",
        "non-veg",
        "services",
        "non-veg"
      ]
    },
    {
      "name": "Chicken Tikka Masala",
      "description": "",
      "media": "https://b.zmtcdn.com/data/dish_photos/ef1/05cb9f853502b1e985def81843d8def1.jpeg",
      "price": 400,
      "menuName": "Main Course",
      "categoryName": "",
      "slugs": [
        "non-veg",
        "services",
        "delivery-enabled",
        "delivery-enabled",
        "non-veg",
        "services",
        "non-veg"
      ]
    },
    {
      "name": "Dal Fry",
      "description": "A comforting and delicious preparation made with mixed dal cooked and tempered with onions, chillies and more in pure ghee.",
      "media": null,
      "price": 200,
      "menuName": "Main Course",
      "categoryName": "",
      "slugs": [
        "veg",
        "services",
        "sf-not-vegan",
        "delivery-enabled",
        "delivery-enabled",
        "veg",
        "services",
        "sf-not-vegan",
        "veg"
      ]
    },
    {
      "name": "Dal Palak",
      "description": "",
      "media": null,
      "price": 230,
      "menuName": "Main Course",
      "categoryName": "",
      "slugs": [
        "veg",
        "services",
        "delivery-enabled",
        "delivery-enabled",
        "veg",
        "services",
        "veg"
      ]
    },
    {
      "name": "Dal Tadka",
      "description": "Delicious lentil curry enriched with a tempering of spices and cumin seeds.",
      "media": "https://b.zmtcdn.com/data/dish_photos/396/ca333af64704ecf9201c77a496d99396.jpeg",
      "price": 230,
      "menuName": "Main Course",
      "categoryName": "",
      "slugs": [
        "veg",
        "services",
        "delivery-enabled",
        "delivery-enabled",
        "veg",
        "services",
        "veg"
      ]
    },
    {
      "name": "Hot Sizzling Chicken Masala",
      "description": "",
      "media": null,
      "price": 450,
      "menuName": "Main Course",
      "categoryName": "",
      "slugs": [
        "non-veg",
        "services",
        "delivery-enabled",
        "delivery-enabled",
        "non-veg",
        "services",
        "non-veg"
      ]
    },
    {
      "name": "Jeera Aloo",
      "description": "",
      "media": null,
      "price": 240,
      "menuName": "Main Course",
      "categoryName": "",
      "slugs": [
        "veg",
        "services",
        "delivery-enabled",
        "delivery-enabled",
        "veg",
        "services",
        "veg"
      ]
    },
    {
      "name": "Lemon Chicken Masala",
      "description": "",
      "media": null,
      "price": 420,
      "menuName": "Main Course",
      "categoryName": "",
      "slugs": [
        "non-veg",
        "services",
        "delivery-enabled",
        "delivery-enabled",
        "non-veg",
        "services",
        "non-veg"
      ]
    },
    {
      "name": "Mix Veg",
      "description": "Mix veg curry is made by cooking a mixture of vegetables together in a traditional Indian onion tomato gravy.",
      "media": null,
      "price": 250,
      "menuName": "Main Course",
      "categoryName": "",
      "slugs": [
        "veg",
        "services",
        "delivery-enabled",
        "delivery-enabled",
        "veg",
        "services",
        "veg"
      ]
    },
    {
      "name": "Mushroom Keema",
      "description": "",
      "media": null,
      "price": 380,
      "menuName": "Main Course",
      "categoryName": "",
      "slugs": [
        "veg",
        "services",
        "delivery-enabled",
        "delivery-enabled",
        "veg",
        "services",
        "veg"
      ]
    },
    {
      "name": "Mushroom Masala",
      "description": "Mushroom prepared in creamy, mildly tangy gravy of tomato, onion and spices.",
      "media": null,
      "price": 350,
      "menuName": "Main Course",
      "categoryName": "",
      "slugs": [
        "veg",
        "services",
        "delivery-enabled",
        "delivery-enabled",
        "veg",
        "services",
        "veg"
      ]
    },
    {
      "name": "Palak Paneer",
      "description": "An earthy spinach based gravy recipe that uses mild spices mixed together with Indian cottage cheese pieces topped with cream.",
      "media": null,
      "price": 300,
      "menuName": "Main Course",
      "categoryName": "",
      "slugs": [
        "veg",
        "services",
        "sf-not-vegan",
        "delivery-enabled",
        "delivery-enabled",
        "veg",
        "services",
        "sf-not-vegan",
        "veg"
      ]
    },
    {
      "name": "Paneer Angara",
      "description": "Indian cottage cheese simmered in a spicy onion and tomato gravy.",
      "media": null,
      "price": 360,
      "menuName": "Main Course",
      "categoryName": "",
      "slugs": [
        "veg",
        "services",
        "sf-spicy",
        "sf-not-vegan",
        "delivery-enabled",
        "delivery-enabled",
        "veg",
        "services",
        "sf-spicy",
        "sf-not-vegan",
        "veg"
      ]
    },
    {
      "name": "Paneer Bhurji",
      "description": "Hand crushed cottage cheese tempered with onions, tomatos and green chillies with spices.",
      "media": null,
      "price": 350,
      "menuName": "Main Course",
      "categoryName": "",
      "slugs": [
        "veg",
        "services",
        "sf-not-vegan",
        "delivery-enabled",
        "delivery-enabled",
        "veg",
        "services",
        "sf-not-vegan",
        "veg"
      ]
    },
    {
      "name": "Paneer Butter Masala",
      "description": "A wholesome food served along with a creamy paneer butter masala perfect to satiate your cravings.",
      "media": null,
      "price": 320,
      "menuName": "Main Course",
      "categoryName": "",
      "slugs": [
        "veg",
        "services",
        "sf-not-vegan",
        "delivery-enabled",
        "delivery-enabled",
        "veg",
        "services",
        "sf-not-vegan",
        "veg"
      ]
    },
    {
      "name": "Paneer Kadhai Masala",
      "description": "",
      "media": null,
      "price": 320,
      "menuName": "Main Course",
      "categoryName": "",
      "slugs": [
        "veg",
        "services",
        "sf-not-vegan",
        "delivery-enabled",
        "delivery-enabled",
        "veg",
        "services",
        "sf-not-vegan",
        "veg"
      ]
    },
    {
      "name": "Paneer Lawabdar",
      "description": "",
      "media": null,
      "price": 350,
      "menuName": "Main Course",
      "categoryName": "",
      "slugs": [
        "veg",
        "services",
        "sf-not-vegan",
        "delivery-enabled",
        "delivery-enabled",
        "veg",
        "services",
        "sf-not-vegan",
        "veg"
      ]
    },
    {
      "name": "Paneer Pasanda",
      "description": "",
      "media": null,
      "price": 360,
      "menuName": "Main Course",
      "categoryName": "",
      "slugs": [
        "veg",
        "services",
        "sf-not-vegan",
        "delivery-enabled",
        "delivery-enabled",
        "veg",
        "services",
        "sf-not-vegan",
        "veg"
      ]
    },
    {
      "name": "Paneer Tikka Masala",
      "description": "A creamy dish with soft paneer chunks cooked in a rich tomato gravy seasoned with spices and butter.",
      "media": null,
      "price": 330,
      "menuName": "Main Course",
      "categoryName": "",
      "slugs": [
        "veg",
        "services",
        "sf-not-vegan",
        "delivery-enabled",
        "delivery-enabled",
        "veg",
        "services",
        "sf-not-vegan",
        "veg"
      ]
    },
    {
      "name": "Paneer Toofani",
      "description": "Indian cottage cheese simmered in a spicy onion and tomato gravy.",
      "media": null,
      "price": 330,
      "menuName": "Main Course",
      "categoryName": "",
      "slugs": [
        "veg",
        "services",
        "sf-spicy",
        "sf-not-vegan",
        "delivery-enabled",
        "delivery-enabled",
        "veg",
        "services",
        "sf-spicy",
        "sf-not-vegan",
        "veg"
      ]
    },
    {
      "name": "Veg Diwan-E-Handi",
      "description": "",
      "media": null,
      "price": 260,
      "menuName": "Main Course",
      "categoryName": "",
      "slugs": [
        "veg",
        "services",
        "delivery-enabled",
        "delivery-enabled",
        "veg",
        "services",
        "veg"
      ]
    },
    {
      "name": "Veg Kadai",
      "description": "A flavorful preparation with paneer cooked in onion tomato gravy. It must have for veg lovers.",
      "media": null,
      "price": 250,
      "menuName": "Main Course",
      "categoryName": "",
      "slugs": [
        "veg",
        "services",
        "sf-not-vegan",
        "delivery-enabled",
        "delivery-enabled",
        "veg",
        "services",
        "sf-not-vegan",
        "veg"
      ]
    },
    {
      "name": "Veg Keema Masala",
      "description": "",
      "media": null,
      "price": 260,
      "menuName": "Main Course",
      "categoryName": "",
      "slugs": [
        "veg",
        "services",
        "delivery-enabled",
        "delivery-enabled",
        "veg",
        "services",
        "veg"
      ]
    },
    {
      "name": "Veg Kheema Masala",
      "description": "",
      "media": null,
      "price": 230,
      "menuName": "Main Course",
      "categoryName": "",
      "slugs": [
        "veg",
        "services",
        "delivery-enabled",
        "delivery-enabled",
        "veg",
        "services",
        "veg"
      ]
    },
    {
      "name": "Veg Kolhapuri",
      "description": "Veg kolhapuri is Indian curry consisting of mixed vegetables in thick spiced gravy.",
      "media": null,
      "price": 260,
      "menuName": "Main Course",
      "categoryName": "",
      "slugs": [
        "veg",
        "services",
        "sf-spicy",
        "delivery-enabled",
        "delivery-enabled",
        "veg",
        "services",
        "sf-spicy",
        "veg"
      ]
    },
    {
      "name": "Veg Lajwab",
      "description": "",
      "media": null,
      "price": 280,
      "menuName": "Main Course",
      "categoryName": "",
      "slugs": [
        "veg",
        "services",
        "delivery-enabled",
        "delivery-enabled",
        "veg",
        "services",
        "veg"
      ]
    },
    {
      "name": "Veg Lasooni Palak",
      "description": "",
      "media": null,
      "price": 250,
      "menuName": "Main Course",
      "categoryName": "",
      "slugs": [
        "veg",
        "services",
        "delivery-enabled",
        "delivery-enabled",
        "veg",
        "services",
        "veg"
      ]
    },
    {
      "name": "Chicken Biryani",
      "description": "",
      "media": null,
      "price": 250,
      "menuName": "Indian Rice",
      "categoryName": "",
      "slugs": [
        "non-veg",
        "services",
        "delivery-enabled",
        "delivery-enabled",
        "non-veg",
        "services",
        "non-veg"
      ]
    },
    {
      "name": "Chicken Tikka Biryani",
      "description": "",
      "media": "https://b.zmtcdn.com/data/dish_photos/b48/ec8b7f9552ae84d5c9a9b104b6153b48.jpeg",
      "price": 360,
      "menuName": "Indian Rice",
      "categoryName": "",
      "slugs": [
        "non-veg",
        "services",
        "delivery-enabled",
        "delivery-enabled",
        "non-veg",
        "services",
        "non-veg"
      ]
    },
    {
      "name": "Egg Biryani",
      "description": "Flavoured basmati rice cooked with spiced gravy in dum style with boiled eggs.",
      "media": null,
      "price": 260,
      "menuName": "Indian Rice",
      "categoryName": "",
      "slugs": [
        "egg",
        "services",
        "sf-spicy",
        "delivery-enabled",
        "delivery-enabled",
        "egg",
        "services",
        "sf-spicy",
        "egg"
      ]
    },
    {
      "name": "Jeera Rice",
      "description": "Frangrant rice dish tempered with lots of aromatic cumin seeds.",
      "media": "https://b.zmtcdn.com/data/dish_photos/021/30f77de95d432952a45c73f21e8c9021.jpeg",
      "price": 200,
      "menuName": "Indian Rice",
      "categoryName": "",
      "slugs": [
        "veg",
        "services",
        "delivery-enabled",
        "delivery-enabled",
        "veg",
        "services",
        "veg"
      ]
    },
    {
      "name": "Steam Rice",
      "description": "Aromatic steamed rice cooked in a tempering of cumin and whole spices.",
      "media": null,
      "price": 180,
      "menuName": "Indian Rice",
      "categoryName": "",
      "slugs": [
        "veg",
        "services",
        "delivery-enabled",
        "delivery-enabled",
        "veg",
        "services",
        "veg"
      ]
    },
    {
      "name": "Veg Biryani",
      "description": "Aromatic and flavourful rice cooked with vegetables and exotic spices.",
      "media": null,
      "price": 270,
      "menuName": "Indian Rice",
      "categoryName": "",
      "slugs": [
        "veg",
        "services",
        "delivery-enabled",
        "delivery-enabled",
        "veg",
        "services",
        "veg"
      ]
    },
    {
      "name": "Chicken Hakka Noodles",
      "description": "",
      "media": "https://b.zmtcdn.com/data/dish_photos/5b5/21337414c80e2e40135e67f07ec975b5.jpeg",
      "price": 300,
      "menuName": "Noodles",
      "categoryName": "",
      "slugs": [
        "non-veg",
        "services",
        "delivery-enabled",
        "delivery-enabled",
        "non-veg",
        "services",
        "non-veg"
      ]
    },
    {
      "name": "Chicken Schezwan Noodles",
      "description": "",
      "media": null,
      "price": 310,
      "menuName": "Noodles",
      "categoryName": "",
      "slugs": [
        "non-veg",
        "services",
        "sf-spicy",
        "delivery-enabled",
        "delivery-enabled",
        "non-veg",
        "services",
        "sf-spicy",
        "non-veg"
      ]
    },
    {
      "name": "Chicken Singapuri Noodles",
      "description": "",
      "media": null,
      "price": 320,
      "menuName": "Noodles",
      "categoryName": "",
      "slugs": [
        "non-veg",
        "services",
        "delivery-enabled",
        "delivery-enabled",
        "non-veg",
        "services",
        "non-veg"
      ]
    },
    {
      "name": "Egg Hakka Noodles",
      "description": "",
      "media": null,
      "price": 270,
      "menuName": "Noodles",
      "categoryName": "",
      "slugs": [
        "egg",
        "services",
        "delivery-enabled",
        "delivery-enabled",
        "egg",
        "services",
        "egg"
      ]
    },
    {
      "name": "Egg Schezwan Noodles",
      "description": "",
      "media": null,
      "price": 280,
      "menuName": "Noodles",
      "categoryName": "",
      "slugs": [
        "egg",
        "services",
        "sf-spicy",
        "delivery-enabled",
        "delivery-enabled",
        "egg",
        "services",
        "sf-spicy",
        "egg"
      ]
    },
    {
      "name": "Egg Singapuri Noodles",
      "description": "",
      "media": null,
      "price": 280,
      "menuName": "Noodles",
      "categoryName": "",
      "slugs": [
        "egg",
        "services",
        "delivery-enabled",
        "delivery-enabled",
        "egg",
        "services",
        "egg"
      ]
    },
    {
      "name": "Veg Hakka Noodles",
      "description": "Delectable stands of soft noodles tossed with assorted chopped veggies and hakka sauces, perfect entry to satiate your cravings.",
      "media": null,
      "price": 250,
      "menuName": "Noodles",
      "categoryName": "",
      "slugs": [
        "veg",
        "services",
        "delivery-enabled",
        "delivery-enabled",
        "veg",
        "services",
        "veg"
      ]
    },
    {
      "name": "Veg Schezwan Noodles",
      "description": "The spicy schezwan sauce and hakka noodles is made with soy sauce along with veggies.",
      "media": null,
      "price": 250,
      "menuName": "Noodles",
      "categoryName": "",
      "slugs": [
        "veg",
        "services",
        "sf-spicy",
        "delivery-enabled",
        "delivery-enabled",
        "veg",
        "services",
        "sf-spicy",
        "veg"
      ]
    },
    {
      "name": "Veg Singapuri Noodles",
      "description": "",
      "media": null,
      "price": 250,
      "menuName": "Noodles",
      "categoryName": "",
      "slugs": [
        "veg",
        "services",
        "delivery-enabled",
        "delivery-enabled",
        "veg",
        "services",
        "veg"
      ]
    },
    {
      "name": "Babycorn Chilli",
      "description": "",
      "media": null,
      "price": 270,
      "menuName": "Starters",
      "categoryName": "",
      "slugs": [
        "veg",
        "services",
        "delivery-enabled",
        "delivery-enabled",
        "veg",
        "services",
        "veg"
      ]
    },
    {
      "name": "Chicken Chilli",
      "description": "",
      "media": "https://b.zmtcdn.com/data/dish_photos/4fc/a9d2f6b7dbbb57b3fb3b8c633c8ef4fc.jpeg",
      "price": 380,
      "menuName": "Starters",
      "categoryName": "",
      "slugs": [
        "non-veg",
        "services",
        "delivery-enabled",
        "delivery-enabled",
        "non-veg",
        "services",
        "non-veg"
      ]
    },
    {
      "name": "Chicken Manchurian",
      "description": "",
      "media": null,
      "price": 350,
      "menuName": "Starters",
      "categoryName": "",
      "slugs": [
        "non-veg",
        "services",
        "delivery-enabled",
        "delivery-enabled",
        "non-veg",
        "services",
        "non-veg"
      ]
    },
    {
      "name": "Chicken Pahadi Tikka",
      "description": "",
      "media": null,
      "price": 420,
      "menuName": "Starters",
      "categoryName": "",
      "slugs": [
        "non-veg",
        "services",
        "delivery-enabled",
        "delivery-enabled",
        "non-veg",
        "services",
        "non-veg"
      ]
    },
    {
      "name": "Chicken Tikka",
      "description": "Chicken tikka is a chicken based dish which originated in south asia.",
      "media": "https://b.zmtcdn.com/data/dish_photos/e5c/cf244e22d3b9111a20b0b529170e2e5c.jpeg",
      "price": 400,
      "menuName": "Starters",
      "categoryName": "",
      "slugs": [
        "non-veg",
        "services",
        "delivery-enabled",
        "delivery-enabled",
        "non-veg",
        "services",
        "non-veg"
      ]
    },
    {
      "name": "Lasooni Chicken Tikka",
      "description": "",
      "media": null,
      "price": 350,
      "menuName": "Starters",
      "categoryName": "",
      "slugs": [
        "non-veg",
        "services",
        "delivery-enabled",
        "delivery-enabled",
        "non-veg",
        "services",
        "non-veg"
      ]
    },
    {
      "name": "Malai Chicken Tikka",
      "description": "",
      "media": null,
      "price": 450,
      "menuName": "Starters",
      "categoryName": "",
      "slugs": [
        "non-veg",
        "services",
        "delivery-enabled",
        "delivery-enabled",
        "non-veg",
        "services",
        "non-veg"
      ]
    },
    {
      "name": "Mushroom Chilli",
      "description": "Delectable mushrooms cooked in a spicy and tasty chilli sauce - perfect dish to satisfy your cravings.",
      "media": null,
      "price": 300,
      "menuName": "Starters",
      "categoryName": "",
      "slugs": [
        "veg",
        "services",
        "sf-spicy",
        "delivery-enabled",
        "delivery-enabled",
        "veg",
        "services",
        "sf-spicy",
        "veg"
      ]
    },
    {
      "name": "Mushroom Tikka",
      "description": "Delicious Indian dish with tender mushrooms roasted to perfection with fragrant spices.",
      "media": null,
      "price": 300,
      "menuName": "Starters",
      "categoryName": "",
      "slugs": [
        "veg",
        "services",
        "delivery-enabled",
        "delivery-enabled",
        "veg",
        "services",
        "veg"
      ]
    },
    {
      "name": "Paneer Chilli Dry",
      "description": "A delightfully flavorful dish prepared with soft paneer and cooked with flavorful chili sauce and other masalas.",
      "media": "https://b.zmtcdn.com/data/dish_photos/637/c6fee1b9c9a8eacf616e599279d51637.jpeg",
      "price": 350,
      "menuName": "Starters",
      "categoryName": "",
      "slugs": [
        "veg",
        "services",
        "sf-not-vegan",
        "delivery-enabled",
        "delivery-enabled",
        "veg",
        "services",
        "sf-not-vegan",
        "veg"
      ]
    },
    {
      "name": "Paneer Chilli Gravy",
      "description": "Paneer based Chinese dish, cooked in spices of garlic and ginger with chilly. It is one of our bestsellers.",
      "media": null,
      "price": 350,
      "menuName": "Starters",
      "categoryName": "",
      "slugs": [
        "veg",
        "services",
        "sf-not-vegan",
        "delivery-enabled",
        "delivery-enabled",
        "veg",
        "services",
        "sf-not-vegan",
        "veg"
      ]
    },
    {
      "name": "Paneer Hariyali Tikka",
      "description": "",
      "media": null,
      "price": 320,
      "menuName": "Starters",
      "categoryName": "",
      "slugs": [
        "veg",
        "services",
        "sf-not-vegan",
        "delivery-enabled",
        "delivery-enabled",
        "veg",
        "services",
        "sf-not-vegan",
        "veg"
      ]
    },
    {
      "name": "Paneer Peri-Peri Tikka",
      "description": "",
      "media": null,
      "price": 350,
      "menuName": "Starters",
      "categoryName": "",
      "slugs": [
        "veg",
        "services",
        "sf-spicy",
        "sf-not-vegan",
        "delivery-enabled",
        "delivery-enabled",
        "veg",
        "services",
        "sf-spicy",
        "sf-not-vegan",
        "veg"
      ]
    },
    {
      "name": "Paneer Tikka",
      "description": "Paneer marinated in lemon juice, dahi, Kashmiri lal mirch, salt, garam masala and ginger garlic paste, placed in tandoor for smoky flavour, garnished with chat masala and tandoori masala.",
      "media": "https://b.zmtcdn.com/data/dish_photos/e02/d71c173e5356c407c56ca6843d888e02.jpeg",
      "price": 350,
      "menuName": "Starters",
      "categoryName": "",
      "slugs": [
        "veg",
        "services",
        "sf-spicy",
        "sf-not-vegan",
        "delivery-enabled",
        "delivery-enabled",
        "veg",
        "services",
        "sf-spicy",
        "sf-not-vegan",
        "veg"
      ]
    },
    {
      "name": "Pesto Paneer Tikka",
      "description": "",
      "media": null,
      "price": 370,
      "menuName": "Starters",
      "categoryName": "",
      "slugs": [
        "veg",
        "services",
        "sf-not-vegan",
        "delivery-enabled",
        "delivery-enabled",
        "veg",
        "services",
        "sf-not-vegan",
        "veg"
      ]
    },
    {
      "name": "Schezwan Paneer",
      "description": "",
      "media": null,
      "price": 350,
      "menuName": "Starters",
      "categoryName": "",
      "slugs": [
        "veg",
        "services",
        "sf-spicy",
        "sf-not-vegan",
        "delivery-enabled",
        "delivery-enabled",
        "veg",
        "services",
        "sf-spicy",
        "sf-not-vegan",
        "veg"
      ]
    },
    {
      "name": "Schezwan Potato",
      "description": "",
      "media": null,
      "price": 250,
      "menuName": "Starters",
      "categoryName": "",
      "slugs": [
        "veg",
        "services",
        "sf-spicy",
        "delivery-enabled",
        "delivery-enabled",
        "veg",
        "services",
        "sf-spicy",
        "veg"
      ]
    },
    {
      "name": "Stuffed Mushroom Tikka",
      "description": "",
      "media": null,
      "price": 340,
      "menuName": "Starters",
      "categoryName": "",
      "slugs": [
        "veg",
        "services",
        "delivery-enabled",
        "delivery-enabled",
        "veg",
        "services",
        "veg"
      ]
    },
    {
      "name": "Veg Crispy",
      "description": "The mix vegetables is fried in such a way that the skin is extremely crunchy, but inside vegetables are soft and juicy. Cooked with schezwan sauce and bell peppers.",
      "media": null,
      "price": 260,
      "menuName": "Starters",
      "categoryName": "",
      "slugs": [
        "veg",
        "services",
        "sf-spicy",
        "delivery-enabled",
        "delivery-enabled",
        "veg",
        "services",
        "sf-spicy",
        "veg"
      ]
    },
    {
      "name": "Veg Manchurian Dry",
      "description": "Indo Chinese dish, deep fried vegetable balls tossed in Chinese sauces.",
      "media": null,
      "price": 250,
      "menuName": "Starters",
      "categoryName": "",
      "slugs": [
        "veg",
        "services",
        "delivery-enabled",
        "delivery-enabled",
        "veg",
        "services",
        "veg"
      ]
    },
    {
      "name": "Veg Manchurian Gravy",
      "description": "Veg Manchurian gravy recipe has a sauce or gravy in which the fried veggies balls are tossed and dunked.",
      "media": null,
      "price": 270,
      "menuName": "Starters",
      "categoryName": "",
      "slugs": [
        "veg",
        "services",
        "delivery-enabled",
        "delivery-enabled",
        "veg",
        "services",
        "veg"
      ]
    },
    {
      "name": "Veg Schezwan Manchurian",
      "description": "",
      "media": null,
      "price": 260,
      "menuName": "Starters",
      "categoryName": "",
      "slugs": [
        "veg",
        "services",
        "sf-spicy",
        "delivery-enabled",
        "delivery-enabled",
        "veg",
        "services",
        "sf-spicy",
        "veg"
      ]
    },
    {
      "name": "Chicken Fried Rice",
      "description": "",
      "media": null,
      "price": 300,
      "menuName": "Chinese Rice",
      "categoryName": "",
      "slugs": [
        "non-veg",
        "services",
        "delivery-enabled",
        "delivery-enabled",
        "non-veg",
        "services",
        "non-veg"
      ]
    },
    {
      "name": "Chicken Schezwan Fried Rice",
      "description": "",
      "media": null,
      "price": 320,
      "menuName": "Chinese Rice",
      "categoryName": "",
      "slugs": [
        "non-veg",
        "services",
        "sf-spicy",
        "delivery-enabled",
        "delivery-enabled",
        "non-veg",
        "services",
        "sf-spicy",
        "non-veg"
      ]
    },
    {
      "name": "Chicken Singapuri Rice",
      "description": "",
      "media": null,
      "price": 320,
      "menuName": "Chinese Rice",
      "categoryName": "",
      "slugs": [
        "non-veg",
        "services",
        "delivery-enabled",
        "delivery-enabled",
        "non-veg",
        "services",
        "non-veg"
      ]
    },
    {
      "name": "Chicken Special Rice",
      "description": "",
      "media": "https://b.zmtcdn.com/data/dish_photos/5e6/53eac2e545b6a3a8344ba753311675e6.jpeg",
      "price": 380,
      "menuName": "Chinese Rice",
      "categoryName": "",
      "slugs": [
        "non-veg",
        "services",
        "delivery-enabled",
        "delivery-enabled",
        "non-veg",
        "services",
        "non-veg"
      ]
    },
    {
      "name": "Egg Fried Rice",
      "description": "A slightly spicy dish made by tossing eggs and rice in a flavorful sauce.",
      "media": null,
      "price": 250,
      "menuName": "Chinese Rice",
      "categoryName": "",
      "slugs": [
        "egg",
        "services",
        "delivery-enabled",
        "delivery-enabled",
        "egg",
        "services",
        "egg"
      ]
    },
    {
      "name": "Egg Pepper Schezwan Rice",
      "description": "",
      "media": null,
      "price": 280,
      "menuName": "Chinese Rice",
      "categoryName": "",
      "slugs": [
        "egg",
        "services",
        "sf-spicy",
        "delivery-enabled",
        "delivery-enabled",
        "egg",
        "services",
        "sf-spicy",
        "egg"
      ]
    },
    {
      "name": "Egg Schezwan Fried Rice",
      "description": "",
      "media": null,
      "price": 270,
      "menuName": "Chinese Rice",
      "categoryName": "",
      "slugs": [
        "egg",
        "services",
        "sf-spicy",
        "delivery-enabled",
        "delivery-enabled",
        "egg",
        "services",
        "sf-spicy",
        "egg"
      ]
    },
    {
      "name": "Egg Singapuri Rice",
      "description": "",
      "media": null,
      "price": 270,
      "menuName": "Chinese Rice",
      "categoryName": "",
      "slugs": [
        "egg",
        "services",
        "delivery-enabled",
        "delivery-enabled",
        "egg",
        "services",
        "egg"
      ]
    },
    {
      "name": "Veg Fried Rice",
      "description": "A deliciously aromatic and flavorful dish made from stir fried mixed vegetables and aromatic rice.",
      "media": null,
      "price": 250,
      "menuName": "Chinese Rice",
      "categoryName": "",
      "slugs": [
        "veg",
        "services",
        "delivery-enabled",
        "delivery-enabled",
        "veg",
        "services",
        "veg"
      ]
    },
    {
      "name": "Veg Schezwan Fried Rice",
      "description": "A flavor packed dish with aromatic rice tossed along with veggies and schezwan sauce perfect to accompany any side dish.",
      "media": null,
      "price": 260,
      "menuName": "Chinese Rice",
      "categoryName": "",
      "slugs": [
        "veg",
        "services",
        "sf-spicy",
        "delivery-enabled",
        "delivery-enabled",
        "veg",
        "services",
        "sf-spicy",
        "veg"
      ]
    },
    {
      "name": "Veg Singapuri Rice",
      "description": "",
      "media": null,
      "price": 260,
      "menuName": "Chinese Rice",
      "categoryName": "",
      "slugs": [
        "veg",
        "services",
        "delivery-enabled",
        "delivery-enabled",
        "veg",
        "services",
        "veg"
      ]
    },
    {
      "name": "Veg Triple Schezwan Rice",
      "description": "",
      "media": null,
      "price": 300,
      "menuName": "Chinese Rice",
      "categoryName": "",
      "slugs": [
        "veg",
        "services",
        "sf-spicy",
        "delivery-enabled",
        "delivery-enabled",
        "veg",
        "services",
        "sf-spicy",
        "veg"
      ]
    },
    {
      "name": "Veg Urban Special Rice",
      "description": "",
      "media": null,
      "price": 320,
      "menuName": "Chinese Rice",
      "categoryName": "",
      "slugs": [
        "veg",
        "services",
        "delivery-enabled",
        "delivery-enabled",
        "veg",
        "services",
        "veg"
      ]
    },
    {
      "name": "Butter Chapati Roti",
      "description": "",
      "media": null,
      "price": 40,
      "menuName": "Rotis",
      "categoryName": "",
      "slugs": [
        "veg",
        "services",
        "sf-not-vegan",
        "delivery-enabled",
        "delivery-enabled",
        "veg",
        "services",
        "sf-not-vegan",
        "veg"
      ]
    },
    {
      "name": "Butter Garlic Naan",
      "description": "",
      "media": null,
      "price": 130,
      "menuName": "Rotis",
      "categoryName": "",
      "slugs": [
        "veg",
        "services",
        "sf-not-vegan",
        "delivery-enabled",
        "delivery-enabled",
        "veg",
        "services",
        "sf-not-vegan",
        "veg"
      ]
    },
    {
      "name": "Butter Kulcha",
      "description": "They are made using maida or a refined white flour whereas naan tends to be made with a wheat flour.",
      "media": null,
      "price": 110,
      "menuName": "Rotis",
      "categoryName": "",
      "slugs": [
        "veg",
        "services",
        "sf-not-vegan",
        "delivery-enabled",
        "delivery-enabled",
        "veg",
        "services",
        "sf-not-vegan",
        "veg"
      ]
    },
    {
      "name": "Butter Naan",
      "description": "North Indian bread with a generous serving of butter that tastes brilliant when paired with a gravy.",
      "media": null,
      "price": 70,
      "menuName": "Rotis",
      "categoryName": "",
      "slugs": [
        "veg",
        "services",
        "sf-not-vegan",
        "delivery-enabled",
        "delivery-enabled",
        "veg",
        "services",
        "sf-not-vegan",
        "veg"
      ]
    },
    {
      "name": "Butter Paratha",
      "description": "",
      "media": null,
      "price": 80,
      "menuName": "Rotis",
      "categoryName": "",
      "slugs": [
        "veg",
        "services",
        "sf-not-vegan",
        "delivery-enabled",
        "delivery-enabled",
        "veg",
        "services",
        "sf-not-vegan",
        "veg"
      ]
    },
    {
      "name": "Cheese Garlic Naan",
      "description": "Soft Indian flat bread made from all purpose flour with a hint of garlic, cooked in tandoor and topped with cheese.",
      "media": null,
      "price": 140,
      "menuName": "Rotis",
      "categoryName": "",
      "slugs": [
        "veg",
        "services",
        "sf-not-vegan",
        "delivery-enabled",
        "delivery-enabled",
        "veg",
        "services",
        "sf-not-vegan",
        "veg"
      ]
    },
    {
      "name": "Cheese Naa",
      "description": "",
      "media": null,
      "price": 140,
      "menuName": "Rotis",
      "categoryName": "",
      "slugs": [
        "veg",
        "services",
        "sf-not-vegan",
        "delivery-enabled",
        "delivery-enabled",
        "veg",
        "services",
        "sf-not-vegan",
        "veg"
      ]
    },
    {
      "name": "Cheese Naan",
      "description": "Indian bread made of maida cooked in tandoor topped with cheese.",
      "media": null,
      "price": 130,
      "menuName": "Rotis",
      "categoryName": "",
      "slugs": [
        "veg",
        "services",
        "sf-not-vegan",
        "delivery-enabled",
        "delivery-enabled",
        "veg",
        "services",
        "sf-not-vegan",
        "veg"
      ]
    },
    {
      "name": "Garlic Naan",
      "description": "Soft Indian flat bread made from all purpose flour with a hint of garlic, cooked in tandoor and topped with butter.",
      "media": "https://b.zmtcdn.com/data/dish_photos/06c/a360ebb3439dba0b7e7d1b5614d8706c.jpeg",
      "price": 110,
      "menuName": "Rotis",
      "categoryName": "",
      "slugs": [
        "veg",
        "services",
        "sf-not-vegan",
        "delivery-enabled",
        "delivery-enabled",
        "veg",
        "services",
        "sf-not-vegan",
        "veg"
      ]
    },
    {
      "name": "Laccha Paratha",
      "description": "Multi layered Indian flat bread with daubs of butter and cooked in tandoor.",
      "media": null,
      "price": 90,
      "menuName": "Rotis",
      "categoryName": "",
      "slugs": [
        "veg",
        "services",
        "sf-not-vegan",
        "delivery-enabled",
        "delivery-enabled",
        "veg",
        "services",
        "sf-not-vegan",
        "veg"
      ]
    },
    {
      "name": "Plain Chapati Roti",
      "description": "",
      "media": null,
      "price": 30,
      "menuName": "Rotis",
      "categoryName": "",
      "slugs": [
        "veg",
        "services",
        "delivery-enabled",
        "delivery-enabled",
        "veg",
        "services",
        "veg"
      ]
    },
    {
      "name": "Plain Garlic Naan",
      "description": "",
      "media": null,
      "price": 120,
      "menuName": "Rotis",
      "categoryName": "",
      "slugs": [
        "veg",
        "services",
        "delivery-enabled",
        "delivery-enabled",
        "veg",
        "services",
        "veg"
      ]
    },
    {
      "name": "Plain Kulcha",
      "description": "A classic and simple delight, perfect on its own or paired with your favorite curry.",
      "media": null,
      "price": 90,
      "menuName": "Rotis",
      "categoryName": "",
      "slugs": [
        "veg",
        "services",
        "delivery-enabled",
        "delivery-enabled",
        "veg",
        "services",
        "veg"
      ]
    },
    {
      "name": "Plain Naan",
      "description": "Soft and fluffy naan tastes amazing when paired with an Indian gravy.",
      "media": null,
      "price": 70,
      "menuName": "Rotis",
      "categoryName": "",
      "slugs": [
        "veg",
        "services",
        "delivery-enabled",
        "delivery-enabled",
        "veg",
        "services",
        "veg"
      ]
    },
    {
      "name": "Plain Paratha",
      "description": "",
      "media": null,
      "price": 80,
      "menuName": "Rotis",
      "categoryName": "",
      "slugs": [
        "veg",
        "services",
        "delivery-enabled",
        "delivery-enabled",
        "veg",
        "services",
        "veg"
      ]
    },
    {
      "name": "Stuffed Kulcha",
      "description": "",
      "media": null,
      "price": 150,
      "menuName": "Rotis",
      "categoryName": "",
      "slugs": [
        "veg",
        "services",
        "delivery-enabled",
        "delivery-enabled",
        "veg",
        "services",
        "veg"
      ]
    },
    {
      "name": "Stuffed Naan",
      "description": "",
      "media": null,
      "price": 110,
      "menuName": "Rotis",
      "categoryName": "",
      "slugs": [
        "veg",
        "services",
        "delivery-enabled",
        "delivery-enabled",
        "veg",
        "services",
        "veg"
      ]
    },
    {
      "name": "Stuffed Paratha",
      "description": "A savory and hearty filled Paratha perfect for a satisfying main course.",
      "media": null,
      "price": 110,
      "menuName": "Rotis",
      "categoryName": "",
      "slugs": [
        "veg",
        "services",
        "delivery-enabled",
        "delivery-enabled",
        "veg",
        "services",
        "veg"
      ]
    },
    {
      "name": "Chicken Hot & Sour Soup",
      "description": "",
      "media": null,
      "price": 250,
      "menuName": "Soups",
      "categoryName": "",
      "slugs": [
        "non-veg",
        "services",
        "delivery-enabled",
        "delivery-enabled",
        "non-veg",
        "services",
        "non-veg"
      ]
    },
    {
      "name": "Chicken Lemon Coriander Soup",
      "description": "",
      "media": null,
      "price": 260,
      "menuName": "Soups",
      "categoryName": "",
      "slugs": [
        "non-veg",
        "services",
        "delivery-enabled",
        "delivery-enabled",
        "non-veg",
        "services",
        "non-veg"
      ]
    },
    {
      "name": "Chicken Manchow Soup",
      "description": "",
      "media": "https://b.zmtcdn.com/data/dish_photos/5ee/e89dc83dddd280554f70f715b78205ee.jpeg",
      "price": 250,
      "menuName": "Soups",
      "categoryName": "",
      "slugs": [
        "non-veg",
        "services",
        "delivery-enabled",
        "delivery-enabled",
        "non-veg",
        "services",
        "non-veg"
      ]
    },
    {
      "name": "Egg Hot & Sour Soup",
      "description": "",
      "media": null,
      "price": 200,
      "menuName": "Soups",
      "categoryName": "",
      "slugs": [
        "egg",
        "services",
        "delivery-enabled",
        "delivery-enabled",
        "egg",
        "services",
        "egg"
      ]
    },
    {
      "name": "Egg Lemon Coriander Soup",
      "description": "",
      "media": null,
      "price": 200,
      "menuName": "Soups",
      "categoryName": "",
      "slugs": [
        "egg",
        "services",
        "delivery-enabled",
        "delivery-enabled",
        "egg",
        "services",
        "egg"
      ]
    },
    {
      "name": "Egg Manchow Soup",
      "description": "",
      "media": null,
      "price": 200,
      "menuName": "Soups",
      "categoryName": "",
      "slugs": [
        "egg",
        "services",
        "delivery-enabled",
        "delivery-enabled",
        "egg",
        "services",
        "egg"
      ]
    },
    {
      "name": "Veg Hot & Sour Soup",
      "description": "",
      "media": null,
      "price": 160,
      "menuName": "Soups",
      "categoryName": "",
      "slugs": [
        "veg",
        "services",
        "delivery-enabled",
        "delivery-enabled",
        "veg",
        "services",
        "veg"
      ]
    },
    {
      "name": "Veg Lemon Coriander Soup",
      "description": "A refreshing blend of lemon and coriander in a warm and hearty soup.",
      "media": null,
      "price": 160,
      "menuName": "Soups",
      "categoryName": "",
      "slugs": [
        "veg",
        "services",
        "delivery-enabled",
        "delivery-enabled",
        "veg",
        "services",
        "veg"
      ]
    },
    {
      "name": "Veg Manchow Soup",
      "description": "A comforting Chinese style thick soup filled with boiled vegetables.",
      "media": null,
      "price": 160,
      "menuName": "Soups",
      "categoryName": "",
      "slugs": [
        "veg",
        "services",
        "delivery-enabled",
        "delivery-enabled",
        "veg",
        "services",
        "veg"
      ]
    },
    {
      "name": "Apple Delight Mocktail",
      "description": "",
      "media": null,
      "price": 195,
      "menuName": "Drinks",
      "categoryName": "",
      "slugs": [
        "veg",
        "services",
        "delivery-enabled",
        "delivery-enabled",
        "veg",
        "services",
        "veg"
      ]
    },
    {
      "name": "Biscoff Shake",
      "description": "",
      "media": null,
      "price": 270,
      "menuName": "Drinks",
      "categoryName": "",
      "slugs": [
        "veg",
        "services",
        "delivery-enabled",
        "delivery-enabled",
        "veg",
        "services",
        "veg"
      ]
    },
    {
      "name": "Cranberry Mojito",
      "description": "",
      "media": null,
      "price": 230,
      "menuName": "Drinks",
      "categoryName": "",
      "slugs": [
        "veg",
        "services",
        "delivery-enabled",
        "delivery-enabled",
        "veg",
        "services",
        "veg"
      ]
    },
    {
      "name": "Ferrero Rocher Shake",
      "description": "A unique taste experience of contrasting layers, a whole crunchy hazelnut in the heart, a delicious creamy hazelnut filling, a crisp wafer shell covered with chocolate and gently roasted pieces.",
      "media": null,
      "price": 310,
      "menuName": "Drinks",
      "categoryName": "",
      "slugs": [
        "veg",
        "services",
        "delivery-enabled",
        "delivery-enabled",
        "veg",
        "services",
        "veg"
      ]
    },
    {
      "name": "Fresh Fruit Punch Mocktail",
      "description": "",
      "media": null,
      "price": 180,
      "menuName": "Drinks",
      "categoryName": "",
      "slugs": [
        "veg",
        "services",
        "delivery-enabled",
        "delivery-enabled",
        "veg",
        "services",
        "veg"
      ]
    },
    {
      "name": "Green Apple Mojito",
      "description": "",
      "media": "https://b.zmtcdn.com/data/dish_photos/cf0/fcfb1bcf1e3e84d3f9c35a9fed968cf0.jpeg",
      "price": 230,
      "menuName": "Drinks",
      "categoryName": "",
      "slugs": [
        "veg",
        "services",
        "delivery-enabled",
        "delivery-enabled",
        "veg",
        "services",
        "veg"
      ]
    },
    {
      "name": "Kitkat Shake",
      "description": "A crunchy and creamy milkshake made by blending wholesome milk with delectable kitkat and refreshing ice cream serves for 1.",
      "media": null,
      "price": 260,
      "menuName": "Drinks",
      "categoryName": "",
      "slugs": [
        "veg",
        "services",
        "sf-not-vegan",
        "delivery-enabled",
        "delivery-enabled",
        "veg",
        "services",
        "sf-not-vegan",
        "veg"
      ]
    },
    {
      "name": "Kiwi Fresh Punch Mocktail",
      "description": "",
      "media": null,
      "price": 180,
      "menuName": "Drinks",
      "categoryName": "",
      "slugs": [
        "veg",
        "services",
        "delivery-enabled",
        "delivery-enabled",
        "veg",
        "services",
        "veg"
      ]
    },
    {
      "name": "Kiwi Lemonade",
      "description": "",
      "media": null,
      "price": 170,
      "menuName": "Drinks",
      "categoryName": "",
      "slugs": [
        "veg",
        "services",
        "delivery-enabled",
        "delivery-enabled",
        "veg",
        "services",
        "veg"
      ]
    },
    {
      "name": "Mint Mojito",
      "description": "A refreshing burst of mint and lime, perfect for a light and flavorful meal.",
      "media": null,
      "price": 230,
      "menuName": "Drinks",
      "categoryName": "",
      "slugs": [
        "veg",
        "services",
        "delivery-enabled",
        "delivery-enabled",
        "veg",
        "services",
        "veg"
      ]
    },
    {
      "name": "Nutella Shake",
      "description": "Everyone all time favourite a classic blend of nutella and milk.",
      "media": null,
      "price": 270,
      "menuName": "Drinks",
      "categoryName": "",
      "slugs": [
        "veg",
        "services",
        "sf-not-vegan",
        "delivery-enabled",
        "delivery-enabled",
        "veg",
        "services",
        "sf-not-vegan",
        "veg"
      ]
    },
    {
      "name": "Oreo Shake",
      "description": "A refreshing milkshake prepared with chocolate, oreo crumbs and wholesome milk - perfect to satisfy your cravings.",
      "media": "https://b.zmtcdn.com/data/dish_photos/41b/0e02e52ff27b103ad8a887b25811141b.jpeg",
      "price": 230,
      "menuName": "Drinks",
      "categoryName": "",
      "slugs": [
        "veg",
        "services",
        "sf-not-vegan",
        "delivery-enabled",
        "delivery-enabled",
        "veg",
        "services",
        "sf-not-vegan",
        "veg"
      ]
    },
    {
      "name": "Salty Classic Lemonade",
      "description": "",
      "media": "https://b.zmtcdn.com/data/dish_photos/5bf/6101c4eec9b881489565d09a2fc875bf.jpeg",
      "price": 130,
      "menuName": "Drinks",
      "categoryName": "",
      "slugs": [
        "veg",
        "services",
        "delivery-enabled",
        "delivery-enabled",
        "veg",
        "services",
        "veg"
      ]
    },
    {
      "name": "Snickers Shake",
      "description": "",
      "media": null,
      "price": 310,
      "menuName": "Drinks",
      "categoryName": "",
      "slugs": [
        "veg",
        "services",
        "delivery-enabled",
        "delivery-enabled",
        "veg",
        "services",
        "veg"
      ]
    },
    {
      "name": "Strawberry Desire Mocktail",
      "description": "",
      "media": null,
      "price": 195,
      "menuName": "Drinks",
      "categoryName": "",
      "slugs": [
        "veg",
        "services",
        "delivery-enabled",
        "delivery-enabled",
        "veg",
        "services",
        "veg"
      ]
    },
    {
      "name": "Strawberry Lemonade",
      "description": "",
      "media": null,
      "price": 170,
      "menuName": "Drinks",
      "categoryName": "",
      "slugs": [
        "veg",
        "services",
        "delivery-enabled",
        "delivery-enabled",
        "veg",
        "services",
        "veg"
      ]
    },
    {
      "name": "Sweet Classic Lemonade",
      "description": "",
      "media": null,
      "price": 130,
      "menuName": "Drinks",
      "categoryName": "",
      "slugs": [
        "veg",
        "services",
        "delivery-enabled",
        "delivery-enabled",
        "veg",
        "services",
        "veg"
      ]
    },
    {
      "name": "Watermelon Mojito",
      "description": "A refreshing and fruity beverage perfect for any summer occasion.",
      "media": null,
      "price": 230,
      "menuName": "Drinks",
      "categoryName": "",
      "slugs": [
        "veg",
        "services",
        "delivery-enabled",
        "delivery-enabled",
        "veg",
        "services",
        "veg"
      ]
    },
    {
      "name": "Extra Cheese",
      "description": "",
      "media": null,
      "price": 50,
      "menuName": "Extras",
      "categoryName": "",
      "slugs": [
        "veg",
        "services",
        "sf-not-vegan",
        "delivery-enabled",
        "delivery-enabled",
        "veg",
        "services",
        "sf-not-vegan",
        "veg"
      ]
    },
    {
      "name": "Fry Papad",
      "description": "",
      "media": null,
      "price": 60,
      "menuName": "Extras",
      "categoryName": "",
      "slugs": [
        "veg",
        "services",
        "delivery-enabled",
        "delivery-enabled",
        "veg",
        "services",
        "veg"
      ]
    },
    {
      "name": "Masala Papad",
      "description": "A crispy, flavorful vegetarian bite with a tantalizing mix of spices.",
      "media": null,
      "price": 80,
      "menuName": "Extras",
      "categoryName": "",
      "slugs": [
        "veg",
        "services",
        "delivery-enabled",
        "delivery-enabled",
        "veg",
        "services",
        "veg"
      ]
    },
    {
      "name": "Roasted Papad",
      "description": "Crispy and flavorful Indian appetizer with a smokey roasted taste.",
      "media": null,
      "price": 50,
      "menuName": "Extras",
      "categoryName": "",
      "slugs": [
        "veg",
        "services",
        "delivery-enabled",
        "delivery-enabled",
        "veg",
        "services",
        "veg"
      ]
    },
    {
      "name": "Cheese Coom Wrap",
      "description": "",
      "media": null,
      "price": 370,
      "menuName": "Wrap (uc)",
      "categoryName": "",
      "slugs": [
        "veg",
        "services",
        "sf-not-vegan",
        "delivery-enabled",
        "delivery-enabled",
        "veg",
        "services",
        "sf-not-vegan",
        "veg"
      ]
    },
    {
      "name": "Chicken Bang Bang Wrap",
      "description": "",
      "media": null,
      "price": 380,
      "menuName": "Wrap (uc)",
      "categoryName": "",
      "slugs": [
        "non-veg",
        "services",
        "delivery-enabled",
        "delivery-enabled",
        "non-veg",
        "services",
        "non-veg"
      ]
    },
    {
      "name": "Chicken Mexican Wrap",
      "description": "",
      "media": null,
      "price": 380,
      "menuName": "Wrap (uc)",
      "categoryName": "",
      "slugs": [
        "non-veg",
        "services",
        "delivery-enabled",
        "delivery-enabled",
        "non-veg",
        "services",
        "non-veg"
      ]
    },
    {
      "name": "Chicken Peri Peri Wrap",
      "description": "",
      "media": null,
      "price": 380,
      "menuName": "Wrap (uc)",
      "categoryName": "",
      "slugs": [
        "non-veg",
        "services",
        "sf-spicy",
        "delivery-enabled",
        "delivery-enabled",
        "non-veg",
        "services",
        "sf-spicy",
        "non-veg"
      ]
    },
    {
      "name": "Chicken Wrap",
      "description": "",
      "media": null,
      "price": 370,
      "menuName": "Wrap (uc)",
      "categoryName": "",
      "slugs": [
        "non-veg",
        "services",
        "delivery-enabled",
        "delivery-enabled",
        "non-veg",
        "services",
        "non-veg"
      ]
    },
    {
      "name": "Egg Mexican Wrap",
      "description": "",
      "media": null,
      "price": 330,
      "menuName": "Wrap (uc)",
      "categoryName": "",
      "slugs": [
        "egg",
        "services",
        "delivery-enabled",
        "delivery-enabled",
        "egg",
        "services",
        "egg"
      ]
    },
    {
      "name": "Egg Paneer Wrap",
      "description": "",
      "media": null,
      "price": 280,
      "menuName": "Wrap (uc)",
      "categoryName": "",
      "slugs": [
        "egg",
        "services",
        "delivery-enabled",
        "delivery-enabled",
        "egg",
        "services",
        "egg"
      ]
    },
    {
      "name": "Egg Periperi Wrap",
      "description": "",
      "media": null,
      "price": 330,
      "menuName": "Wrap (uc)",
      "categoryName": "",
      "slugs": [
        "egg",
        "services",
        "delivery-enabled",
        "delivery-enabled",
        "egg",
        "services",
        "egg"
      ]
    },
    {
      "name": "Mushroom Cottege Cheese Wrap",
      "description": "",
      "media": null,
      "price": 360,
      "menuName": "Wrap (uc)",
      "categoryName": "",
      "slugs": [
        "veg",
        "services",
        "sf-not-vegan",
        "delivery-enabled",
        "delivery-enabled",
        "veg",
        "services",
        "sf-not-vegan",
        "veg"
      ]
    },
    {
      "name": "Peri Peri Cottege Cheese Wrap",
      "description": "",
      "media": null,
      "price": 350,
      "menuName": "Wrap (uc)",
      "categoryName": "",
      "slugs": [
        "veg",
        "services",
        "sf-spicy",
        "sf-not-vegan",
        "delivery-enabled",
        "delivery-enabled",
        "veg",
        "services",
        "sf-spicy",
        "sf-not-vegan",
        "veg"
      ]
    },
    {
      "name": "Spinach Cottege Cheese Wrap",
      "description": "",
      "media": null,
      "price": 350,
      "menuName": "Wrap (uc)",
      "categoryName": "",
      "slugs": [
        "veg",
        "services",
        "sf-not-vegan",
        "delivery-enabled",
        "delivery-enabled",
        "veg",
        "services",
        "sf-not-vegan",
        "veg"
      ]
    },
    {
      "name": "Veg Wrap",
      "description": "",
      "media": null,
      "price": 280,
      "menuName": "Wrap (uc)",
      "categoryName": "",
      "slugs": [
        "veg",
        "services",
        "delivery-enabled",
        "delivery-enabled",
        "veg",
        "services",
        "veg"
      ]
    },
    {
      "name": "Chicken Bang Bang Grill Sandwich",
      "description": "",
      "media": null,
      "price": 380,
      "menuName": "Sandwich (uc)",
      "categoryName": "",
      "slugs": [
        "non-veg",
        "services",
        "delivery-enabled",
        "delivery-enabled",
        "non-veg",
        "services",
        "non-veg"
      ]
    },
    {
      "name": "Chicken Grill Sandwich",
      "description": "",
      "media": null,
      "price": 350,
      "menuName": "Sandwich (uc)",
      "categoryName": "",
      "slugs": [
        "non-veg",
        "services",
        "delivery-enabled",
        "delivery-enabled",
        "non-veg",
        "services",
        "non-veg"
      ]
    },
    {
      "name": "Chicken Mexican Grill Sandwich",
      "description": "",
      "media": null,
      "price": 370,
      "menuName": "Sandwich (uc)",
      "categoryName": "",
      "slugs": [
        "non-veg",
        "services",
        "delivery-enabled",
        "delivery-enabled",
        "non-veg",
        "services",
        "non-veg"
      ]
    },
    {
      "name": "Chicken Peri Peri Sandwich",
      "description": "",
      "media": null,
      "price": 360,
      "menuName": "Sandwich (uc)",
      "categoryName": "",
      "slugs": [
        "non-veg",
        "services",
        "sf-spicy",
        "delivery-enabled",
        "delivery-enabled",
        "non-veg",
        "services",
        "sf-spicy",
        "non-veg"
      ]
    },
    {
      "name": "Egg Bhurji Sandwich",
      "description": "",
      "media": null,
      "price": 330,
      "menuName": "Sandwich (uc)",
      "categoryName": "",
      "slugs": [
        "egg",
        "services",
        "delivery-enabled",
        "delivery-enabled",
        "egg",
        "services",
        "egg"
      ]
    },
    {
      "name": "Egg Grill Sandwich",
      "description": "",
      "media": null,
      "price": 300,
      "menuName": "Sandwich (uc)",
      "categoryName": "",
      "slugs": [
        "egg",
        "services",
        "delivery-enabled",
        "delivery-enabled",
        "egg",
        "services",
        "egg"
      ]
    },
    {
      "name": "Egg Mexican Grill Sandwich",
      "description": "",
      "media": null,
      "price": 320,
      "menuName": "Sandwich (uc)",
      "categoryName": "",
      "slugs": [
        "egg",
        "services",
        "delivery-enabled",
        "delivery-enabled",
        "egg",
        "services",
        "egg"
      ]
    },
    {
      "name": "Egg Peri Peri Grill Sandwich",
      "description": "",
      "media": null,
      "price": 320,
      "menuName": "Sandwich (uc)",
      "categoryName": "",
      "slugs": [
        "egg",
        "services",
        "sf-spicy",
        "delivery-enabled",
        "delivery-enabled",
        "egg",
        "services",
        "sf-spicy",
        "egg"
      ]
    },
    {
      "name": "Mexican Grill Sandwich",
      "description": "",
      "media": null,
      "price": 300,
      "menuName": "Sandwich (uc)",
      "categoryName": "",
      "slugs": [
        "veg",
        "services",
        "delivery-enabled",
        "delivery-enabled",
        "veg",
        "services",
        "veg"
      ]
    },
    {
      "name": "Mushroom Paneer Sandwich",
      "description": "",
      "media": null,
      "price": 360,
      "menuName": "Sandwich (uc)",
      "categoryName": "",
      "slugs": [
        "veg",
        "services",
        "sf-not-vegan",
        "delivery-enabled",
        "delivery-enabled",
        "veg",
        "services",
        "sf-not-vegan",
        "veg"
      ]
    },
    {
      "name": "Paneer Sandwich",
      "description": "",
      "media": null,
      "price": 350,
      "menuName": "Sandwich (uc)",
      "categoryName": "",
      "slugs": [
        "veg",
        "services",
        "sf-not-vegan",
        "delivery-enabled",
        "delivery-enabled",
        "veg",
        "services",
        "sf-not-vegan",
        "veg"
      ]
    },
    {
      "name": "Veg Cheese Grill Sandwich",
      "description": "",
      "media": null,
      "price": 250,
      "menuName": "Sandwich (uc)",
      "categoryName": "",
      "slugs": [
        "veg",
        "services",
        "sf-not-vegan",
        "delivery-enabled",
        "delivery-enabled",
        "veg",
        "services",
        "sf-not-vegan",
        "veg"
      ]
    },
    {
      "name": "Veg Cheese Sandwich",
      "description": "",
      "media": null,
      "price": 220,
      "menuName": "Sandwich (uc)",
      "categoryName": "",
      "slugs": [
        "veg",
        "services",
        "sf-not-vegan",
        "delivery-enabled",
        "delivery-enabled",
        "veg",
        "services",
        "sf-not-vegan",
        "veg"
      ]
    }
  ]
}