{
  "basicInfo": {
    "name": "V. M. Chinese",
    "cuisine_string": "Chinese, Sichuan",
    "canonicalUrl": "https://www.zomato.com/surat/v-m-chinese-salabatpura/order"
  },
  "ratings": {
    "DINING": {
      "rating_type": "DINING",
      "rating": "4.2",
      "reviewCount": "92",
      "reviewTextSmall": "92 Reviews",
      "subtext": "92 Dining Reviews",
      "color": "#1C1C1C",
      "ratingV2": "4.2",
      "subtitle": "DINING",
      "sideSubTitle": "Dining Ratings",
      "bgColorV2": {
        "type": "green",
        "tint": "700"
      },
      "newOnDining": false
    },
    "DELIVERY": {
      "rating_type": "DELIVERY",
      "rating": "4.0",
      "reviewCount": "767",
      "reviewTextSmall": "767 Reviews",
      "subtext": "767 Delivery Reviews",
      "color": "#E23744",
      "ratingV2": "4.0",
      "subtitle": "DELIVERY",
      "sideSubTitle": "Delivery Ratings",
      "bgColorV2": {
        "type": "green",
        "tint": "700"
      },
      "newOnDelivery": false
    }
  },
  "establishment": {
    "city_id": 38,
    "city_name": "Surat",
    "country_id": 1,
    "country_name": "India",
    "zipcode": "",
    "is_dark_kitchen": false,
    "locality_verbose": "Salabatpura, Surat",
    "latitude": "21.1916974786",
    "longitude": "72.8331327438",
    "static_map_url": "https://maps.zomato.com/php/staticmap?center=21.1916974786,72.8331327438&maptype=zomato&markers=21.1916974786,72.8331327438,pin_res32&sensor=false&scale=2&zoom=16&language=en&size=240x150&size=400x240",
    "address": "3/1390, Vanchawala House, Inderpura, Sayyed Badar Miya Street, Ambawadi, Salabatpura, Surat",
    "is_phone_available": 1,
    "phoneDetails": {
      "title": "Phone Numbers",
      "phoneStr": "+917405306038, +919998637901"
    },
    "res_chain_text": "",
    "res_group_text": "",
    "res_chain_url": "",
    "res_group_url": "",
    "show_res_map": true
  },
  "items": [
    {
      "name": "Chicken Fried Rice Half + Cold Drink [200 ml]",
      "description": "",
      "media": "https://b.zmtcdn.com/data/dish_photos/7a7/5ced619137d814eb1bf5cde429bf87a7.jpg",
      "price": 230,
      "menuName": "Today's Exclusive Dishes",
      "categoryName": "",
      "slugs": [
        "non-veg",
        "exclusive-offer",
        "bestseller-late-night",
        "services",
        "value-meal",
        "delivery-enabled",
        "delivery-enabled",
        "non-veg",
        "exclusive-offer",
        "bestseller-late-night",
        "services",
        "value-meal",
        "non-veg"
      ]
    },
    {
      "name": "Chicken Singapuri Rice + Cold Drink [200 ML]",
      "description": "Chicken Singapuri Rice + Cold Drink [200 ML]",
      "media": "https://b.zmtcdn.com/data/dish_photos/d22/8c9013928773b5d635c3b93644155d22.jpg",
      "price": 230,
      "menuName": "Today's Exclusive Dishes",
      "categoryName": "",
      "slugs": [
        "non-veg",
        "exclusive-offer",
        "bestseller-dinner",
        "bestseller-late-night",
        "services",
        "value-meal",
        "delivery-enabled",
        "delivery-enabled",
        "non-veg",
        "exclusive-offer",
        "bestseller-dinner",
        "bestseller-late-night",
        "services",
        "value-meal",
        "non-veg"
      ]
    },
    {
      "name": "Chicken Hakka Noodles + Cold Drink [200 ML]",
      "description": "Chicken Hakka Noodles + Cold Drink [200 ML]",
      "media": "https://b.zmtcdn.com/data/dish_photos/51d/321ed8662b1639fd56a85667b3b9c51d.jpg",
      "price": 230,
      "menuName": "Today's Exclusive Dishes",
      "categoryName": "",
      "slugs": [
        "non-veg",
        "exclusive-offer",
        "bestseller-evening",
        "bestseller-dinner",
        "bestseller-late-night",
        "services",
        "value-meal",
        "delivery-enabled",
        "delivery-enabled",
        "non-veg",
        "exclusive-offer",
        "bestseller-evening",
        "bestseller-dinner",
        "bestseller-late-night",
        "services",
        "value-meal",
        "non-veg"
      ]
    },
    {
      "name": "Chicken Fried Rice Half + Cold Drink [200 ml]",
      "description": "",
      "media": "https://b.zmtcdn.com/data/dish_photos/7a7/5ced619137d814eb1bf5cde429bf87a7.jpg",
      "price": 230,
      "menuName": "Zomato Express Meals",
      "categoryName": "Zomato Express Meals",
      "slugs": [
        "non-veg",
        "exclusive-offer",
        "bestseller-late-night",
        "services",
        "value-meal",
        "delivery-enabled",
        "delivery-enabled",
        "non-veg",
        "exclusive-offer",
        "bestseller-late-night",
        "services",
        "value-meal",
        "non-veg"
      ]
    },
    {
      "name": "Chicken Singapuri Rice + Cold Drink [200 ML]",
      "description": "Chicken Singapuri Rice + Cold Drink [200 ML]",
      "media": "https://b.zmtcdn.com/data/dish_photos/d22/8c9013928773b5d635c3b93644155d22.jpg",
      "price": 230,
      "menuName": "Zomato Express Meals",
      "categoryName": "Zomato Express Meals",
      "slugs": [
        "non-veg",
        "exclusive-offer",
        "bestseller-dinner",
        "bestseller-late-night",
        "services",
        "value-meal",
        "delivery-enabled",
        "delivery-enabled",
        "non-veg",
        "exclusive-offer",
        "bestseller-dinner",
        "bestseller-late-night",
        "services",
        "value-meal",
        "non-veg"
      ]
    },
    {
      "name": "Chicken Hakka Noodles + Cold Drink [200 ML]",
      "description": "Chicken Hakka Noodles + Cold Drink [200 ML]",
      "media": "https://b.zmtcdn.com/data/dish_photos/51d/321ed8662b1639fd56a85667b3b9c51d.jpg",
      "price": 230,
      "menuName": "Zomato Express Meals",
      "categoryName": "Zomato Express Meals",
      "slugs": [
        "non-veg",
        "exclusive-offer",
        "bestseller-evening",
        "bestseller-dinner",
        "bestseller-late-night",
        "services",
        "value-meal",
        "delivery-enabled",
        "delivery-enabled",
        "non-veg",
        "exclusive-offer",
        "bestseller-evening",
        "bestseller-dinner",
        "bestseller-late-night",
        "services",
        "value-meal",
        "non-veg"
      ]
    },
    {
      "name": "Chicken Chilly + Cold Drink [200 ML]",
      "description": "Chicken Chilly + Cold Drink [200 ML]",
      "media": "https://b.zmtcdn.com/data/dish_photos/289/54c603f7675258fb3bfc5ca0a0a87289.jpg",
      "price": 270,
      "menuName": "Zomato Express Meals",
      "categoryName": "Zomato Express Meals",
      "slugs": [
        "non-veg",
        "restaurant-recommended",
        "combo-item",
        "services",
        "value-meal",
        "sf-spicy",
        "delivery-enabled",
        "delivery-enabled",
        "non-veg",
        "restaurant-recommended",
        "combo-item",
        "services",
        "value-meal",
        "sf-spicy",
        "non-veg"
      ]
    },
    {
      "name": "Veg Fried Rice + Cold Drink [200 ML]",
      "description": "Veg Fried Rice + Cold Drink [200 ML]",
      "media": "https://b.zmtcdn.com/data/dish_photos/3f8/f1e8bc49a7541cdcf29275897fbc63f8.jpg",
      "price": 210,
      "menuName": "Zomato Express Meals",
      "categoryName": "Zomato Express Meals",
      "slugs": [
        "veg",
        "exclusive-offer",
        "bestseller-late-night",
        "services",
        "value-meal",
        "delivery-enabled",
        "delivery-enabled",
        "veg",
        "exclusive-offer",
        "bestseller-late-night",
        "services",
        "value-meal",
        "veg"
      ]
    },
    {
      "name": "Veg Hakka Noodles + Cold Drink [200 ML]",
      "description": "Veg Hakka Noodles + Cold Drink [200 ML]",
      "media": "https://b.zmtcdn.com/data/dish_photos/776/7ad689705280fb96dffac63ec1854776.jpg",
      "price": 210,
      "menuName": "Zomato Express Meals",
      "categoryName": "Zomato Express Meals",
      "slugs": [
        "veg",
        "exclusive-offer",
        "combo-item",
        "services",
        "value-meal",
        "delivery-enabled",
        "delivery-enabled",
        "veg",
        "exclusive-offer",
        "combo-item",
        "services",
        "value-meal",
        "veg"
      ]
    },
    {
      "name": "Veg Manchurian + Cold Drink [200 ML]",
      "description": "Veg Manchurian + Cold Drink [200 ML]",
      "media": "https://b.zmtcdn.com/data/dish_photos/858/da9d2d8c527700565126ddb1482cd858.jpg",
      "price": 210,
      "menuName": "Zomato Express Meals",
      "categoryName": "Zomato Express Meals",
      "slugs": [
        "veg",
        "exclusive-offer",
        "services",
        "value-meal",
        "delivery-enabled",
        "delivery-enabled",
        "veg",
        "exclusive-offer",
        "services",
        "value-meal",
        "veg"
      ]
    },
    {
      "name": "Chicken Singapuri Rice + Manchurian Dry",
      "description": "Chicken Singapuri Rice + Manchurian Dry",
      "media": "https://b.zmtcdn.com/data/dish_photos/7a7/5ced619137d814eb1bf5cde429bf87a7.jpg",
      "price": 290,
      "menuName": "Zomato Express Meals",
      "categoryName": "Zomato Express Meals",
      "slugs": [
        "non-veg",
        "exclusive-offer",
        "combo-item",
        "services",
        "value-meal",
        "delivery-enabled",
        "delivery-enabled",
        "non-veg",
        "exclusive-offer",
        "combo-item",
        "services",
        "value-meal",
        "non-veg"
      ]
    },
    {
      "name": "Veg Dragon Manchurian + Veg Bombay Bhel",
      "description": "Veg Dragon Manchurian + Veg Bombay Bhel",
      "media": "https://b.zmtcdn.com/data/dish_photos/c7c/3d3d759abd0cddee4a0d4f3c1c64bc7c.jpg",
      "price": 260,
      "menuName": "Zomato Express Meals",
      "categoryName": "Zomato Express Meals",
      "slugs": [
        "veg",
        "exclusive-offer",
        "bestseller-dinner",
        "bestseller-late-night",
        "combo-item",
        "services",
        "value-meal",
        "delivery-enabled",
        "delivery-enabled",
        "veg",
        "exclusive-offer",
        "bestseller-dinner",
        "bestseller-late-night",
        "combo-item",
        "services",
        "value-meal",
        "veg"
      ]
    },
    {
      "name": "Veg Schezwan Rice + Manchurian",
      "description": "Veg Schezwan Rice + Manchurian",
      "media": "https://b.zmtcdn.com/data/dish_photos/0ba/3f48810973ef896dfe4a6c3b38b670ba.jpg",
      "price": 260,
      "menuName": "Zomato Express Meals",
      "categoryName": "Zomato Express Meals",
      "slugs": [
        "veg",
        "exclusive-offer",
        "bestseller-late-night",
        "combo-item",
        "services",
        "value-meal",
        "sf-spicy",
        "delivery-enabled",
        "delivery-enabled",
        "veg",
        "exclusive-offer",
        "bestseller-late-night",
        "combo-item",
        "services",
        "value-meal",
        "sf-spicy",
        "veg"
      ]
    },
    {
      "name": "Veg Hakka Noodles + Manchurian",
      "description": "Veg Hakka Noodles + Manchurian",
      "media": "https://b.zmtcdn.com/data/dish_photos/776/7ad689705280fb96dffac63ec1854776.jpg",
      "price": 260,
      "menuName": "Zomato Express Meals",
      "categoryName": "Zomato Express Meals",
      "slugs": [
        "veg",
        "exclusive-offer",
        "bestseller-late-night",
        "combo-item",
        "services",
        "value-meal",
        "delivery-enabled",
        "delivery-enabled",
        "veg",
        "exclusive-offer",
        "bestseller-late-night",
        "combo-item",
        "services",
        "value-meal",
        "veg"
      ]
    },
    {
      "name": "Veg. Manchurian + veg. Bombay bhel",
      "description": "",
      "media": null,
      "price": 260,
      "menuName": "Zomato Express Meals",
      "categoryName": "Combo 1/2",
      "slugs": [
        "veg",
        "combo-item",
        "services",
        "value-meal",
        "delivery-enabled",
        "delivery-enabled",
        "veg",
        "combo-item",
        "services",
        "value-meal",
        "veg"
      ]
    },
    {
      "name": "Chicken fried rice + veg. Manchurian",
      "description": "",
      "media": null,
      "price": 290,
      "menuName": "Zomato Express Meals",
      "categoryName": "Combo 1/2",
      "slugs": [
        "non-veg",
        "combo-item",
        "services",
        "value-meal",
        "delivery-enabled",
        "delivery-enabled",
        "non-veg",
        "combo-item",
        "services",
        "value-meal",
        "non-veg"
      ]
    },
    {
      "name": "Veg Soup",
      "description": "",
      "media": null,
      "price": 0,
      "menuName": "Soups",
      "categoryName": "Veg Soups",
      "slugs": [
        "veg",
        "restaurant-recommended",
        "healthy",
        "services",
        "delivery-enabled",
        "delivery-enabled",
        "veg",
        "restaurant-recommended",
        "healthy",
        "services",
        "veg"
      ]
    },
    {
      "name": "Veg Hot and Sour Soup",
      "description": "",
      "media": null,
      "price": 0,
      "menuName": "Soups",
      "categoryName": "Veg Soups",
      "slugs": [
        "veg",
        "healthy",
        "services",
        "delivery-enabled",
        "delivery-enabled",
        "veg",
        "healthy",
        "services",
        "veg"
      ]
    },
    {
      "name": "Veg Manchow Soup",
      "description": "",
      "media": null,
      "price": 0,
      "menuName": "Soups",
      "categoryName": "Veg Soups",
      "slugs": [
        "veg",
        "restaurant-recommended",
        "low-calorie",
        "healthy",
        "services",
        "delivery-enabled",
        "delivery-enabled",
        "veg",
        "restaurant-recommended",
        "low-calorie",
        "healthy",
        "services",
        "veg"
      ]
    },
    {
      "name": "Veg. Singapuri Soup",
      "description": "",
      "media": null,
      "price": 0,
      "menuName": "Soups",
      "categoryName": "Veg Soups",
      "slugs": [
        "veg",
        "services",
        "delivery-enabled",
        "delivery-enabled",
        "veg",
        "services",
        "veg"
      ]
    },
    {
      "name": "Veg. Clear Soup",
      "description": "",
      "media": null,
      "price": 0,
      "menuName": "Soups",
      "categoryName": "Veg Soups",
      "slugs": [
        "veg",
        "healthy",
        "home-style-meal",
        "services",
        "delivery-enabled",
        "delivery-enabled",
        "veg",
        "healthy",
        "home-style-meal",
        "services",
        "veg"
      ]
    },
    {
      "name": "Chicken Soup",
      "description": "",
      "media": null,
      "price": 0,
      "menuName": "Soups",
      "categoryName": "Non Veg Soups",
      "slugs": [
        "non-veg",
        "healthy",
        "services",
        "delivery-enabled",
        "delivery-enabled",
        "non-veg",
        "healthy",
        "services",
        "non-veg"
      ]
    },
    {
      "name": "Chicken Hot N Sour Soup",
      "description": "",
      "media": "https://b.zmtcdn.com/data/dish_photos/b21/24361e37e790641391c3c0b75b5b3b21.png",
      "price": 0,
      "menuName": "Soups",
      "categoryName": "Non Veg Soups",
      "slugs": [
        "non-veg",
        "healthy",
        "services",
        "delivery-enabled",
        "delivery-enabled",
        "non-veg",
        "healthy",
        "services",
        "non-veg"
      ]
    },
    {
      "name": "Chicken Manchow Soup",
      "description": "",
      "media": null,
      "price": 0,
      "menuName": "Soups",
      "categoryName": "Non Veg Soups",
      "slugs": [
        "non-veg",
        "restaurant-recommended",
        "healthy",
        "services",
        "delivery-enabled",
        "delivery-enabled",
        "non-veg",
        "restaurant-recommended",
        "healthy",
        "services",
        "non-veg"
      ]
    },
    {
      "name": "Chicken Clear Soup",
      "description": "",
      "media": null,
      "price": 0,
      "menuName": "Soups",
      "categoryName": "Non Veg Soups",
      "slugs": [
        "non-veg",
        "healthy",
        "home-style-meal",
        "services",
        "delivery-enabled",
        "delivery-enabled",
        "non-veg",
        "healthy",
        "home-style-meal",
        "services",
        "non-veg"
      ]
    },
    {
      "name": "Chicken Chilli Soup",
      "description": "",
      "media": null,
      "price": 0,
      "menuName": "Soups",
      "categoryName": "Non Veg Soups",
      "slugs": [
        "non-veg",
        "services",
        "sf-spicy",
        "delivery-enabled",
        "delivery-enabled",
        "non-veg",
        "services",
        "sf-spicy",
        "non-veg"
      ]
    },
    {
      "name": "Veg Manchurian",
      "description": "",
      "media": "https://b.zmtcdn.com/data/dish_photos/991/a8d2de261add3e392d26eb4572e82991.png",
      "price": 0,
      "menuName": "Starters",
      "categoryName": "Veg Starters",
      "slugs": [
        "veg",
        "restaurant-recommended",
        "services",
        "delivery-enabled",
        "delivery-enabled",
        "veg",
        "restaurant-recommended",
        "services",
        "veg"
      ]
    },
    {
      "name": "Veg Gravy Manchurian",
      "description": "",
      "media": null,
      "price": 0,
      "menuName": "Starters",
      "categoryName": "Veg Starters",
      "slugs": [
        "veg",
        "services",
        "delivery-enabled",
        "delivery-enabled",
        "veg",
        "services",
        "veg"
      ]
    },
    {
      "name": "Veg Dragon Manchurian",
      "description": "",
      "media": "https://b.zmtcdn.com/data/dish_photos/389/f981a12c709a6551f1347a85e2ad6389.jpg",
      "price": 0,
      "menuName": "Starters",
      "categoryName": "Veg Starters",
      "slugs": [
        "veg",
        "services",
        "delivery-enabled",
        "delivery-enabled",
        "veg",
        "services",
        "veg"
      ]
    },
    {
      "name": "Veg Red Cook Dry",
      "description": "",
      "media": null,
      "price": 0,
      "menuName": "Starters",
      "categoryName": "Veg Starters",
      "slugs": [
        "veg",
        "services",
        "delivery-enabled",
        "delivery-enabled",
        "veg",
        "services",
        "veg"
      ]
    },
    {
      "name": "Green Balls",
      "description": "",
      "media": null,
      "price": 0,
      "menuName": "Starters",
      "categoryName": "Veg Starters",
      "slugs": [
        "veg",
        "services",
        "delivery-enabled",
        "delivery-enabled",
        "veg",
        "services",
        "veg"
      ]
    },
    {
      "name": "Cheese Manchurian",
      "description": "",
      "media": null,
      "price": 0,
      "menuName": "Starters",
      "categoryName": "Veg Starters",
      "slugs": [
        "veg",
        "services",
        "delivery-enabled",
        "delivery-enabled",
        "veg",
        "services",
        "veg"
      ]
    },
    {
      "name": "Chicken Chilli",
      "description": "",
      "media": null,
      "price": 0,
      "menuName": "Starters",
      "categoryName": "Non Veg Starters",
      "slugs": [
        "non-veg",
        "restaurant-recommended",
        "services",
        "sf-spicy",
        "delivery-enabled",
        "delivery-enabled",
        "non-veg",
        "restaurant-recommended",
        "services",
        "sf-spicy",
        "non-veg"
      ]
    },
    {
      "name": "Golden Chicken",
      "description": "",
      "media": null,
      "price": 0,
      "menuName": "Starters",
      "categoryName": "Non Veg Starters",
      "slugs": [
        "non-veg",
        "services",
        "delivery-enabled",
        "delivery-enabled",
        "non-veg",
        "services",
        "non-veg"
      ]
    },
    {
      "name": "Thailand Chilli",
      "description": "",
      "media": null,
      "price": 0,
      "menuName": "Starters",
      "categoryName": "Non Veg Starters",
      "slugs": [
        "non-veg",
        "services",
        "sf-spicy",
        "delivery-enabled",
        "delivery-enabled",
        "non-veg",
        "services",
        "sf-spicy",
        "non-veg"
      ]
    },
    {
      "name": "Yellow Dragon",
      "description": "",
      "media": null,
      "price": 0,
      "menuName": "Starters",
      "categoryName": "Non Veg Starters",
      "slugs": [
        "non-veg",
        "services",
        "delivery-enabled",
        "delivery-enabled",
        "non-veg",
        "services",
        "non-veg"
      ]
    },
    {
      "name": "Chicken Tikka",
      "description": "",
      "media": null,
      "price": 0,
      "menuName": "Starters",
      "categoryName": "Non Veg Starters",
      "slugs": [
        "non-veg",
        "healthy",
        "services",
        "delivery-enabled",
        "delivery-enabled",
        "non-veg",
        "healthy",
        "services",
        "non-veg"
      ]
    },
    {
      "name": "VM Dragon Chilli Chicken",
      "description": "",
      "media": null,
      "price": 0,
      "menuName": "Starters",
      "categoryName": "Non Veg Starters",
      "slugs": [
        "non-veg",
        "chef-special",
        "bestseller-late-night",
        "restaurant-recommended",
        "services",
        "sf-spicy",
        "delivery-enabled",
        "delivery-enabled",
        "non-veg",
        "chef-special",
        "bestseller-late-night",
        "restaurant-recommended",
        "services",
        "sf-spicy",
        "non-veg"
      ]
    },
    {
      "name": "Chicken Manchurian",
      "description": "",
      "media": null,
      "price": 0,
      "menuName": "Starters",
      "categoryName": "Non Veg Starters",
      "slugs": [
        "non-veg",
        "services",
        "delivery-enabled",
        "delivery-enabled",
        "non-veg",
        "services",
        "non-veg"
      ]
    },
    {
      "name": "Chicken Kurkure",
      "description": "",
      "media": null,
      "price": 0,
      "menuName": "Starters",
      "categoryName": "V.M. Special Starters",
      "slugs": [
        "non-veg",
        "restaurant-recommended",
        "services",
        "delivery-enabled",
        "delivery-enabled",
        "non-veg",
        "restaurant-recommended",
        "services",
        "non-veg"
      ]
    },
    {
      "name": "VM Special Chilli Chicken",
      "description": "",
      "media": null,
      "price": 0,
      "menuName": "Starters",
      "categoryName": "V.M. Special Starters",
      "slugs": [
        "non-veg",
        "chef-special",
        "bestseller-late-night",
        "services",
        "sf-spicy",
        "delivery-enabled",
        "delivery-enabled",
        "non-veg",
        "chef-special",
        "bestseller-late-night",
        "services",
        "sf-spicy",
        "non-veg"
      ]
    },
    {
      "name": "Garlic Chilli Chicken",
      "description": "",
      "media": null,
      "price": 0,
      "menuName": "Starters",
      "categoryName": "V.M. Special Starters",
      "slugs": [
        "non-veg",
        "restaurant-recommended",
        "services",
        "sf-spicy",
        "delivery-enabled",
        "delivery-enabled",
        "non-veg",
        "restaurant-recommended",
        "services",
        "sf-spicy",
        "non-veg"
      ]
    },
    {
      "name": "Dragon Chilli Chicken",
      "description": "",
      "media": "https://b.zmtcdn.com/data/dish_photos/3b9/7dcb41e2a71c707727d16e98642f63b9.jpg",
      "price": 0,
      "menuName": "Starters",
      "categoryName": "V.M. Special Starters",
      "slugs": [
        "non-veg",
        "services",
        "sf-spicy",
        "delivery-enabled",
        "delivery-enabled",
        "non-veg",
        "services",
        "sf-spicy",
        "non-veg"
      ]
    },
    {
      "name": "Sosyo Chicken",
      "description": "",
      "media": null,
      "price": 0,
      "menuName": "Starters",
      "categoryName": "V.M. Special Starters",
      "slugs": [
        "non-veg",
        "restaurant-recommended",
        "services",
        "delivery-enabled",
        "delivery-enabled",
        "non-veg",
        "restaurant-recommended",
        "services",
        "non-veg"
      ]
    },
    {
      "name": "Bullet Chicken",
      "description": "",
      "media": null,
      "price": 0,
      "menuName": "Starters",
      "categoryName": "V.M. Special Starters",
      "slugs": [
        "non-veg",
        "services",
        "delivery-enabled",
        "delivery-enabled",
        "non-veg",
        "services",
        "non-veg"
      ]
    },
    {
      "name": "Red Cook Chicken",
      "description": "",
      "media": null,
      "price": 0,
      "menuName": "Starters",
      "categoryName": "V.M. Special Starters",
      "slugs": [
        "non-veg",
        "services",
        "delivery-enabled",
        "delivery-enabled",
        "non-veg",
        "services",
        "non-veg"
      ]
    },
    {
      "name": "Veg Fried Rice",
      "description": "Classic wok tossed rice with an assortment of\nvegetables and chinese condiments",
      "media": "https://b.zmtcdn.com/data/dish_photos/c52/06a4d6d4e8a14be316dce4032d484c52.png",
      "price": 0,
      "menuName": "Fried Rice and Noodles",
      "categoryName": "Veg Fried Rice",
      "slugs": [
        "veg",
        "services",
        "delivery-enabled",
        "delivery-enabled",
        "veg",
        "services",
        "veg"
      ]
    },
    {
      "name": "Veg Schezwan Rice",
      "description": "",
      "media": null,
      "price": 0,
      "menuName": "Fried Rice and Noodles",
      "categoryName": "Veg Fried Rice",
      "slugs": [
        "veg",
        "rice",
        "services",
        "sf-spicy",
        "delivery-enabled",
        "delivery-enabled",
        "veg",
        "rice",
        "services",
        "sf-spicy",
        "veg"
      ]
    },
    {
      "name": "Veg Singapuri Rice",
      "description": "",
      "media": null,
      "price": 0,
      "menuName": "Fried Rice and Noodles",
      "categoryName": "Veg Fried Rice",
      "slugs": [
        "veg",
        "services",
        "delivery-enabled",
        "delivery-enabled",
        "veg",
        "services",
        "veg"
      ]
    },
    {
      "name": "Veg Hong Kong Rice",
      "description": "",
      "media": null,
      "price": 0,
      "menuName": "Fried Rice and Noodles",
      "categoryName": "Veg Fried Rice",
      "slugs": [
        "veg",
        "services",
        "delivery-enabled",
        "delivery-enabled",
        "veg",
        "services",
        "veg"
      ]
    },
    {
      "name": "Veg Manchurian Rice",
      "description": "",
      "media": null,
      "price": 0,
      "menuName": "Fried Rice and Noodles",
      "categoryName": "Veg Fried Rice",
      "slugs": [
        "veg",
        "bestseller-late-night",
        "services",
        "delivery-enabled",
        "delivery-enabled",
        "veg",
        "bestseller-late-night",
        "services",
        "veg"
      ]
    },
    {
      "name": "Veg Triple Rice",
      "description": "",
      "media": null,
      "price": 0,
      "menuName": "Fried Rice and Noodles",
      "categoryName": "Veg Fried Rice",
      "slugs": [
        "veg",
        "bestseller-late-night",
        "rice",
        "services",
        "delivery-enabled",
        "delivery-enabled",
        "veg",
        "bestseller-late-night",
        "rice",
        "services",
        "veg"
      ]
    },
    {
      "name": "Veg Hungama Rice",
      "description": "",
      "media": null,
      "price": 0,
      "menuName": "Fried Rice and Noodles",
      "categoryName": "Veg Fried Rice",
      "slugs": [
        "veg",
        "services",
        "delivery-enabled",
        "delivery-enabled",
        "veg",
        "services",
        "veg"
      ]
    },
    {
      "name": "Veg Dhamaal Rice",
      "description": "",
      "media": null,
      "price": 0,
      "menuName": "Fried Rice and Noodles",
      "categoryName": "Veg Fried Rice",
      "slugs": [
        "veg",
        "services",
        "delivery-enabled",
        "delivery-enabled",
        "veg",
        "services",
        "veg"
      ]
    },
    {
      "name": "Veg Special Singapuri Rice",
      "description": "",
      "media": null,
      "price": 0,
      "menuName": "Fried Rice and Noodles",
      "categoryName": "Veg Fried Rice",
      "slugs": [
        "veg",
        "rice",
        "services",
        "delivery-enabled",
        "delivery-enabled",
        "veg",
        "rice",
        "services",
        "veg"
      ]
    },
    {
      "name": "Veg Pizza Rice",
      "description": "",
      "media": null,
      "price": 0,
      "menuName": "Fried Rice and Noodles",
      "categoryName": "Veg Fried Rice",
      "slugs": [
        "veg",
        "restaurant-recommended",
        "services",
        "delivery-enabled",
        "delivery-enabled",
        "veg",
        "restaurant-recommended",
        "services",
        "veg"
      ]
    },
    {
      "name": "Veg. Special Biryani",
      "description": "",
      "media": null,
      "price": 0,
      "menuName": "Fried Rice and Noodles",
      "categoryName": "Veg Fried Rice",
      "slugs": [
        "veg",
        "services",
        "delivery-enabled",
        "delivery-enabled",
        "veg",
        "services",
        "veg"
      ]
    },
    {
      "name": "Chicken Bhel",
      "description": "",
      "media": null,
      "price": 0,
      "menuName": "Fried Rice and Noodles",
      "categoryName": "Chicken Fried Rice",
      "slugs": [
        "non-veg",
        "restaurant-recommended",
        "rice",
        "services",
        "delivery-enabled",
        "delivery-enabled",
        "non-veg",
        "restaurant-recommended",
        "rice",
        "services",
        "non-veg"
      ]
    },
    {
      "name": "Chicken Fried Rice",
      "description": "",
      "media": "https://b.zmtcdn.com/data/dish_photos/14e/d6481ea8a730fe5d6a532ffc4cbe914e.png",
      "price": 0,
      "menuName": "Fried Rice and Noodles",
      "categoryName": "Chicken Fried Rice",
      "slugs": [
        "non-veg",
        "restaurant-recommended",
        "services",
        "delivery-enabled",
        "delivery-enabled",
        "non-veg",
        "restaurant-recommended",
        "services",
        "non-veg"
      ]
    },
    {
      "name": "Chicken Schezwan Rice",
      "description": "",
      "media": null,
      "price": 0,
      "menuName": "Fried Rice and Noodles",
      "categoryName": "Chicken Fried Rice",
      "slugs": [
        "non-veg",
        "bestseller-dinner",
        "rice",
        "services",
        "sf-spicy",
        "delivery-enabled",
        "delivery-enabled",
        "non-veg",
        "bestseller-dinner",
        "rice",
        "services",
        "sf-spicy",
        "non-veg"
      ]
    },
    {
      "name": "Chicken Singapuri Rice",
      "description": "",
      "media": null,
      "price": 0,
      "menuName": "Fried Rice and Noodles",
      "categoryName": "Chicken Fried Rice",
      "slugs": [
        "non-veg",
        "restaurant-recommended",
        "services",
        "delivery-enabled",
        "delivery-enabled",
        "non-veg",
        "restaurant-recommended",
        "services",
        "non-veg"
      ]
    },
    {
      "name": "Chicken Singapuri Bhel",
      "description": "",
      "media": null,
      "price": 0,
      "menuName": "Fried Rice and Noodles",
      "categoryName": "Chicken Fried Rice",
      "slugs": [
        "non-veg",
        "rice",
        "services",
        "delivery-enabled",
        "delivery-enabled",
        "non-veg",
        "rice",
        "services",
        "non-veg"
      ]
    },
    {
      "name": "Chicken Hong Kong Rice",
      "description": "",
      "media": null,
      "price": 0,
      "menuName": "Fried Rice and Noodles",
      "categoryName": "Chicken Fried Rice",
      "slugs": [
        "non-veg",
        "rice",
        "services",
        "delivery-enabled",
        "delivery-enabled",
        "non-veg",
        "rice",
        "services",
        "non-veg"
      ]
    },
    {
      "name": "Chicken Hungama Rice",
      "description": "",
      "media": null,
      "price": 0,
      "menuName": "Fried Rice and Noodles",
      "categoryName": "Chicken Fried Rice",
      "slugs": [
        "non-veg",
        "services",
        "delivery-enabled",
        "delivery-enabled",
        "non-veg",
        "services",
        "non-veg"
      ]
    },
    {
      "name": "Chicken Triple Rice",
      "description": "",
      "media": null,
      "price": 0,
      "menuName": "Fried Rice and Noodles",
      "categoryName": "Chicken Fried Rice",
      "slugs": [
        "non-veg",
        "rice",
        "services",
        "delivery-enabled",
        "delivery-enabled",
        "non-veg",
        "rice",
        "services",
        "non-veg"
      ]
    },
    {
      "name": "Chicken Khasa Fried Rice",
      "description": "",
      "media": null,
      "price": 0,
      "menuName": "Fried Rice and Noodles",
      "categoryName": "Chicken Fried Rice",
      "slugs": [
        "non-veg",
        "services",
        "delivery-enabled",
        "delivery-enabled",
        "non-veg",
        "services",
        "non-veg"
      ]
    },
    {
      "name": "Chicken Chhappar Rice",
      "description": "",
      "media": "https://b.zmtcdn.com/data/dish_photos/a9d/9d0698a7e0756a56a3e19988f0e29a9d.jpg",
      "price": 0,
      "menuName": "Fried Rice and Noodles",
      "categoryName": "Chicken Fried Rice",
      "slugs": [
        "non-veg",
        "restaurant-recommended",
        "services",
        "delivery-enabled",
        "delivery-enabled",
        "non-veg",
        "restaurant-recommended",
        "services",
        "non-veg"
      ]
    },
    {
      "name": "Chicken Singapuri Special Rice",
      "description": "",
      "media": null,
      "price": 0,
      "menuName": "Fried Rice and Noodles",
      "categoryName": "Chicken Fried Rice",
      "slugs": [
        "non-veg",
        "rice",
        "services",
        "delivery-enabled",
        "delivery-enabled",
        "non-veg",
        "rice",
        "services",
        "non-veg"
      ]
    },
    {
      "name": "Chicken Hong Kong Special Rice",
      "description": "",
      "media": null,
      "price": 0,
      "menuName": "Fried Rice and Noodles",
      "categoryName": "Chicken Fried Rice",
      "slugs": [
        "non-veg",
        "rice",
        "services",
        "delivery-enabled",
        "delivery-enabled",
        "non-veg",
        "rice",
        "services",
        "non-veg"
      ]
    },
    {
      "name": "Chicken Hungama Special Rice",
      "description": "",
      "media": null,
      "price": 0,
      "menuName": "Fried Rice and Noodles",
      "categoryName": "Chicken Fried Rice",
      "slugs": [
        "non-veg",
        "services",
        "delivery-enabled",
        "delivery-enabled",
        "non-veg",
        "services",
        "non-veg"
      ]
    },
    {
      "name": "V M Special Rice",
      "description": "",
      "media": null,
      "price": 0,
      "menuName": "Fried Rice and Noodles",
      "categoryName": "Chicken Fried Rice",
      "slugs": [
        "non-veg",
        "chef-special",
        "services",
        "delivery-enabled",
        "delivery-enabled",
        "non-veg",
        "chef-special",
        "services",
        "non-veg"
      ]
    },
    {
      "name": "Family Chicken Tikka Rice",
      "description": "",
      "media": null,
      "price": 0,
      "menuName": "Fried Rice and Noodles",
      "categoryName": "Chicken Fried Rice",
      "slugs": [
        "non-veg",
        "healthy",
        "combo-item",
        "services",
        "delivery-enabled",
        "delivery-enabled",
        "non-veg",
        "healthy",
        "combo-item",
        "services",
        "non-veg"
      ]
    },
    {
      "name": "Chicken Pizza Rice",
      "description": "",
      "media": null,
      "price": 0,
      "menuName": "Fried Rice and Noodles",
      "categoryName": "Chicken Fried Rice",
      "slugs": [
        "non-veg",
        "restaurant-recommended",
        "services",
        "delivery-enabled",
        "delivery-enabled",
        "non-veg",
        "restaurant-recommended",
        "services",
        "non-veg"
      ]
    },
    {
      "name": "Traffic Jam Chicken Rice",
      "description": "",
      "media": null,
      "price": 0,
      "menuName": "Fried Rice and Noodles",
      "categoryName": "Chicken Fried Rice",
      "slugs": [
        "non-veg",
        "services",
        "delivery-enabled",
        "delivery-enabled",
        "non-veg",
        "services",
        "non-veg"
      ]
    },
    {
      "name": "Special Chinese Biryani",
      "description": "",
      "media": null,
      "price": 0,
      "menuName": "Fried Rice and Noodles",
      "categoryName": "Chicken Fried Rice",
      "slugs": [
        "non-veg",
        "services",
        "delivery-enabled",
        "delivery-enabled",
        "non-veg",
        "services",
        "non-veg"
      ]
    },
    {
      "name": "Chicken Masala rice",
      "description": "",
      "media": "https://b.zmtcdn.com/data/dish_photos/53f/05cfe7aa1623875a71b2a24ce16e953f.png",
      "price": 0,
      "menuName": "Fried Rice and Noodles",
      "categoryName": "Chicken Fried Rice",
      "slugs": [
        "non-veg",
        "restaurant-recommended",
        "services",
        "delivery-enabled",
        "delivery-enabled",
        "non-veg",
        "restaurant-recommended",
        "services",
        "non-veg"
      ]
    },
    {
      "name": "Veg Bhel",
      "description": "Mixture of Fresh Rice, Steam Noodles, Fried\nNoodles, Cut Manchurian balls tossed with\ncabbage, bell peppers, carrots, Garlic & Ginger.\nTaste medium spicy",
      "media": null,
      "price": 0,
      "menuName": "Fried Rice and Noodles",
      "categoryName": "Veg Noodles",
      "slugs": [
        "veg",
        "restaurant-recommended",
        "services",
        "sf-spicy",
        "delivery-enabled",
        "delivery-enabled",
        "veg",
        "restaurant-recommended",
        "services",
        "sf-spicy",
        "veg"
      ]
    },
    {
      "name": "Veg Hakka Noodles",
      "description": "Boiled hakka noodles and assorted veggies\ntossed with a blend of asian sauces and spices",
      "media": null,
      "price": 0,
      "menuName": "Fried Rice and Noodles",
      "categoryName": "Veg Noodles",
      "slugs": [
        "veg",
        "restaurant-recommended",
        "noodle",
        "services",
        "delivery-enabled",
        "delivery-enabled",
        "veg",
        "restaurant-recommended",
        "noodle",
        "services",
        "veg"
      ]
    },
    {
      "name": "Veg Schezwan Noodles",
      "description": "Noodles tossed with\nfinely diced vegetables &\nSchezwan sauce",
      "media": null,
      "price": 0,
      "menuName": "Fried Rice and Noodles",
      "categoryName": "Veg Noodles",
      "slugs": [
        "veg",
        "services",
        "sf-spicy",
        "delivery-enabled",
        "delivery-enabled",
        "veg",
        "services",
        "sf-spicy",
        "veg"
      ]
    },
    {
      "name": "VM Special Veg Noodles",
      "description": "",
      "media": null,
      "price": 0,
      "menuName": "Fried Rice and Noodles",
      "categoryName": "Veg Noodles",
      "slugs": [
        "veg",
        "chef-special",
        "services",
        "delivery-enabled",
        "delivery-enabled",
        "veg",
        "chef-special",
        "services",
        "veg"
      ]
    },
    {
      "name": "Veg. Singapuri Noodles",
      "description": "A deliciously aromatic and flavorful singapore\nstyle dish made from perfectly cooked noodles\nand stir-fried vegetables",
      "media": null,
      "price": 0,
      "menuName": "Fried Rice and Noodles",
      "categoryName": "Veg Noodles",
      "slugs": [
        "veg",
        "services",
        "delivery-enabled",
        "delivery-enabled",
        "veg",
        "services",
        "veg"
      ]
    },
    {
      "name": "Veg. Hong Kong Noodles",
      "description": "",
      "media": null,
      "price": 0,
      "menuName": "Fried Rice and Noodles",
      "categoryName": "Veg Noodles",
      "slugs": [
        "veg",
        "noodle",
        "services",
        "delivery-enabled",
        "delivery-enabled",
        "veg",
        "noodle",
        "services",
        "veg"
      ]
    },
    {
      "name": "Veg Bombay Bhel",
      "description": "",
      "media": null,
      "price": 0,
      "menuName": "Fried Rice and Noodles",
      "categoryName": "Veg Noodles",
      "slugs": [
        "veg",
        "restaurant-recommended",
        "services",
        "delivery-enabled",
        "delivery-enabled",
        "veg",
        "restaurant-recommended",
        "services",
        "veg"
      ]
    },
    {
      "name": "Veg. Mongolian Noodles",
      "description": "",
      "media": null,
      "price": 0,
      "menuName": "Fried Rice and Noodles",
      "categoryName": "Veg Noodles",
      "slugs": [
        "veg",
        "services",
        "delivery-enabled",
        "delivery-enabled",
        "veg",
        "services",
        "veg"
      ]
    },
    {
      "name": "Veg. Pizza Noodles",
      "description": "",
      "media": null,
      "price": 0,
      "menuName": "Fried Rice and Noodles",
      "categoryName": "Veg Noodles",
      "slugs": [
        "veg",
        "services",
        "delivery-enabled",
        "delivery-enabled",
        "veg",
        "services",
        "veg"
      ]
    },
    {
      "name": "Chicken Hakka Noodles",
      "description": "",
      "media": null,
      "price": 0,
      "menuName": "Fried Rice and Noodles",
      "categoryName": "Chicken Noodles",
      "slugs": [
        "non-veg",
        "services",
        "delivery-enabled",
        "delivery-enabled",
        "non-veg",
        "services",
        "non-veg"
      ]
    },
    {
      "name": "Chicken Schezwan Noodles",
      "description": "",
      "media": null,
      "price": 0,
      "menuName": "Fried Rice and Noodles",
      "categoryName": "Chicken Noodles",
      "slugs": [
        "non-veg",
        "services",
        "sf-spicy",
        "delivery-enabled",
        "delivery-enabled",
        "non-veg",
        "services",
        "sf-spicy",
        "non-veg"
      ]
    },
    {
      "name": "Chicken Hong Kong Noodles",
      "description": "",
      "media": null,
      "price": 0,
      "menuName": "Fried Rice and Noodles",
      "categoryName": "Chicken Noodles",
      "slugs": [
        "non-veg",
        "noodle",
        "services",
        "delivery-enabled",
        "delivery-enabled",
        "non-veg",
        "noodle",
        "services",
        "non-veg"
      ]
    },
    {
      "name": "Chicken Singapuri Noodles",
      "description": "",
      "media": null,
      "price": 0,
      "menuName": "Fried Rice and Noodles",
      "categoryName": "Chicken Noodles",
      "slugs": [
        "non-veg",
        "services",
        "delivery-enabled",
        "delivery-enabled",
        "non-veg",
        "services",
        "non-veg"
      ]
    },
    {
      "name": "Chicken Bombay Bhel",
      "description": "",
      "media": null,
      "price": 0,
      "menuName": "Fried Rice and Noodles",
      "categoryName": "Chicken Noodles",
      "slugs": [
        "non-veg",
        "bestseller-dinner",
        "services",
        "delivery-enabled",
        "delivery-enabled",
        "non-veg",
        "bestseller-dinner",
        "services",
        "non-veg"
      ]
    },
    {
      "name": "Chicken Chhappar Noodles",
      "description": "",
      "media": null,
      "price": 0,
      "menuName": "Fried Rice and Noodles",
      "categoryName": "Chicken Noodles",
      "slugs": [
        "non-veg",
        "services",
        "delivery-enabled",
        "delivery-enabled",
        "non-veg",
        "services",
        "non-veg"
      ]
    },
    {
      "name": "VM Special Chicken Noodles",
      "description": "",
      "media": null,
      "price": 0,
      "menuName": "Fried Rice and Noodles",
      "categoryName": "Chicken Noodles",
      "slugs": [
        "non-veg",
        "chef-special",
        "services",
        "delivery-enabled",
        "delivery-enabled",
        "non-veg",
        "chef-special",
        "services",
        "non-veg"
      ]
    }
  ]
}