{
  "basicInfo": {
    "name": "William John's Pizza",
    "cuisine_string": "Fast Food, Pizza",
    "canonicalUrl": "https://www.zomato.com/surat/william-johns-pizza-pal-gam/order"
  },
  "ratings": {
    "DINING": {
      "rating_type": "DINING",
      "rating": "3.0",
      "reviewCount": "6",
      "reviewTextSmall": "6 Reviews",
      "subtext": "6 Dining Reviews",
      "color": "#1C1C1C",
      "ratingV2": "3.0",
      "subtitle": "DINING",
      "sideSubTitle": "Dining Ratings",
      "bgColorV2": {
        "type": "green",
        "tint": "500"
      },
      "newOnDining": false
    },
    "DELIVERY": {
      "rating_type": "DELIVERY",
      "rating": "3.7",
      "reviewCount": "22",
      "reviewTextSmall": "22 Reviews",
      "subtext": "22 Delivery Reviews",
      "color": "#E23744",
      "ratingV2": "3.7",
      "subtitle": "DELIVERY",
      "sideSubTitle": "Delivery Ratings",
      "bgColorV2": {
        "type": "green",
        "tint": "600"
      },
      "newOnDelivery": false
    }
  },
  "establishment": {
    "city_id": 38,
    "city_name": "Surat",
    "country_id": 1,
    "country_name": "India",
    "zipcode": "395017",
    "is_dark_kitchen": false,
    "locality_verbose": "Pal Gam, Surat",
    "latitude": "21.1897721413",
    "longitude": "72.7792511880",
    "static_map_url": "https://maps.zomato.com/php/staticmap?center=21.1897721413,72.7792511880&maptype=zomato&markers=21.1897721413,72.7792511880,pin_res32&sensor=false&scale=2&zoom=16&language=en&size=240x150&size=400x240",
    "address": "101-105, La Victoria, Galaxy Circle, Pal Gam, Surat",
    "is_phone_available": 1,
    "phoneDetails": {
      "title": "Phone Numbers",
      "phoneStr": "+918866494679"
    },
    "res_chain_text": "See all 3 William John's Pizza outlets in Surat",
    "res_group_text": "",
    "res_chain_url": "https://www.zomato.com/surat/restaurants/william-johns-pizza",
    "res_group_url": "",
    "show_res_map": true
  },
  "items": [
    {
      "name": "Pav Bhaji Pizza",
      "description": "A Bombay Gujaratis Dream Of Chatpata Veg Bhaji With A Double Decker Pizza Pavdripping With Butter Spiced Up With Masala & Onions.",
      "media": null,
      "price": 0,
      "menuName": "Chef's Signature",
      "categoryName": "",
      "slugs": [
        "veg",
        "services",
        "sf-spicy",
        "sf-not-vegan",
        "delivery-enabled",
        "delivery-enabled",
        "veg",
        "services",
        "sf-spicy",
        "sf-not-vegan",
        "veg"
      ]
    },
    {
      "name": "French Fries",
      "description": "",
      "media": null,
      "price": 75,
      "menuName": "Side Order",
      "categoryName": "",
      "slugs": [
        "veg",
        "services",
        "delivery-enabled",
        "delivery-enabled",
        "veg",
        "services",
        "veg"
      ]
    },
    {
      "name": "Garlic Bread",
      "description": "",
      "media": null,
      "price": 55,
      "menuName": "Side Order",
      "categoryName": "",
      "slugs": [
        "veg",
        "services",
        "delivery-enabled",
        "delivery-enabled",
        "veg",
        "services",
        "veg"
      ]
    },
    {
      "name": "Garlic Bread N Cheese",
      "description": "",
      "media": null,
      "price": 75,
      "menuName": "Side Order",
      "categoryName": "",
      "slugs": [
        "veg",
        "services",
        "sf-not-vegan",
        "delivery-enabled",
        "delivery-enabled",
        "veg",
        "services",
        "sf-not-vegan",
        "veg"
      ]
    },
    {
      "name": "Jain Bread",
      "description": "",
      "media": null,
      "price": 55,
      "menuName": "Side Order",
      "categoryName": "",
      "slugs": [
        "veg",
        "services",
        "sf-no-onion",
        "sf-no-garlic",
        "delivery-enabled",
        "delivery-enabled",
        "veg",
        "services",
        "sf-no-onion",
        "sf-no-garlic",
        "veg"
      ]
    },
    {
      "name": "Jain Bread N Cheese",
      "description": "",
      "media": null,
      "price": 75,
      "menuName": "Side Order",
      "categoryName": "",
      "slugs": [
        "veg",
        "services",
        "sf-no-onion",
        "sf-no-garlic",
        "sf-not-vegan",
        "delivery-enabled",
        "delivery-enabled",
        "veg",
        "services",
        "sf-no-onion",
        "sf-no-garlic",
        "sf-not-vegan",
        "veg"
      ]
    },
    {
      "name": "Supreme Garlic Bread",
      "description": "",
      "media": null,
      "price": 90,
      "menuName": "Side Order",
      "categoryName": "",
      "slugs": [
        "veg",
        "services",
        "delivery-enabled",
        "delivery-enabled",
        "veg",
        "services",
        "veg"
      ]
    },
    {
      "name": "Supreme Jain Bread",
      "description": "",
      "media": null,
      "price": 90,
      "menuName": "Side Order",
      "categoryName": "",
      "slugs": [
        "veg",
        "services",
        "sf-no-onion",
        "sf-no-garlic",
        "delivery-enabled",
        "delivery-enabled",
        "veg",
        "services",
        "sf-no-onion",
        "sf-no-garlic",
        "veg"
      ]
    },
    {
      "name": "Couple Meal",
      "description": "1 Medium Veg Pizza+1 Portion Of Garlic Bread With Chesse+1 Salad Bowl [500Gm]+1 Brownie Piece+1 Coke [500 Ml]",
      "media": null,
      "price": 439,
      "menuName": "Meal",
      "categoryName": "",
      "slugs": [
        "veg",
        "services",
        "delivery-enabled",
        "delivery-enabled",
        "veg",
        "services",
        "veg"
      ]
    },
    {
      "name": "Crazy 4",
      "description": "",
      "media": null,
      "price": 399,
      "menuName": "Meal",
      "categoryName": "",
      "slugs": [
        "veg",
        "services",
        "delivery-enabled",
        "delivery-enabled",
        "veg",
        "services",
        "veg"
      ]
    },
    {
      "name": "Family Meal",
      "description": "1 Large Veg Pizza+2 Supreme Garlic Bread With Chesse+1 Salad Bowl+1 Portion French Fries+1 Coke [500 Ml]",
      "media": null,
      "price": 649,
      "menuName": "Meal",
      "categoryName": "",
      "slugs": [
        "veg",
        "services",
        "delivery-enabled",
        "delivery-enabled",
        "veg",
        "services",
        "veg"
      ]
    },
    {
      "name": "American Heat Pizza",
      "description": "Onion, Green Pepper, Baby Corn, Cheese And & Jalapeno",
      "media": null,
      "price": 0,
      "menuName": "American Veg Pizza",
      "categoryName": "",
      "slugs": [
        "veg",
        "services",
        "sf-kid-friendly",
        "sf-not-vegan",
        "delivery-enabled",
        "delivery-enabled",
        "veg",
        "services",
        "sf-kid-friendly",
        "sf-not-vegan",
        "veg"
      ]
    },
    {
      "name": "Cheese Blast Pizza",
      "description": "A Unique And Popular Pizza Which Has A Thick Crust With Yummy Liquid Cheese Inside",
      "media": null,
      "price": 0,
      "menuName": "American Veg Pizza",
      "categoryName": "",
      "slugs": [
        "veg",
        "services",
        "sf-kid-friendly",
        "sf-not-vegan",
        "delivery-enabled",
        "delivery-enabled",
        "veg",
        "services",
        "sf-kid-friendly",
        "sf-not-vegan",
        "veg"
      ]
    },
    {
      "name": "Hawaiian Hunt Pizza",
      "description": "Mushroom, Pineapple, Bbq Flamer, Cheese & Jalapeno",
      "media": null,
      "price": 0,
      "menuName": "American Veg Pizza",
      "categoryName": "",
      "slugs": [
        "veg",
        "services",
        "sf-kid-friendly",
        "sf-not-vegan",
        "delivery-enabled",
        "delivery-enabled",
        "veg",
        "services",
        "sf-kid-friendly",
        "sf-not-vegan",
        "veg"
      ]
    },
    {
      "name": "Margherita Pizza",
      "description": "Lots Of Cheese",
      "media": null,
      "price": 0,
      "menuName": "American Veg Pizza",
      "categoryName": "",
      "slugs": [
        "veg",
        "services",
        "sf-kid-friendly",
        "sf-not-vegan",
        "delivery-enabled",
        "delivery-enabled",
        "veg",
        "services",
        "sf-kid-friendly",
        "sf-not-vegan",
        "veg"
      ]
    },
    {
      "name": "Mexican Delight Pizza",
      "description": "Sweet Corn, Green Chilly, Cheese, Black Olives & Tomato",
      "media": null,
      "price": 0,
      "menuName": "American Veg Pizza",
      "categoryName": "",
      "slugs": [
        "veg",
        "services",
        "sf-kid-friendly",
        "sf-not-vegan",
        "delivery-enabled",
        "delivery-enabled",
        "veg",
        "services",
        "sf-kid-friendly",
        "sf-not-vegan",
        "veg"
      ]
    },
    {
      "name": "Spicy Treat Pizza",
      "description": "Green Pepper, Spicy Paneer, Cheese, Olives & Jalapeno",
      "media": null,
      "price": 0,
      "menuName": "American Veg Pizza",
      "categoryName": "",
      "slugs": [
        "veg",
        "services",
        "sf-spicy",
        "sf-not-vegan",
        "delivery-enabled",
        "delivery-enabled",
        "veg",
        "services",
        "sf-spicy",
        "sf-not-vegan",
        "veg"
      ]
    },
    {
      "name": "Vegetarian Bite",
      "description": "Onion, Green Pepper, Cheese & Tomato",
      "media": null,
      "price": 0,
      "menuName": "American Veg Pizza",
      "categoryName": "",
      "slugs": [
        "veg",
        "services",
        "sf-kid-friendly",
        "sf-not-vegan",
        "delivery-enabled",
        "delivery-enabled",
        "veg",
        "services",
        "sf-kid-friendly",
        "sf-not-vegan",
        "veg"
      ]
    },
    {
      "name": "William Johns Special Pizza",
      "description": "Onion, Green Pepper, Mushroom, Panne.,Sweet Corn, Cheese, Tomato & Black Olives",
      "media": null,
      "price": 0,
      "menuName": "American Veg Pizza",
      "categoryName": "",
      "slugs": [
        "veg",
        "services",
        "sf-kid-friendly",
        "sf-not-vegan",
        "delivery-enabled",
        "delivery-enabled",
        "veg",
        "services",
        "sf-kid-friendly",
        "sf-not-vegan",
        "veg"
      ]
    },
    {
      "name": "Amratsari Tandoori Paneer Pizza",
      "description": "Onion, Green Pepper, Tandoori Dames,Cheese & Tomato",
      "media": null,
      "price": 0,
      "menuName": "Desi Veg Pizza",
      "categoryName": "",
      "slugs": [
        "veg",
        "services",
        "sf-kid-friendly",
        "sf-not-vegan",
        "delivery-enabled",
        "delivery-enabled",
        "veg",
        "services",
        "sf-kid-friendly",
        "sf-not-vegan",
        "veg"
      ]
    },
    {
      "name": "Balle Balle Pizza",
      "description": "Onion, Tandoori Paneer, Chilly, Cheese & Coriander",
      "media": null,
      "price": 0,
      "menuName": "Desi Veg Pizza",
      "categoryName": "",
      "slugs": [
        "veg",
        "services",
        "sf-kid-friendly",
        "sf-not-vegan",
        "delivery-enabled",
        "delivery-enabled",
        "veg",
        "services",
        "sf-kid-friendly",
        "sf-not-vegan",
        "veg"
      ]
    },
    {
      "name": "Chatpata Paneer Pizza",
      "description": "Sweet Corn, Chatpata Paneer, Cheese,Tomato & Coriander",
      "media": null,
      "price": 0,
      "menuName": "Desi Veg Pizza",
      "categoryName": "",
      "slugs": [
        "veg",
        "services",
        "sf-kid-friendly",
        "sf-not-vegan",
        "delivery-enabled",
        "delivery-enabled",
        "veg",
        "services",
        "sf-kid-friendly",
        "sf-not-vegan",
        "veg"
      ]
    },
    {
      "name": "Double Layer Pizza",
      "description": "Onion, Green Chilly, Capsicum, Cheese & Tomato",
      "media": null,
      "price": 0,
      "menuName": "Desi Veg Pizza",
      "categoryName": "",
      "slugs": [
        "veg",
        "services",
        "sf-kid-friendly",
        "sf-not-vegan",
        "delivery-enabled",
        "delivery-enabled",
        "veg",
        "services",
        "sf-kid-friendly",
        "sf-not-vegan",
        "veg"
      ]
    },
    {
      "name": "Gujarati Treat Pizza",
      "description": "Green Chilly, Green Pepper, Garlic, Onion, Green Peas Masala, Cheese, Tomato & Coriander",
      "media": null,
      "price": 0,
      "menuName": "Desi Veg Pizza",
      "categoryName": "",
      "slugs": [
        "veg",
        "services",
        "sf-kid-friendly",
        "sf-not-vegan",
        "delivery-enabled",
        "delivery-enabled",
        "veg",
        "services",
        "sf-kid-friendly",
        "sf-not-vegan",
        "veg"
      ]
    },
    {
      "name": "Paneer Bhurji Pizza",
      "description": "Onion, Chilly, Chopped Paneer, Cheese,Tomato & Coriander",
      "media": null,
      "price": 0,
      "menuName": "Desi Veg Pizza",
      "categoryName": "",
      "slugs": [
        "veg",
        "services",
        "sf-kid-friendly",
        "sf-not-vegan",
        "delivery-enabled",
        "delivery-enabled",
        "veg",
        "services",
        "sf-kid-friendly",
        "sf-not-vegan",
        "veg"
      ]
    },
    {
      "name": "Yummy Dummy Pizza",
      "description": "Spinach, Mint Leaf, Onion, Garlic, Green Chilly, Spicy Paneer & Cheese",
      "media": null,
      "price": 0,
      "menuName": "Desi Veg Pizza",
      "categoryName": "",
      "slugs": [
        "veg",
        "services",
        "sf-spicy",
        "sf-not-vegan",
        "delivery-enabled",
        "delivery-enabled",
        "veg",
        "services",
        "sf-spicy",
        "sf-not-vegan",
        "veg"
      ]
    },
    {
      "name": "Brownie",
      "description": "",
      "media": null,
      "price": 70,
      "menuName": "Brownie",
      "categoryName": "",
      "slugs": [
        "veg",
        "services",
        "sf-no-onion",
        "sf-no-garlic",
        "sf-kid-friendly",
        "delivery-enabled",
        "delivery-enabled",
        "veg",
        "services",
        "sf-no-onion",
        "sf-no-garlic",
        "sf-kid-friendly",
        "veg"
      ]
    },
    {
      "name": "Hot Pasta [White And Red]",
      "description": "",
      "media": null,
      "price": 105,
      "menuName": "Starters",
      "categoryName": "",
      "slugs": [
        "veg",
        "services",
        "delivery-enabled",
        "delivery-enabled",
        "veg",
        "services",
        "veg"
      ]
    },
    {
      "name": "Mix Salad Bowl",
      "description": "",
      "media": null,
      "price": 105,
      "menuName": "Starters",
      "categoryName": "",
      "slugs": [
        "veg",
        "services",
        "value-meal",
        "delivery-enabled",
        "delivery-enabled",
        "veg",
        "services",
        "value-meal",
        "veg"
      ]
    },
    {
      "name": "Salad Of The Day",
      "description": "",
      "media": null,
      "price": 95,
      "menuName": "Starters",
      "categoryName": "",
      "slugs": [
        "veg",
        "services",
        "delivery-enabled",
        "delivery-enabled",
        "veg",
        "services",
        "veg"
      ]
    },
    {
      "name": "Soup Of The Day",
      "description": "",
      "media": null,
      "price": 45,
      "menuName": "Starters",
      "categoryName": "",
      "slugs": [
        "veg",
        "services",
        "delivery-enabled",
        "delivery-enabled",
        "veg",
        "services",
        "veg"
      ]
    },
    {
      "name": "Prefix Pizzas",
      "description": "2 Regular 7 Inch Single Topping Pizza",
      "media": null,
      "price": 199,
      "menuName": "Prefix Pizzas",
      "categoryName": "",
      "slugs": [
        "veg",
        "services",
        "sf-kid-friendly",
        "delivery-enabled",
        "delivery-enabled",
        "veg",
        "services",
        "sf-kid-friendly",
        "veg"
      ]
    }
  ]
}